url_count,suspicious_keyword_count,sender_suspicious,body_length,label
1,0,0,273,1
1,0,0,82,1
24,0,0,3918,1
652,2,0,24418,0
1,0,0,175,1
0,0,0,93,1
0,0,0,115,1
24,0,0,3918,1
1,0,0,450,0
24,0,0,3918,1
2,1,0,497,1
1,0,0,386,1
24,0,0,3918,1
24,0,0,3896,1
1,0,0,673,1
3,0,0,2040,0
24,0,0,3896,1
24,0,0,3897,1
11,1,0,10830,0
10,3,0,13442,0
4,0,0,1204,0
0,0,0,4161,0
1,0,0,865,0
1,4,0,1845,0
0,0,0,425,0
0,0,0,68,1
1,0,0,96,1
0,5,0,3154,0
1,0,0,65,1
0,0,0,567,1
24,0,0,4226,1
0,0,0,267,1
1,1,0,341,1
0,0,0,2102,0
1,0,0,887,0
24,0,0,3894,1
1,0,0,82,1
0,1,0,174,1
1,0,0,969,0
1,0,0,297,1
0,0,0,279,1
24,0,0,3918,1
0,0,0,438,1
3,0,0,1521,0
1,0,0,778,0
0,9,0,2346,0
1,0,0,97,1
0,0,0,3018,0
24,0,0,3892,1
24,0,0,3918,1
4,1,0,1784,0
0,0,0,799,0
0,0,0,938,0
1,0,0,860,0
3,0,0,1209,0
3,0,0,1764,0
29,1,0,12338,0
3,0,0,2341,0
0,0,0,67,1
4,0,0,1689,0
0,0,0,765,0
1,0,0,321,1
0,0,0,214,1
2,0,0,1126,0
1,0,0,272,1
2,0,0,1470,0
0,0,0,57,1
24,0,0,3918,1
0,0,0,319,1
24,0,0,3918,1
24,0,0,3918,1
1,2,0,476,1
1,0,0,183,1
4,3,0,6468,0
1,0,0,163,1
24,0,0,3918,1
1,0,0,307,1
2,0,0,1174,0
1,0,0,155,1
24,0,0,3918,1
1,0,0,150,1
1,0,0,154,1
0,0,0,276,1
0,1,0,975,0
1,0,0,258,1
24,0,0,3918,1
1,1,0,290,1
1,0,0,104,1
0,0,0,489,0
0,0,0,218,1
24,0,0,3918,1
0,0,0,4682,0
5,3,0,7236,0
2,0,0,868,0
24,0,0,3894,1
2,0,0,651,0
3,0,0,1266,0
2,0,0,1299,0
0,3,0,1110,0
0,0,0,71,0
1,0,0,170,1
11,2,0,13142,0
0,1,0,789,1
2,1,0,494,1
24,0,0,3918,1
24,0,0,3918,1
1,0,0,67,1
0,0,0,225,1
1,0,0,383,1
13,6,0,4246,0
24,0,0,3918,1
0,1,0,147,1
24,0,0,3891,1
1,0,0,320,1
24,0,0,3918,1
3,0,0,1201,0
1,0,0,430,1
1,0,0,302,1
2,0,0,535,0
0,0,0,2341,0
24,0,0,3918,1
4,0,0,609,0
0,0,0,682,0
1,0,0,871,0
3,0,0,426,0
0,0,0,588,0
0,3,0,972,0
0,0,0,608,0
0,0,0,125,1
24,0,0,3918,1
1,0,0,87,1
5,0,0,1963,0
1,0,0,67,1
24,0,0,3918,1
1,0,0,149,1
24,0,0,3918,1
4,2,0,12112,0
1,0,0,117,1
1,0,0,93,1
3,0,0,501,1
3,0,0,493,1
1,0,0,238,1
24,0,0,3918,1
1,2,0,13883,0
12,0,0,3273,0
10,2,0,3198,0
0,0,0,850,0
1,0,0,323,0
0,1,0,2392,0
1,0,0,434,0
0,3,0,4514,0
1,0,0,90,1
3,3,0,3551,0
1,8,0,46219,0
0,1,0,155,1
1,2,0,469,1
24,0,0,3894,1
24,0,0,3893,1
24,0,0,3918,1
0,0,0,88,1
0,0,0,92,1
2,0,0,1085,0
3,0,0,640,0
0,0,0,929,0
5,0,0,847,0
0,2,0,1785,1
2,1,0,2044,0
2,0,0,13529,0
1,6,0,47712,0
0,0,0,958,0
1,0,0,127,1
5,3,0,3338,0
24,0,0,3918,1
24,0,0,3918,1
1,0,0,398,1
1,0,0,308,1
1,0,0,249,1
1,0,0,149,1
1,0,0,173,1
0,0,0,299,1
1,5,0,51321,0
24,0,0,3918,1
1,0,0,97,1
1,2,0,13953,0
24,0,0,3918,1
0,0,0,815,0
0,0,0,375,0
1,1,0,476,0
1,1,0,323,0
2,0,0,2780,0
4,1,0,2807,0
14,1,0,14598,0
1,0,0,173,1
0,0,0,368,1
1,2,0,36631,0
1,0,0,331,1
24,0,0,3918,1
24,0,0,3918,1
0,0,0,4463,0
24,0,0,3918,1
24,0,0,3918,1
2,0,0,161,1
0,2,0,3483,0
1,0,0,122,1
1,0,0,105,1
2,0,0,649,1
1,0,0,125,1
2,0,0,2742,0
0,4,0,8128,0
8,6,0,8183,0
2,0,0,1654,0
4,0,0,9651,0
1,2,0,26295,0
4,9,0,1366,0
24,0,0,3892,1
86,0,0,16932,0
1,0,0,110,1
1,0,0,1860,0
24,0,0,3918,1
24,0,0,3918,1
2,0,0,4595,0
24,0,0,3918,1
24,0,0,3918,1
24,0,0,3893,1
24,0,0,3918,1
24,0,0,3918,1
4,0,0,1207,0
1,0,0,84,1
24,0,0,3918,1
0,0,0,200,1
4,0,0,1961,0
1,0,0,298,1
24,0,0,3918,1
24,0,0,3918,1
0,11,0,1514,0
24,0,0,3918,1
1,0,0,3148,0
24,0,0,3892,1
1,2,0,33228,0
24,0,0,3891,1
24,0,0,3894,1
5,1,0,2415,0
14,3,0,3948,0
1,0,0,937,0
0,0,0,187,0
8,0,0,4372,0
24,0,0,3895,1
0,1,0,838,0
24,0,0,3895,1
24,0,0,3895,1
24,0,0,3895,1
1,4,0,25011,0
24,0,0,3918,1
1,0,0,280,1
24,0,0,3918,1
0,0,0,188,0
24,0,0,3918,1
24,0,0,3918,1
24,0,0,3906,1
24,0,0,3894,1
24,0,0,3895,1
24,0,0,3894,1
1,0,0,345,1
24,0,0,3895,1
24,0,0,3895,1
24,0,0,3918,1
24,0,0,3918,1
1,0,0,285,1
0,0,0,187,0
0,0,0,994,0
0,0,0,1148,0
0,0,0,744,0
121,124,0,28723,0
0,0,0,183,0
1,0,0,289,1
1,0,0,338,1
24,0,0,3918,1
24,0,0,3895,1
24,0,0,3895,1
24,0,0,3895,1
0,0,0,239,1
24,0,0,3895,1
0,0,0,95,1
24,0,0,3918,1
0,0,0,726,0
1,0,0,73,1
24,0,0,3918,1
1,0,0,96,1
0,0,0,1280,0
0,0,0,69,1
1,0,0,114,1
1,0,0,70,1
2,0,0,167,1
23,1,0,3696,0
0,0,0,1669,0
24,0,0,3895,1
24,0,0,3889,1
24,0,0,3895,1
1,10,0,41412,0
0,0,0,1017,0
0,0,0,466,0
5,2,0,5838,0
24,0,0,3895,1
24,0,0,3893,1
1,1,0,836,0
24,0,0,3895,1
24,0,0,3918,1
24,0,0,3892,1
4,0,0,3462,0
1,0,0,201,1
24,0,0,3918,1
0,0,0,61,1
3,0,0,654,0
1,0,0,266,1
0,0,0,287,1
1,0,0,113,1
0,7,0,2134,0
1,0,0,72,1
24,0,0,3895,1
24,0,0,3895,1
1,0,0,345,1
24,0,0,3894,1
24,0,0,3895,1
0,1,0,1234,0
24,0,0,3895,1
0,9,0,2901,0
2,0,0,1256,0
0,3,0,648,0
0,0,0,580,0
3,1,0,879,0
2,0,0,1312,0
24,0,0,3895,1
24,0,0,3895,1
24,0,0,3895,1
24,0,0,3895,1
0,0,0,1334,0
24,0,0,3895,1
1,1,0,487,0
1,0,0,160,1
0,0,0,285,1
0,0,0,120,1
1,0,0,961,0
1,0,0,181,1
1,0,0,68,1
24,0,0,3918,1
0,0,0,256,1
1,0,0,78,1
2,0,0,1069,0
24,0,0,3895,1
1,0,0,283,1
1,0,0,645,1
24,0,0,3894,1
1,0,0,173,1
24,0,0,3891,1
0,0,0,342,0
1,0,0,385,1
2,0,0,378,0
2,0,0,143,1
0,0,0,983,0
0,2,0,2858,0
2,1,0,1035,0
24,0,0,3894,1
36,5,0,5439,0
24,0,0,3895,1
1,1,0,4600,0
2,0,0,2144,0
1,1,0,1300,0
1,1,0,208,1
24,0,0,3894,1
24,0,0,3895,1
24,0,0,3918,1
24,0,0,3895,1
0,0,0,73,1
30,0,0,12234,0
24,0,0,3918,1
2,0,0,198,1
24,0,0,3918,1
1,5,0,3094,0
0,0,0,32,1
24,0,0,3918,1
24,0,0,3918,1
1,0,0,93,1
4,5,0,2494,0
1,0,0,123,1
1,0,0,71,1
24,0,0,3918,1
1,0,0,282,1
24,0,0,3895,1
1,0,0,722,0
24,0,0,3892,1
0,0,0,51,1
4,2,0,2373,0
1,0,0,369,0
0,0,0,796,0
0,0,0,554,0
1,1,0,2886,0
1,1,0,1249,0
24,0,0,3895,1
24,0,0,3894,1
0,0,0,632,0
1,1,0,4020,0
24,0,0,3918,1
24,0,0,3918,1
0,0,0,205,1
1,0,0,661,0
0,0,0,1057,0
2,0,0,159,1
1,0,0,75,1
0,0,0,214,1
24,0,0,3895,1
24,0,0,3918,1
1,0,0,412,0
1,0,0,108,1
8,0,0,3256,0
24,0,0,3918,1
0,1,0,1749,0
1,0,0,91,1
24,0,0,3918,1
0,0,0,95,1
0,0,0,878,0
1,0,0,164,1
2,0,0,200,1
0,2,0,1535,0
1,0,0,71,1
1,0,0,98,1
1,1,0,12084,0
2,0,0,182,1
2,0,0,1825,0
0,0,0,399,0
1,0,0,371,0
1,0,0,824,0
1,0,0,168,1
24,0,0,3895,1
1,2,0,4051,0
3,5,0,6647,0
7,3,0,1626,0
1,0,0,1002,0
24,0,0,3895,1
24,0,0,3887,1
1,32,1,5329,0
2,0,0,182,1
1,0,0,94,1
3,0,0,694,0
2,0,0,185,1
2,0,0,141,1
1,0,0,173,1
53,1,0,9466,0
1,0,0,313,1
1,0,0,98,1
0,0,0,436,1
1,0,0,66,1
0,0,0,268,1
1,0,0,405,1
1,0,0,308,1
24,0,0,3894,1
1,0,0,66,1
24,0,0,3895,1
0,0,0,272,1
1,0,0,64,1
15,3,0,4909,0
0,0,0,268,1
1,0,0,277,1
0,0,0,450,1
1,1,0,507,1
1,0,0,443,0
1,0,0,191,1
1,0,0,222,1
1,0,0,224,1
1,0,0,93,1
0,0,0,226,0
1,0,0,111,1
24,0,0,3894,1
24,0,0,3918,1
24,0,0,3918,1
24,0,0,3918,1
0,0,0,50,1
2,0,0,144,1
24,0,0,3918,1
1,0,0,337,1
1,19,0,7102,0
0,0,0,43,1
1,0,0,234,1
15,1,0,7189,0
1,3,0,502,0
0,0,0,290,0
1,0,0,562,0
0,2,0,386,0
1,0,0,72,1
4,0,0,1149,0
0,0,0,187,0
2,0,0,1970,0
24,0,0,3895,1
1,0,0,197,1
1,0,0,131,1
1,0,0,140,1
2,0,0,170,1
24,0,0,3918,1
24,0,0,3918,1
24,0,0,3918,1
0,5,0,1089,0
1,0,0,189,1
2,0,0,163,1
2,1,0,5723,0
0,0,0,607,1
24,0,0,3918,1
0,2,0,3980,0
4,1,0,2596,0
1,0,0,404,1
0,2,0,607,0
0,0,0,471,0
0,5,0,1802,0
0,0,0,375,0
1,1,0,1755,0
1,0,0,1023,0
3,5,0,1134,0
0,1,0,1570,0
1,0,0,227,1
0,0,0,45,1
1,1,0,837,0
0,0,0,1205,0
1,0,0,269,1
1,1,0,200,1
24,0,0,3918,1
1,1,0,190,1
0,0,0,581,0
4,0,0,2317,0
24,0,0,3918,1
1,0,0,174,1
24,0,0,3918,1
1,0,0,62,1
1,0,0,564,0
1,0,0,472,1
1,0,0,218,1
24,0,0,3918,1
1,7,0,4427,0
2,2,0,2019,0
2,0,0,161,1
1,0,0,98,1
0,0,0,129,1
1,0,0,231,1
0,0,0,624,0
0,0,0,344,0
3,2,0,32821,0
0,0,0,150,0
1,0,0,952,0
1,1,0,1630,0
1,0,0,545,0
1,0,0,67,1
1,1,0,3230,0
0,0,0,129,1
1,0,0,120,1
0,0,0,1199,0
24,0,0,3918,1
24,0,0,3918,1
24,0,0,3918,1
1,0,0,152,1
1,1,0,443,0
1,1,0,192,1
5,2,0,9175,0
24,0,0,3918,1
1,0,0,83,1
1,0,0,124,1
2,1,0,6587,0
24,0,0,3918,1
24,0,0,3918,1
24,0,0,3918,1
1,1,0,978,0
1,0,0,94,1
24,0,0,3918,1
0,0,0,449,1
0,0,0,3373,0
3,0,0,4331,0
1,0,0,112,1
1,0,0,92,1
24,0,0,3918,1
1,0,0,171,1
2,0,0,2093,0
1,13,0,4739,0
1,1,0,442,0
11,5,0,7298,0
0,0,0,363,0
1,1,0,701,0
2,0,0,589,0
2,0,0,3167,0
1,0,0,544,1
1,1,0,3918,0
1,0,0,533,1
1,0,0,150,1
1,2,0,330,1
1,0,0,228,0
0,0,0,513,0
1,0,0,218,1
1,0,0,150,1
24,0,0,3918,1
1,0,0,86,1
0,0,0,851,0
1,0,0,67,1
24,0,0,3889,1
1,0,0,538,1
1,0,0,103,1
1,0,0,193,1
0,1,0,1177,0
24,0,0,3918,1
24,0,0,3918,1
24,0,0,3918,1
0,3,0,1348,1
1,0,0,93,1
0,0,0,1092,0
2,0,0,153,1
1,0,0,114,1
24,0,0,3890,1
0,0,0,393,0
11,1,0,4908,0
0,2,0,1058,0
2,1,0,879,0
1,1,0,1106,0
0,0,0,1589,0
0,1,0,3231,0
3,3,0,967,0
17,2,0,6515,0
0,11,0,1987,0
0,0,0,107,1
1,0,0,99,1
1,0,0,253,1
1,0,0,225,1
0,0,0,867,0
1,0,0,212,1
24,0,0,3918,1
0,1,0,2907,0
2,0,0,140,1
2,0,0,954,0
1,0,0,116,1
1,0,0,64,1
1,0,0,218,1
24,0,0,3918,1
1,0,0,172,1
24,0,0,3918,1
2,0,0,866,0
1,0,0,111,1
24,0,0,3918,1
24,0,0,3918,1
0,0,0,3310,0
1,0,0,153,1
1,0,0,341,0
1,0,0,643,1
1,0,0,115,1
2,0,0,1500,0
1,0,0,161,0
2,9,0,1059,0
0,0,0,750,0
1,1,0,1424,0
0,0,0,1071,0
1,1,0,459,0
1,0,0,154,1
24,0,0,3893,1
1,1,0,7388,0
24,0,0,3894,1
24,0,0,3918,1
1,1,0,870,0
1,1,0,1065,1
1,0,0,156,1
0,4,0,1206,0
24,0,0,3918,1
1,0,0,71,1
1,0,0,129,1
24,0,0,3918,1
3,1,0,3960,0
24,0,0,3895,1
24,0,0,3895,1
1,0,0,103,1
24,0,0,3891,1
24,0,0,3918,1
0,0,0,1360,0
2,0,0,171,1
0,0,0,170,1
0,0,0,302,0
1,1,0,2208,0
1,1,0,1915,0
0,0,0,979,0
1,1,0,1143,0
0,0,0,447,0
1,0,0,480,0
0,0,0,1843,0
24,0,0,3918,1
1,0,0,177,1
1,1,0,559,0
24,0,0,3895,1
24,0,0,3918,1
24,0,0,3895,1
24,0,0,3895,1
1,0,0,691,0
1,0,0,102,1
1,0,0,155,1
4,1,0,6226,0
1,0,0,575,1
1,0,0,173,1
2,1,0,1047,0
1,1,0,182,1
1,0,0,220,1
1,4,0,57732,0
1,0,0,208,1
24,0,0,3894,1
24,0,0,3918,1
24,0,0,3894,1
24,0,0,3895,1
0,9,0,9456,0
24,0,0,3905,1
24,0,0,3905,1
24,0,0,3895,1
24,0,0,3895,1
24,0,0,3895,1
24,0,0,3895,1
1,0,0,100,1
24,0,0,3918,1
2,0,0,172,1
1,0,0,72,1
7,1,0,8372,0
24,0,0,3894,1
24,0,0,3894,1
0,0,0,261,1
0,5,0,32888,0
1,0,0,317,0
24,0,0,3894,1
2,0,0,394,0
0,1,0,1957,0
24,0,0,3894,1
0,0,0,4600,0
1,1,0,2622,0
1,6,0,43434,0
2,0,0,422,1
0,0,0,51,1
1,0,0,332,1
1,0,0,1562,0
1,0,0,126,1
24,0,0,3918,1
1,0,0,179,1
24,0,0,3918,1
1,4,0,12931,0
24,0,0,3895,1
24,0,0,3918,1
24,0,0,3895,1
0,3,0,1504,1
24,0,0,3894,1
0,1,0,3110,0
0,0,0,438,1
24,0,0,3895,1
24,0,0,3918,1
10,1,0,5217,0
2,0,0,364,0
1,3,0,3241,0
1,0,0,1051,0
0,6,0,827,0
1,3,0,29448,0
24,0,0,3894,1
24,0,0,3894,1
1,3,0,970,0
24,0,0,3894,1
1,0,0,473,0
1,2,0,32711,0
1,0,0,152,1
24,0,0,3918,1
0,1,0,164,1
1,2,0,32434,0
1,0,0,112,1
1,0,0,207,1
1,0,0,103,1
24,0,0,3894,1
4,0,0,1237,0
24,0,0,3918,1
24,0,0,3895,1
24,0,0,3918,1
24,0,0,3894,1
1,0,0,31,1
1,0,0,180,1
24,0,0,3895,1
2,1,0,507,0
1,0,0,320,1
1,0,0,207,1
1,4,0,46313,0
1,0,0,112,1
24,0,0,3918,1
1,0,0,112,1
1,0,0,802,0
0,0,0,2751,0
0,0,0,1292,0
1,0,0,316,0
24,0,0,3895,1
24,0,0,3903,1
24,0,0,3894,1
0,1,0,2016,0
1,5,0,29201,0
0,3,0,5053,0
1,0,0,770,0
24,0,0,3918,1
1,0,0,287,1
24,0,0,3895,1
24,0,0,3918,1
24,0,0,3894,1
0,1,0,4374,0
24,0,0,3895,1
0,0,0,89,1
24,0,0,3895,1
0,0,0,129,1
1,0,0,225,1
1,0,0,478,1
1,1,0,4696,0
1,0,0,96,1
0,9,0,2019,0
0,0,0,2237,0
24,0,0,3918,1
1,1,0,956,1
24,0,0,3894,1
24,0,0,3918,1
2,0,0,325,0
1,0,0,575,0
1,0,0,1326,0
0,1,0,2390,0
1,1,0,1362,0
24,0,0,3895,1
2,1,0,6140,0
24,0,0,3895,1
1,0,0,653,0
0,3,0,1579,0
0,0,0,542,0
24,0,0,3894,1
0,0,0,516,0
1,0,0,198,1
0,0,0,381,0
1,0,0,243,1
0,0,0,330,1
24,0,0,3918,1
0,0,0,266,1
10,0,0,5310,0
1,2,0,442,0
24,0,0,3903,1
0,1,0,183,1
1,0,0,163,1
24,0,0,3896,1
1,0,0,144,1
2,1,0,6615,0
0,4,0,441,0
2,2,0,3295,0
1,0,0,714,0
1,0,0,1361,0
1,0,0,940,0
2,0,0,460,0
2,0,0,363,0
1,0,0,826,0
1,0,0,76,1
24,0,0,3918,1
1,2,0,933,0
1,1,0,2459,0
1,0,0,190,1
0,1,0,113,1
0,0,0,50,1
0,1,0,2576,0
1,0,0,110,1
0,0,0,275,1
2,1,0,6914,0
1,0,0,169,1
2,0,0,630,1
7,0,0,1410,0
24,0,0,3918,1
1,1,0,1841,0
2,0,0,355,0
0,2,0,4099,0
12,0,0,2485,0
0,0,0,276,0
1,3,0,43772,0
1,0,0,560,0
1,1,0,850,0
1,0,0,180,1
1,0,0,223,1
1,1,0,6108,0
24,0,0,3918,1
0,0,0,266,1
2,0,0,3141,0
1,0,0,307,1
1,0,0,224,1
0,1,0,1297,0
24,0,0,3918,1
3,1,0,4291,0
0,0,0,74,1
0,3,0,1348,1
0,0,0,78,1
0,0,0,230,1
1,0,0,574,1
4,0,0,3386,0
24,0,0,3918,1
1,0,0,316,1
1,0,0,188,1
0,3,0,1348,1
0,0,0,1883,0
0,0,0,832,0
0,0,0,3038,0
0,0,0,1683,0
1,3,0,50469,0
3,0,0,4517,0
0,0,0,1119,0
1,8,0,27795,0
10,0,0,4813,0
1,0,0,237,1
0,0,0,481,1
0,1,0,1145,0
24,0,0,3918,1
2,0,0,3338,0
0,0,0,83,1
2,0,0,995,0
1,0,0,1851,1
0,0,0,111,1
7,2,0,4531,0
2,0,0,183,1
1,0,0,104,1
2,0,0,4088,0
24,0,0,3918,1
24,0,0,3918,1
0,0,0,319,0
1,0,0,470,1
1,0,0,3917,0
1,0,0,68,1
0,3,0,998,0
0,2,0,2292,0
2,0,0,430,0
1,4,0,33862,0
0,1,0,2500,0
2,0,0,1708,0
2,2,0,1186,0
3,0,0,508,0
1,0,0,170,1
24,0,0,3918,1
0,0,0,252,1
1,4,0,6574,0
0,0,0,463,1
2,0,0,3825,0
1,0,0,202,1
24,0,0,3918,1
1,1,0,197,1
1,0,0,424,0
1,0,0,259,1
1,0,0,251,1
2,0,0,1538,0
0,0,0,717,0
1,0,0,213,1
0,0,0,77,1
1,0,0,176,1
24,0,0,3918,1
0,3,0,1348,1
0,0,0,3411,0
1,0,0,107,1
24,0,0,3918,1
0,0,0,343,1
1,0,0,744,0
0,2,0,784,0
0,0,0,518,0
24,0,0,3895,1
0,0,0,411,0
0,0,0,1197,0
1,1,0,3085,0
1,1,0,3266,0
24,0,0,3895,1
24,0,0,3895,1
24,0,0,3894,1
1,0,0,152,1
24,0,0,3894,1
0,0,0,92,1
0,0,0,713,0
24,0,0,3895,1
24,0,0,3894,1
24,0,0,3918,1
24,0,0,3895,1
24,0,0,3895,1
1,0,0,216,1
2,0,0,760,0
24,0,0,3918,1
1,0,0,216,1
1,0,0,454,1
0,0,0,199,1
0,0,0,290,0
0,0,0,260,1
1,0,0,169,1
24,0,0,3895,1
4,0,0,599,0
24,0,0,3894,1
24,0,0,3918,1
24,0,0,3895,1
24,0,0,3895,1
5,0,0,2004,0
1,0,0,477,1
1,2,0,761,0
0,0,0,446,1
0,1,0,314,1
1,0,0,397,1
0,0,0,439,1
3,6,0,6490,0
24,0,0,3918,1
24,0,0,3894,1
24,0,0,3895,1
0,0,0,528,0
1,0,0,647,1
1,0,0,259,1
0,3,0,1504,1
1,0,0,93,1
24,0,0,3895,1
24,0,0,3895,1
1,0,0,1296,0
1,0,0,200,1
1,0,0,262,1
1,20,0,46622,0
3,0,0,463,0
1,0,0,719,0
0,0,0,635,0
0,0,0,1502,0
1,0,0,1654,0
0,0,0,194,0
24,0,0,3895,1
0,0,0,328,0
24,0,0,3895,1
0,1,0,318,1
24,0,0,3895,1
24,0,0,3918,1
2,0,0,197,1
0,1,0,1498,0
24,0,0,3918,1
1,6,0,5269,0
24,0,0,3896,1
1,6,0,1446,0
1,0,0,162,1
24,0,0,3894,1
1,0,0,83,1
1,1,0,257,1
0,0,0,574,0
1,0,0,149,1
1,0,0,180,1
1,0,0,1206,0
1,0,0,203,1
1,0,0,558,1
1,3,0,7738,0
1,0,0,94,1
1,0,0,228,1
1,0,0,346,0
1,1,0,355,1
1,0,0,108,1
24,0,0,3895,1
1,0,0,170,1
2,0,0,159,1
1,0,0,174,1
1,9,0,52074,0
0,0,0,342,1
0,0,0,95,1
1,1,0,161,1
1,0,0,135,1
1,1,0,2412,0
3,4,0,7253,0
0,0,0,264,1
1,0,0,458,0
0,0,0,733,0
4,1,0,3695,0
0,1,0,331,0
24,0,0,3895,1
0,0,0,1262,0
1,1,0,3466,0
0,0,0,1144,0
0,0,0,1438,0
1,0,0,284,1
0,0,0,340,1
1,1,0,2112,0
24,0,0,3918,1
1,1,0,1751,0
1,0,0,244,1
1,3,0,13292,0
1,0,0,171,1
0,0,0,49,1
1,0,0,260,1
24,0,0,3895,1
1,0,0,339,1
24,0,0,3895,1
1,0,0,48,1
0,0,0,1513,0
1,0,0,641,1
0,0,0,820,0
1,1,0,3331,0
24,0,0,3895,1
1,0,0,160,1
0,0,0,92,1
24,0,0,3918,1
1,0,0,618,1
1,2,0,2121,0
1,0,0,307,1
0,1,0,310,1
1,0,0,132,1
1,0,0,209,1
1,0,0,119,1
0,0,0,586,0
24,0,0,3895,1
1,0,0,110,1
0,1,0,461,1
1,0,0,729,0
1,1,0,5338,0
24,0,0,3895,1
1,1,0,1373,0
2,5,0,2466,0
1,0,0,1216,0
0,0,0,48,0
0,0,0,1671,0
1,0,0,196,1
24,0,0,3918,1
24,0,0,3918,1
1,0,0,221,1
0,4,0,1487,0
1,1,0,258,1
24,0,0,3895,1
24,0,0,3894,1
6,0,0,1399,0
1,0,0,197,1
0,0,0,1644,0
24,0,0,3918,1
1,1,0,411,0
1,0,0,167,1
1,0,0,208,1
1,1,0,2507,0
24,0,0,3918,1
1,0,0,102,1
1,0,0,150,1
24,0,0,3918,1
1,0,0,404,0
1,0,0,107,1
2,0,0,1552,0
1,0,0,181,1
1,0,0,194,1
24,0,0,3895,1
1,0,0,109,1
3,4,0,17888,0
2,0,0,832,1
1,0,0,229,1
0,0,0,695,0
0,0,0,2159,0
3,0,0,4707,0
1,0,0,1297,0
0,0,0,378,0
1,1,0,5012,0
1,0,0,145,1
1,1,0,502,1
0,0,0,748,0
1,0,0,321,1
1,0,0,157,1
1,0,0,189,1
1,1,0,30977,0
24,0,0,3918,1
0,0,0,66,1
0,0,0,915,0
24,0,0,3918,1
1,0,0,187,1
24,0,0,3918,1
1,1,0,1133,0
24,0,0,3894,1
0,1,0,306,1
1,0,0,233,1
1,0,0,260,1
4,2,0,1380,0
1,0,0,157,1
0,0,0,126,1
1,0,0,170,1
1,1,0,1204,0
1,0,0,517,1
1,0,0,281,1
1,0,0,641,1
24,0,0,3918,1
2,1,0,2229,0
24,0,0,3895,1
1,0,0,114,1
24,0,0,3894,1
1,0,0,385,1
0,0,0,468,0
1,0,0,315,1
24,0,0,3918,1
1,0,0,180,1
1,0,0,420,1
0,0,0,816,0
1,0,0,176,1
1,0,0,404,1
0,0,0,283,1
1,0,0,121,1
1,0,0,479,1
1,0,0,643,1
1,0,0,871,1
24,0,0,3894,1
24,0,0,3893,1
1,0,0,178,1
2,0,0,1559,0
1,0,0,239,1
24,0,0,3895,1
2,0,0,1521,0
10,0,0,2144,0
0,0,0,1400,0
7,1,0,34835,0
0,0,0,543,0
1,0,0,102,1
0,1,0,1053,0
1,0,0,496,1
1,0,0,111,1
1,0,0,519,0
24,0,0,3894,1
1,0,0,284,1
24,0,0,3918,1
0,1,0,1948,0
24,0,0,3918,1
0,0,0,276,1
0,0,0,448,1
1,0,0,104,1
2,0,0,434,0
1,0,0,249,1
24,0,0,3918,1
1,0,0,426,1
1,0,0,596,1
8,0,0,1367,0
1,0,0,109,1
1,0,0,224,1
12,0,0,2808,0
1,0,0,219,1
3,3,0,5539,0
1,0,0,505,1
1,1,0,298,1
24,0,0,3918,1
24,0,0,3918,1
0,0,0,1632,0
1,0,0,273,1
1,0,0,237,1
1,1,0,515,0
1,0,0,266,1
1,1,0,613,1
2,1,0,4289,0
0,0,0,269,1
1,1,0,984,1
1,0,0,2687,0
0,0,0,875,0
0,0,0,177,0
3,0,0,585,0
2,0,0,2903,0
3,0,0,821,0
1,0,0,1598,0
3,4,0,7386,0
0,0,0,743,0
0,0,0,129,1
1,0,0,155,1
24,0,0,3895,1
1,0,0,411,1
5,0,0,1851,0
24,0,0,3895,1
24,0,0,3918,1
24,0,0,3918,1
24,0,0,3918,1
3,0,0,2468,0
1,0,0,67,1
1,0,0,195,1
0,0,0,287,1
0,2,0,707,0
1,0,0,196,1
2,0,0,190,1
2,0,0,172,0
1,0,0,188,1
24,0,0,3918,1
5,0,0,5885,0
1,0,0,108,1
0,3,0,1348,1
1,0,0,617,1
1,0,0,553,1
2,0,0,1270,0
0,0,0,241,1
1,0,0,246,1
1,0,0,149,1
1,0,0,123,1
1,0,0,950,0
24,0,0,3918,1
24,0,0,3918,1
5,0,0,4882,0
24,0,0,3918,1
1,0,0,363,0
1,0,0,4901,0
0,4,0,1052,0
0,0,0,781,0
0,0,0,54,0
0,1,0,4035,0
1,0,0,1479,0
0,0,0,462,0
1,0,0,227,1
1,0,0,68,1
1,0,0,210,1
3,0,0,2087,0
1,0,0,312,1
1,0,0,194,1
0,0,0,42,1
0,0,0,1841,0
1,0,0,312,1
0,0,0,267,1
0,0,0,152,1
1,0,0,1378,0
0,0,0,104,1
0,0,0,120,1
24,0,0,3918,1
1,0,0,120,1
1,0,0,2548,0
1,0,0,183,1
1,0,0,301,1
1,19,0,3171,0
24,0,0,3918,1
1,0,0,226,1
1,0,0,239,1
1,0,0,384,1
0,0,0,1029,0
1,0,0,660,0
0,1,0,146,0
2,0,0,474,0
1,0,0,2166,0
0,1,0,562,0
0,1,0,930,0
151,33,0,45817,0
1,0,0,314,1
0,0,0,1679,0
2,0,0,5567,0
1,11,0,3044,0
1,0,0,186,1
0,0,0,1255,0
1,0,0,647,1
0,0,0,370,1
24,0,0,3918,1
0,0,0,1292,0
2,0,0,150,1
1,1,0,294,1
4,1,0,8151,0
0,0,0,798,0
0,4,0,774,0
0,5,0,839,0
24,0,0,3894,1
1,1,0,484,0
5,2,0,6251,0
0,0,0,832,0
0,0,0,2062,0
24,0,0,3918,1
14,1,0,4505,0
1,0,0,248,1
0,0,0,78,1
0,0,0,456,1
1,0,0,1291,1
1,0,0,251,1
1,0,0,497,1
1,0,0,302,1
1,0,0,297,1
1,0,0,572,0
1,0,0,461,1
1,0,0,151,1
1,0,0,1287,1
1,0,0,185,1
4,1,0,752,0
0,5,0,1105,0
1,1,0,6055,0
0,0,0,460,0
1,1,0,701,0
1,0,0,3753,0
1,0,0,718,0
1,2,0,929,0
0,2,0,309,0
1,0,0,71,1
24,0,0,3918,1
0,0,0,368,1
1,0,0,145,1
1,0,0,478,1
2,0,0,1923,0
1,0,0,215,1
0,2,0,205,0
24,0,0,3918,1
0,4,0,1201,0
1,0,0,98,1
24,0,0,3918,1
24,0,0,3918,1
1,0,0,239,1
1,1,0,1594,0
1,0,0,161,1
0,0,0,471,1
1,0,0,68,1
2,0,0,142,1
1,0,0,190,1
1,0,0,572,0
0,2,0,380,0
1,1,0,808,0
0,2,0,2769,0
2,0,0,2315,0
24,0,0,3886,1
0,1,0,1180,0
1,2,0,641,0
10,0,0,4120,0
1,0,0,122,1
0,1,0,168,1
0,0,0,2128,0
0,0,0,450,1
0,1,0,93,1
24,0,0,3918,1
1,0,0,216,1
24,0,0,3918,1
3,0,0,2031,0
0,1,0,420,0
24,0,0,3918,1
1,0,0,180,1
24,0,0,3918,1
0,0,0,777,0
1,0,0,68,1
0,0,0,1365,0
0,0,0,79,1
24,0,0,3918,1
1,0,0,259,1
1,0,0,279,1
1,0,0,1285,1
1,0,0,361,1
1,0,0,385,1
0,2,0,384,0
1,0,0,291,1
0,2,0,688,0
1,0,0,188,1
24,0,0,3918,1
2,1,0,4176,0
24,0,0,3918,1
24,0,0,3918,1
24,0,0,3918,1
1,0,0,725,0
0,0,0,2530,0
1,55,0,70561,0
0,5,0,1376,0
1,2,0,1203,0
1,1,0,2454,0
1,1,0,1217,0
1,1,0,1156,0
1,0,0,100,1
3,1,0,1955,0
24,0,0,3918,1
1,2,0,19993,0
24,0,0,3918,1
1,1,0,169,1
1,0,0,169,1
0,0,0,476,0
1,0,0,156,1
24,0,0,3918,1
1,0,0,184,1
13,0,0,2407,0
1,0,0,172,1
1,1,0,1590,0
1,0,0,94,1
1,0,0,445,1
0,0,0,481,1
24,0,0,3918,1
1,1,0,2858,0
1,0,0,764,0
1,0,0,237,1
24,0,0,3918,1
0,1,0,526,0
1,0,0,507,1
1,0,0,185,1
0,0,0,632,0
1,0,0,190,1
1,1,0,1391,0
1,0,0,295,1
24,0,0,3918,1
0,0,0,340,0
1,10,0,59632,0
0,3,0,766,0
1,4,0,1894,0
0,0,0,3840,0
8,0,0,1606,0
25,11,0,7890,0
1,4,0,2197,0
1,0,0,100,1
1,0,0,204,1
0,2,0,1720,0
1,0,0,228,1
1,0,0,207,1
1,0,0,2331,0
1,0,0,243,1
0,1,0,190,1
0,0,0,129,1
1,1,0,1211,0
0,0,0,451,1
0,0,0,245,1
0,0,0,1367,0
1,0,0,279,1
1,0,0,309,1
24,0,0,3918,1
1,1,0,10235,0
1,0,0,78,1
9,0,0,5740,0
0,5,0,1429,0
1,0,0,150,1
1,0,0,107,1
24,0,0,3918,1
1,3,0,710,0
2,0,0,143,1
0,0,0,103,0
2,0,0,1178,0
3,1,0,1267,0
2,2,0,3040,0
2,0,0,669,0
1,1,0,1498,0
0,9,0,6208,0
14,2,0,48048,0
0,0,0,317,0
1,1,0,1607,0
24,0,0,3918,1
1,0,0,80,1
1,0,0,92,1
1,0,0,232,1
7,2,0,3271,0
1,0,0,195,1
0,0,0,290,1
1,0,0,170,1
1,0,0,72,1
1,0,0,441,0
0,0,0,117,1
1,1,0,911,1
2,0,0,6584,0
24,0,0,3918,1
1,0,0,1015,0
0,3,0,1504,1
0,0,0,689,0
2,0,0,3205,0
1,5,0,5076,0
1,0,0,662,0
1,0,0,1490,0
1,0,0,435,0
2,2,0,3515,0
12,2,0,3063,0
0,2,0,2558,0
1,0,0,98,1
1,0,0,92,1
1,0,0,151,1
4,0,0,1923,0
1,0,0,89,1
1,0,0,171,1
1,0,0,92,1
2,0,0,1694,0
2,0,0,420,1
0,2,0,299,1
1,0,0,116,1
1,0,0,384,1
0,1,0,163,1
2,0,0,1239,0
0,0,0,441,1
1,0,0,230,1
0,0,0,754,0
0,0,0,271,1
0,0,0,241,1
1,0,0,242,1
1,0,0,185,1
2,0,0,3703,0
1,0,0,111,1
1,0,0,250,1
0,0,0,725,0
1,0,0,651,1
0,0,0,334,0
1,3,0,647,0
0,0,0,207,0
2,2,0,1132,0
1,0,0,459,0
1,5,0,6391,0
1,0,0,1018,0
2,2,0,1124,0
1,0,0,227,1
1,0,0,167,1
1,0,0,186,1
0,2,0,2050,0
1,1,0,173,1
24,0,0,3918,1
0,0,0,432,1
22,1,0,3512,0
1,0,0,337,1
1,0,0,301,1
1,0,0,244,1
1,0,0,1286,1
1,0,0,263,1
1,3,0,2009,0
3,0,0,515,0
24,0,0,3918,1
1,3,0,465,0
1,0,0,131,1
24,0,0,3918,1
1,0,0,1136,0
24,0,0,3918,1
0,0,0,1036,0
9,1,0,2161,0
4,0,0,502,0
0,0,0,2163,0
0,0,0,443,0
0,0,0,949,0
0,1,0,1289,0
1,0,0,217,1
0,2,0,482,0
24,0,0,3918,1
1,0,0,104,1
0,4,0,706,0
24,0,0,3918,1
2,2,0,409,1
0,0,0,228,1
1,1,0,99,1
24,0,0,3918,1
0,5,0,1961,1
0,0,0,254,0
0,0,0,242,1
0,0,0,781,0
0,0,0,1066,0
0,0,0,929,0
0,0,0,2283,0
0,1,0,445,0
4,5,0,5901,0
0,0,0,1352,0
0,0,0,754,0
2,0,0,1304,0
0,0,0,1689,0
0,0,0,3526,0
24,0,0,3918,1
0,0,0,90,1
1,0,0,112,1
0,0,0,1181,0
24,0,0,3918,1
1,0,0,84,1
2,0,0,2093,0
0,0,0,433,1
1,0,0,325,1
4,1,0,2321,0
1,0,0,202,1
1,0,0,166,1
0,0,0,1684,0
1,0,0,251,1
0,0,0,54,1
1,0,0,158,1
1,0,0,952,0
24,0,0,3918,1
0,2,0,1183,0
1,0,0,366,1
2,0,0,628,1
0,1,0,485,0
0,1,0,698,0
0,0,0,1319,0
2,1,0,928,0
0,2,0,1207,0
1,1,0,1770,0
0,1,0,987,0
0,0,0,1329,0
1,0,0,172,1
0,0,0,1066,0
0,1,0,112,1
0,1,0,324,1
1,0,0,198,1
1,0,0,243,1
4,0,0,1717,0
1,0,0,1643,0
0,1,0,323,1
0,1,0,322,1
15,1,0,3887,0
1,0,0,221,1
1,0,0,538,0
1,0,0,175,1
1,0,0,153,1
1,0,0,386,1
0,3,0,466,0
1,0,0,283,1
0,0,0,75,1
0,2,0,2571,0
0,2,0,761,0
0,1,0,315,1
0,3,0,3496,0
0,0,0,1005,0
1,0,0,1327,0
2,0,1,3159,0
2,0,0,4628,0
0,0,0,311,0
5,0,0,9940,0
0,0,0,536,0
1,0,0,7979,0
1,0,0,175,1
0,0,0,248,1
1,0,0,177,1
1,0,0,209,1
24,0,0,3918,1
1,0,0,6134,0
0,0,0,77,1
0,1,0,336,1
2,0,0,169,1
1,0,0,149,1
0,0,0,524,0
1,0,0,241,1
24,0,0,3894,1
1,0,0,192,1
1,0,0,303,1
2,2,0,882,0
2,0,0,198,1
0,1,0,320,1
1,0,0,173,1
1,0,0,145,1
1,4,0,28991,0
24,0,0,3918,1
1,0,0,195,1
1,0,0,1152,0
0,0,0,441,1
24,0,0,3894,1
1,0,0,1781,0
1,0,0,182,1
1,0,0,941,0
1,0,0,345,1
0,0,0,1179,0
0,2,0,112,0
0,2,0,717,0
1,3,0,678,0
1,1,0,3185,0
24,0,0,3895,1
0,0,0,1145,0
24,0,0,3895,1
24,0,0,3918,1
10,0,0,3380,0
1,0,0,244,1
24,0,0,3918,1
24,0,0,3918,1
0,2,0,465,0
1,3,0,8509,0
0,1,0,4745,0
0,0,0,455,1
24,0,0,3894,1
24,0,0,3918,1
0,0,0,322,0
24,0,0,3895,1
3,4,0,7725,0
0,0,0,421,0
3,0,0,1610,0
24,0,0,3894,1
0,0,0,696,0
0,0,0,849,0
0,0,0,750,0
4,0,0,531,0
24,0,0,3894,1
1,0,0,767,0
1,0,0,77,1
1,0,0,362,1
1,0,0,509,0
24,0,0,3894,1
1,0,0,167,1
1,0,0,517,0
1,0,0,326,1
1,0,0,174,1
1,0,0,601,0
0,0,0,212,1
0,0,0,268,0
1,0,0,1244,0
0,0,0,213,1
4,1,0,1950,0
0,1,0,316,1
2,0,0,167,1
1,0,0,155,1
24,0,0,3895,1
1,0,0,288,0
24,0,0,3895,1
8,1,0,10414,0
0,0,0,189,0
1,0,0,417,0
2,0,0,806,0
1,0,0,583,0
0,0,0,184,0
1,0,0,493,0
0,1,0,2190,0
1,0,0,84,1
0,1,0,310,1
3,0,0,1716,0
1,1,0,865,0
24,0,0,3894,1
2,0,0,1586,0
0,1,0,292,1
0,0,0,266,1
2,0,0,565,1
1,0,0,530,0
2,0,0,153,1
1,1,0,5900,0
24,0,0,3895,1
3,0,0,3472,0
4,0,0,1074,0
2,1,0,2979,0
1,0,0,1138,0
3,0,0,3620,0
1,0,0,737,0
0,0,0,268,0
0,0,0,1800,0
1,1,0,1277,0
24,0,0,3918,1
0,1,0,146,0
2,0,0,140,1
0,0,0,711,0
24,0,0,3893,1
0,0,0,715,0
0,0,0,210,0
0,3,0,1077,0
1,0,0,232,1
4,0,0,1195,0
24,0,0,3918,1
24,0,0,3918,1
1,0,0,200,1
1,0,0,270,0
0,0,0,2618,0
1,0,0,4705,0
0,0,0,455,1
1,0,0,103,1
0,0,0,596,0
0,0,0,303,1
0,1,0,8212,0
0,1,0,335,1
1,0,0,217,1
0,0,0,215,1
0,0,0,69,1
0,1,0,319,1
58,5,0,12641,0
2,0,0,1228,0
24,0,0,3918,1
1,0,0,138,1
0,2,0,289,0
0,1,0,2096,0
2,0,0,1024,0
1,0,0,296,1
24,0,0,3895,1
0,0,0,1500,0
1,0,0,339,1
24,0,0,3918,1
1,0,0,150,1
4,9,0,11190,0
4,9,0,11477,0
0,0,0,187,0
4,0,0,12819,0
1,1,0,2317,0
1,0,0,1365,0
11,3,0,2077,0
3,7,0,8078,0
3,7,0,8066,0
1,0,0,167,1
1,0,0,164,1
1,0,0,208,1
3,2,0,16190,0
1,0,0,136,1
1,1,0,364,1
1,0,0,164,1
0,0,0,68,1
1,0,0,263,1
3,2,0,851,0
1,0,0,170,1
1,0,0,160,1
1,0,0,259,1
1,0,0,321,1
1,0,0,129,1
5,6,0,16354,0
1,0,0,187,1
24,0,0,3918,1
24,0,0,3895,1
1,0,0,220,1
24,0,0,3895,1
0,0,0,2204,0
1,0,0,344,1
6,5,0,2828,0
0,0,0,244,1
0,0,0,344,1
1,0,0,174,1
1,1,0,448,1
4,0,0,1012,0
0,1,0,291,1
10,2,0,45209,0
0,0,0,1053,0
0,0,0,2085,0
2,0,0,690,0
5,4,0,4492,0
1,3,0,568,0
1,0,0,2813,0
10,0,0,2580,0
1,0,0,2358,0
3,1,0,2140,0
1,0,0,221,1
0,0,0,215,1
1,0,0,185,1
1,0,0,1338,0
24,0,0,3918,1
24,0,0,3918,1
0,0,0,228,1
0,0,0,952,0
1,0,0,251,1
1,0,0,183,1
12,1,0,2384,0
1,0,0,103,1
1,0,0,162,1
1,0,0,98,1
1,0,0,235,1
1,0,0,457,1
1,0,0,183,1
1,0,0,508,1
1,0,0,224,1
1,0,0,195,1
1,0,0,281,1
0,0,0,12978,0
22,10,0,8562,0
0,0,0,464,0
1,0,0,716,0
0,0,0,315,0
14,0,0,3069,0
1,0,0,499,0
5,0,0,1769,0
1,0,0,256,1
1,1,0,474,1
1,0,0,478,1
1,0,0,387,1
1,0,0,345,1
1,0,0,384,1
2,0,0,1587,0
1,0,0,194,1
1,0,0,280,0
0,0,0,433,1
1,0,0,338,1
5,6,0,63441,0
2,0,0,396,1
1,0,0,70,1
1,0,0,185,1
1,0,0,137,1
1,1,0,159,1
1,0,0,407,0
1,0,0,189,1
1,0,0,479,1
1,0,0,207,1
1,0,0,246,1
0,0,0,429,1
9,0,0,1669,0
0,0,0,435,1
1,0,0,71,1
0,0,0,1032,0
1,0,0,182,1
1,0,0,385,1
2,6,0,52735,0
1,0,0,221,1
1,0,0,217,1
1,0,0,265,1
17,1,0,4434,0
1,0,0,245,1
1,0,0,247,1
1,0,0,109,1
1,0,0,448,1
0,6,0,14435,0
0,0,0,815,0
9,24,0,9034,0
0,0,0,765,0
3,2,0,734,0
0,4,0,7139,0
0,0,0,265,0
1,2,0,10632,0
1,0,0,259,1
0,0,0,2117,0
1,0,0,134,1
1,0,0,138,1
1,0,0,179,1
42,7,0,9859,0
1,0,0,364,1
1,0,0,186,1
1,0,0,151,1
1,0,0,875,0
24,0,0,3918,1
0,0,0,573,0
1,0,0,522,0
1,0,0,64,1
1,0,0,309,1
1,1,0,969,0
1,0,0,641,1
1,0,0,176,1
1,0,0,749,0
24,0,0,3894,1
0,0,0,406,1
1,0,0,164,1
0,1,0,320,1
0,0,0,1100,0
1,0,0,404,0
5,1,0,12695,0
2,1,0,3639,0
2,3,0,4905,0
0,0,0,699,0
0,0,0,1266,0
24,0,0,3894,1
4,0,0,609,0
24,0,0,3895,1
1,0,0,186,1
0,0,0,429,1
0,3,0,4867,0
0,6,0,15411,0
1,0,0,420,1
0,3,0,725,0
0,2,0,2216,0
1,0,0,98,1
0,0,0,744,0
0,0,0,50,1
1,0,0,301,0
1,0,0,224,1
0,7,0,16887,0
5,4,0,2876,0
1,0,0,412,0
0,1,0,524,0
24,0,0,3895,1
1,0,0,519,0
24,0,0,3894,1
24,0,0,3895,1
24,0,0,3894,1
6,4,0,2080,0
0,0,0,823,0
2,0,0,1038,0
1,0,0,198,1
2,0,0,1346,0
1,0,0,91,1
24,0,0,3895,1
0,0,0,208,1
24,0,0,3894,1
4,0,0,2980,0
1,0,0,176,1
0,1,0,828,0
2,0,0,1139,0
24,0,0,3895,1
0,0,0,924,0
24,0,0,3895,1
24,0,0,3894,1
24,0,0,3895,1
24,0,0,3895,1
24,0,0,3893,1
24,0,0,3894,1
24,0,0,3895,1
24,0,0,3894,1
24,0,0,3894,1
24,0,0,3895,1
24,0,0,3894,1
24,0,0,3894,1
24,0,0,3895,1
24,0,0,3894,1
4,8,0,24627,0
1,0,0,296,1
8,2,0,2621,0
0,0,0,437,1
1,0,0,170,1
3,0,0,1088,0
24,0,0,3895,1
24,0,0,3918,1
1,0,0,396,1
1,0,0,338,1
24,0,0,3894,1
24,0,0,3894,1
1,0,0,408,0
3,0,0,1246,0
1,0,0,1584,0
0,1,0,2264,0
1,0,0,852,0
1,0,0,1939,0
2,0,0,2550,0
1,0,0,542,0
0,0,0,617,0
0,0,0,448,1
0,2,0,278,0
1,0,0,261,1
24,0,0,3894,1
24,0,0,3895,1
24,0,0,3895,1
2,0,0,190,1
1,0,0,1061,0
24,0,0,3895,1
1,0,0,110,1
1,2,0,789,0
0,1,0,319,1
0,3,0,1068,0
0,0,0,1122,0
0,0,0,465,1
1,0,0,243,0
0,0,0,484,1
0,0,0,434,1
24,0,0,3918,1
1,0,0,1261,0
24,0,0,3895,1
1,0,0,425,1
0,6,0,6867,0
0,0,0,451,1
0,0,0,418,1
0,0,0,454,1
0,0,0,864,0
0,0,0,452,1
6,4,0,4803,0
1,0,0,309,1
24,0,0,3895,1
0,0,0,460,0
0,0,0,411,1
7,0,0,8100,0
2,1,0,3758,0
0,0,0,1170,0
0,0,0,1428,0
0,0,0,2677,0
0,0,0,509,0
2,1,0,873,0
0,0,0,298,0
0,0,0,537,0
0,0,0,456,1
0,4,0,1967,1
1,0,0,70,1
24,0,0,3895,1
1,0,0,596,1
1,2,0,1026,0
0,0,0,174,1
0,0,0,426,1
0,0,0,417,1
0,0,0,451,1
2,0,0,2140,1
0,1,0,303,1
1,0,0,226,0
0,0,0,429,1
1,0,0,210,0
0,1,0,309,1
1,0,0,324,1
1,0,0,104,1
1,1,0,352,1
18,4,0,14523,0
1,0,0,74,1
0,1,0,321,1
1,1,0,1400,0
1,0,0,735,0
4,0,0,2453,0
1,0,0,116,1
1,0,0,377,1
2,1,0,1263,0
0,1,0,309,1
1,0,0,70,1
1,0,0,404,1
0,2,0,143,0
1,0,0,372,0
3,0,0,1185,0
0,2,0,142,0
2,1,0,2975,0
10,3,0,2006,0
0,0,0,905,0
4,0,0,1086,0
1,0,0,232,1
0,2,0,1254,0
1,0,0,371,1
1,2,0,34098,0
1,0,0,225,1
1,0,0,253,1
0,1,0,308,1
0,0,0,253,1
0,1,0,298,1
0,1,0,296,1
24,0,0,3894,1
1,0,0,187,1
0,0,0,1676,0
0,0,0,462,1
0,0,0,431,1
0,0,0,416,1
9,1,0,2598,0
0,0,0,448,1
0,0,0,436,1
2,0,0,147,1
0,0,0,420,1
0,1,0,314,1
1,0,0,212,1
2,2,0,1051,0
1,0,0,187,1
0,1,0,337,1
0,0,0,430,1
0,0,0,424,0
0,0,0,47,1
0,0,0,475,1
0,0,0,415,1
1,0,0,137,1
9,1,0,2598,0
0,0,0,426,1
0,1,0,321,1
0,0,0,2440,0
1,1,0,1515,0
1,1,0,376,0
6,0,0,1824,0
0,0,0,1554,0
4,1,0,3453,0
0,0,0,1567,0
0,0,0,454,1
5,0,0,2095,0
0,1,0,317,1
0,0,0,449,1
1,0,0,2157,0
0,1,0,297,1
24,0,0,3918,1
3,0,0,4080,0
1,0,0,78,1
2,0,0,166,1
24,0,0,3918,1
1,1,0,850,1
0,0,0,70,1
0,4,0,1966,1
1,0,0,90,1
24,0,0,3895,1
0,3,0,1303,0
2,0,0,402,0
0,0,0,137,1
0,0,0,286,1
16,3,0,3543,0
1,0,0,178,1
1,0,0,115,1
1,0,0,196,0
1,0,0,181,1
0,0,0,1050,0
2,0,0,843,0
0,0,0,1664,0
1,4,0,33034,0
21,22,0,9576,0
2,1,0,768,0
6,1,0,1481,0
24,0,0,3894,1
1,0,0,1522,0
24,0,0,3894,1
1,0,0,206,1
1,0,0,564,1
24,0,0,3894,1
24,0,0,3895,1
2,1,0,1878,0
24,0,0,3895,1
0,0,0,345,1
1,0,0,641,1
0,0,0,111,0
2,0,0,521,0
0,0,0,86,1
0,1,0,900,0
0,1,0,313,1
24,0,0,3895,1
24,0,0,3895,1
24,0,0,3895,1
1,0,0,243,1
0,0,0,306,0
1,1,0,75,0
0,0,0,2829,0
2,0,0,1200,0
6,3,0,1716,0
24,0,0,3895,1
24,0,0,3894,1
24,0,0,3895,1
0,1,0,1491,0
24,0,0,3895,1
121,124,0,29786,0
2,0,0,1626,0
1,0,0,311,1
0,0,0,138,0
0,0,0,71,1
24,0,0,3895,1
2,0,0,1920,0
24,0,0,3894,1
24,0,0,3895,1
24,0,0,3895,1
0,1,0,298,1
2,0,0,493,1
3,3,0,13124,0
1,0,0,169,1
2,6,0,3413,0
1,0,0,314,1
1,0,0,286,1
0,1,0,315,1
1,4,0,62793,0
1,0,0,258,1
3,3,0,6781,0
5,3,0,21605,0
1,1,0,4415,0
1,0,0,645,0
1,0,0,606,0
1,9,0,1547,0
24,0,0,3895,1
24,0,0,3894,1
24,0,0,3895,1
1,0,0,402,0
24,0,0,3894,1
24,0,0,3895,1
0,0,0,2584,0
1,0,0,285,1
0,0,0,251,1
1,1,0,526,0
1,0,0,643,1
0,2,0,316,1
4,0,0,545,0
10,0,0,5009,0
0,1,0,310,1
0,0,0,908,0
0,0,0,443,1
2,0,0,517,0
1,0,0,112,1
4,0,0,1203,0
1,0,0,178,1
24,0,0,3894,1
24,0,0,3895,1
24,0,0,3896,1
0,2,0,97,1
1,0,0,471,1
0,0,0,189,1
1,0,0,693,0
0,0,0,4273,0
3,1,0,2683,0
4,8,0,2889,0
5,0,0,927,0
0,0,0,1194,0
24,0,0,3895,1
24,0,0,3895,1
24,0,0,3894,1
24,0,0,3895,1
1,3,0,38107,0
24,0,0,3894,1
1,0,0,194,0
1,0,0,275,1
0,1,0,549,0
0,1,0,331,1
1,0,0,168,1
0,1,0,312,1
3,2,0,3624,0
1,0,0,145,1
1,9,0,1370,0
1,0,0,242,1
1,0,0,156,1
0,0,0,1556,0
0,1,0,584,0
5,0,0,7988,0
19,5,0,8155,0
1,0,0,695,0
3,1,0,2948,0
0,0,0,211,0
2,0,0,2830,0
1,0,0,49,1
0,0,0,561,0
1,4,0,53131,0
3,0,0,1674,0
0,1,0,311,1
3,0,0,418,0
1,0,0,647,1
1,0,0,160,0
1,19,0,5375,0
1,3,0,2254,0
0,0,0,298,1
24,0,0,3895,1
2,0,0,187,1
1,2,0,890,0
1,0,0,454,1
24,0,0,3918,1
1,5,0,2932,0
0,1,0,327,1
0,1,0,294,1
3,0,0,316,0
0,0,0,773,0
3,1,0,3478,0
0,0,0,277,0
24,0,0,3895,1
3,9,0,2177,0
0,10,0,2629,0
0,1,0,1235,0
24,0,0,3895,1
24,0,0,3895,1
1,0,0,854,0
1,0,0,65,1
0,0,0,58,0
1,0,0,70,1
2,0,0,735,0
1,0,0,90,1
2,0,0,390,0
0,1,0,300,1
24,0,0,3895,1
1,0,0,65,1
3,0,0,2468,0
0,0,0,221,1
0,1,0,304,1
2,0,0,718,0
6,2,0,6949,0
0,1,0,1781,0
0,0,0,1967,0
24,0,0,3895,1
24,0,0,3893,1
4,1,0,21888,0
0,1,0,977,0
0,1,0,999,0
0,1,0,1183,0
1,0,0,74,1
0,0,0,763,0
0,0,0,210,1
0,0,0,1122,0
24,0,0,3894,1
1,0,0,113,1
24,0,0,3895,1
3,4,0,1595,0
24,0,0,3894,1
24,0,0,3895,1
24,0,0,3918,1
1,0,0,721,1
1,1,0,1149,0
0,0,0,244,1
0,0,0,1355,0
0,0,0,287,1
1,1,0,423,0
1,0,0,63,1
0,0,0,361,0
0,1,0,309,1
2,0,0,163,1
1,0,0,177,1
13,10,0,18515,0
1,0,0,69,1
3,0,0,785,0
3,1,0,3680,0
0,0,0,516,0
5,1,0,4493,0
0,0,0,582,0
0,1,0,532,0
9,4,0,3498,0
1,3,0,6370,0
24,0,0,3894,1
24,0,0,3894,1
24,0,0,3895,1
0,0,0,649,0
0,0,0,268,1
0,1,0,1681,0
24,0,0,3895,1
4,0,0,5971,0
24,0,0,3895,1
24,0,0,3893,1
1,0,0,198,1
1,0,0,898,1
3,0,0,2111,0
3,0,0,858,0
5,0,0,1365,0
1,0,0,596,0
3,0,0,2469,0
24,0,0,3895,1
24,0,0,3895,1
24,0,0,3894,1
1,1,0,861,0
0,0,0,1348,0
0,0,0,878,0
1,0,0,202,0
0,1,0,324,1
1,0,0,89,0
3,0,0,929,0
3,0,0,1021,0
0,1,0,321,1
24,0,0,3895,1
24,0,0,3895,1
0,1,0,318,1
6,0,0,2385,0
24,0,0,3895,1
24,0,0,3895,1
1,0,0,496,1
1,1,0,272,1
1,0,0,217,1
0,0,0,157,0
0,0,0,267,1
0,0,0,455,1
0,0,0,301,1
0,1,0,848,0
0,0,0,274,1
1,0,0,90,1
1,0,0,163,1
1,0,0,480,1
1,0,0,559,0
24,0,0,3918,1
24,0,0,3894,1
0,0,0,407,0
2,2,0,2833,0
2,0,0,6361,0
1,3,0,455,0
1,1,0,1107,0
0,1,0,2884,0
0,0,0,589,0
3,3,0,1689,0
0,0,0,1964,0
0,0,0,808,0
1,0,0,653,1
0,4,0,1963,1
24,0,0,3894,1
4,2,0,8098,0
24,0,0,3893,1
1,0,0,643,1
1,0,0,96,1
0,0,0,1125,0
0,1,0,327,1
1,0,0,83,1
0,1,0,729,0
0,0,0,453,1
2,0,0,166,1
0,0,0,437,0
2,0,0,182,1
24,0,0,3895,1
24,0,0,3895,1
1,0,0,77,1
24,0,0,3894,1
1,0,0,3033,0
24,0,0,3894,1
0,0,0,92,1
4,3,0,2595,0
2,1,0,177,1
0,0,0,273,1
0,0,0,619,0
3,0,0,6113,0
11,0,0,2013,0
0,0,0,4543,0
4,0,0,1417,0
24,0,0,3895,1
24,0,0,3895,1
24,0,0,3895,1
24,0,0,3895,1
24,0,0,3895,1
24,0,0,3905,1
1,0,0,696,0
24,0,0,3895,1
3,0,0,4604,0
0,0,0,782,0
0,0,0,559,0
1,0,0,520,1
2,0,0,1119,0
24,0,0,3895,1
24,0,0,3895,1
1,0,0,467,0
0,1,0,309,1
1,0,0,628,0
0,0,0,6825,0
0,0,0,266,1
24,0,0,3918,1
0,0,0,379,0
24,0,0,3894,1
1,0,0,115,1
24,0,0,3895,1
24,0,0,3894,1
3,0,0,4818,0
1,0,0,1065,0
4,0,0,1780,0
1,0,0,3130,0
0,3,0,384,0
0,0,0,1022,0
24,0,0,3895,1
1,0,0,439,0
24,0,0,3895,1
24,0,0,3895,1
0,3,0,2212,0
0,1,0,318,1
1,0,0,1342,0
5,0,0,10372,0
1,0,0,649,1
0,0,0,39,1
24,0,0,3894,1
0,3,0,1881,0
24,0,0,3895,1
24,0,0,3894,1
1,0,0,130,1
24,0,0,3895,1
24,0,0,3894,1
24,0,0,3892,1
0,1,0,4173,0
1,0,0,103,1
4,1,0,954,0
2,0,0,296,0
1,0,0,832,0
5,1,0,2313,0
2,1,0,985,0
8,0,0,8438,0
24,0,0,3895,1
24,0,0,3894,1
3,1,0,4790,0
24,0,0,3894,1
24,0,0,3891,1
24,0,0,3895,1
3,1,0,5121,0
2,1,0,1862,0
3,1,0,494,0
0,1,0,307,1
1,5,0,4967,0
1,1,0,904,1
8,7,0,7800,0
24,0,0,3895,1
24,0,0,3894,1
4,0,0,3188,0
1,0,0,95,1
1,0,0,95,1
1,0,0,102,1
0,0,0,249,1
1,1,0,493,0
4,3,0,766,0
2,0,0,181,1
1,0,0,120,1
8,5,0,6427,0
1,0,0,175,1
1,0,0,300,0
0,2,0,2584,0
5,1,0,977,0
1,1,0,894,0
2,0,0,3956,0
24,0,0,3895,1
24,0,0,3895,1
7,2,0,7087,0
2,0,0,357,0
1,1,0,2602,0
2,0,0,1942,0
1,1,0,659,1
2,0,0,141,1
2,0,0,635,0
1,0,0,224,1
1,1,0,3470,0
0,4,0,1963,1
1,1,0,1090,0
24,0,0,3895,1
1,0,0,227,1
24,0,0,3895,1
0,1,0,1336,0
3,4,0,5747,0
4,1,0,5027,0
0,2,0,2802,0
0,0,0,1672,0
1,0,0,411,0
3,0,0,1897,0
1,0,0,3013,0
2,2,0,3838,0
0,3,0,1348,1
0,0,0,82,1
0,0,0,456,1
1,0,0,68,1
24,0,0,3895,1
0,0,0,433,1
1,0,0,184,1
1,0,0,663,0
1,0,0,172,1
0,0,0,262,1
3,1,0,5341,0
0,0,0,445,1
0,2,0,1586,0
3,0,0,502,1
3,0,0,494,1
3,0,0,545,0
1,2,0,7641,0
0,1,0,3134,0
10,2,0,11265,0
1,2,0,3887,0
0,0,0,1288,0
0,0,0,1108,0
1,2,0,2816,0
3,0,0,1719,0
0,0,0,535,0
24,0,0,3895,1
24,0,0,3895,1
1,0,0,48,1
1,9,0,56498,0
3,0,0,516,1
1,0,0,1224,0
0,0,0,249,1
2,1,0,1781,0
0,0,0,407,1
1,0,0,172,1
2,0,0,149,1
2,4,0,9264,0
0,1,0,335,1
1,1,0,659,1
24,0,0,3895,1
1,0,0,1141,0
24,0,0,3895,1
0,1,0,130,1
1,0,0,1699,0
0,1,0,305,1
0,4,0,1961,1
24,0,0,3918,1
0,1,0,323,1
1,1,0,414,0
0,0,0,103,1
0,2,0,1481,1
0,0,0,397,0
24,0,0,3895,1
24,0,0,3918,1
24,0,0,3895,1
2,0,0,2555,0
1,0,0,52,1
1,16,1,4053,0
1,2,0,1128,0
2,0,0,893,0
4,3,0,2446,0
1,2,0,77031,0
1,0,0,1554,0
2,0,0,1036,0
24,0,0,3894,1
0,0,0,1542,0
1,0,0,515,0
20,2,0,18945,0
1,0,0,73,1
1,0,0,176,1
0,0,0,425,1
1,0,0,664,0
24,0,0,3894,1
0,0,0,555,0
0,0,0,56,1
3,2,0,6031,0
24,0,0,3918,1
0,4,0,1968,1
0,1,0,314,1
1,0,0,844,0
1,0,0,836,0
2,0,0,5476,0
0,0,0,458,0
24,0,0,3895,1
24,0,0,3895,1
24,0,0,3894,1
2,2,0,785,0
4,0,0,1148,0
3,2,0,4491,0
0,0,0,561,0
18,0,0,2603,0
24,0,0,3895,1
0,1,0,167,0
24,0,0,3895,1
24,0,0,3895,1
24,0,0,3895,1
24,0,0,3894,1
1,0,0,4917,0
24,0,0,3894,1
24,0,0,3894,1
24,0,0,3894,1
0,0,0,60,1
1,0,0,78,1
2,0,0,188,1
0,0,0,223,0
2,0,0,164,1
1,0,0,670,1
1,1,0,1479,0
0,0,0,333,1
24,0,0,3894,1
0,1,0,306,1
1,1,0,796,0
24,0,0,3895,1
24,0,0,3895,1
24,0,0,3893,1
24,0,0,3894,1
0,1,0,176,1
0,0,0,1596,0
1,0,0,642,0
0,0,0,129,1
1,0,0,392,0
0,0,0,1006,0
2,1,0,4789,0
4,1,0,3448,0
24,0,0,3895,1
24,0,0,3895,1
1,0,0,1285,0
24,0,0,3894,1
0,0,0,1714,0
0,0,0,780,0
3,0,0,5597,0
1,0,0,74,1
1,0,0,303,1
9,0,0,4594,0
3,1,0,2827,0
24,0,0,3895,1
1,0,0,64,1
24,0,0,3894,1
24,0,0,3895,1
1,4,0,1013,0
1,0,0,78,1
0,0,0,1721,0
1,2,0,83725,0
24,0,0,3895,1
24,0,0,3894,1
24,0,0,3895,1
1,0,0,568,1
1,4,0,2030,0
1,0,0,75,1
1,0,0,291,1
1,1,0,1506,0
24,0,0,3918,1
1,0,0,72,1
1,8,0,2378,0
0,0,0,2029,0
1,1,0,2086,0
24,0,0,3895,1
5,0,0,2249,0
2,1,0,551,0
1,0,0,672,1
24,0,0,3894,1
24,0,0,3894,1
1,0,0,1102,0
24,0,0,3895,1
1,1,0,914,0
12,0,0,2350,0
0,0,0,1069,0
0,1,0,308,1
1,0,0,271,1
0,0,0,147,1
7,1,0,3252,0
24,0,0,3895,1
0,5,0,1968,1
0,0,0,2264,0
0,1,0,305,1
0,1,0,318,1
1,0,0,178,1
0,0,0,2545,0
0,0,0,251,0
1,0,0,194,1
0,0,0,289,1
1,0,0,171,1
24,0,0,3895,1
24,0,0,3894,1
0,3,0,1108,0
24,0,0,3894,1
0,0,0,214,1
24,0,0,3895,1
0,1,0,158,1
24,0,0,3894,1
0,2,0,307,1
15,2,0,7162,0
1,0,0,263,1
2,0,0,165,1
0,0,0,207,0
5,0,0,1506,0
0,1,0,3992,0
3,0,0,2175,0
1,3,0,4464,0
24,0,0,3894,1
24,0,0,3895,1
3,0,0,2617,0
1,0,0,108,1
15,3,0,5537,0
1,4,0,340,0
0,0,0,1271,0
24,0,0,3894,1
4,1,0,2981,0
0,0,0,407,1
0,1,0,315,1
0,2,0,2456,0
1,13,0,16607,0
1,0,0,243,1
24,0,0,3895,1
24,0,0,3895,1
1,0,0,1207,0
0,1,0,323,1
2,0,0,1760,0
0,1,0,1472,0
0,7,0,1221,0
6,4,0,12792,0
2,1,0,5351,0
4,1,0,1718,0
0,1,0,308,1
24,0,0,3895,1
1,0,0,301,1
2,0,0,828,0
24,0,0,3895,1
0,1,0,321,1
0,0,0,1306,0
24,0,0,3918,1
3,0,0,805,0
1,0,0,171,1
1,0,0,65,1
39,7,0,6107,0
0,1,0,311,1
24,0,0,3895,1
0,1,0,1988,0
0,9,0,6705,0
54,12,0,8249,0
3,0,0,908,0
0,2,0,2123,0
3,0,0,5486,0
2,0,0,1411,0
1,0,0,898,0
1,0,0,99,1
0,0,0,409,0
0,0,0,232,1
1,0,0,174,1
1,0,0,68,1
1,0,0,770,0
1,0,0,559,0
1,0,0,364,0
1,5,0,716,0
2,1,0,871,0
1,0,0,1169,0
1,0,0,887,0
2,0,0,1457,0
2,0,0,2583,0
0,3,0,3088,0
24,0,0,3895,1
24,0,0,3894,1
0,0,0,217,1
24,0,0,3895,1
1,0,0,78,1
1,0,0,112,1
24,0,0,3918,1
24,0,0,3895,1
3,0,0,1059,0
2,6,0,3779,0
1,0,0,310,0
1,0,0,1050,0
2,0,0,1914,0
24,0,0,3901,1
1,0,0,70,1
24,0,0,3894,1
4,0,0,1571,0
24,0,0,3895,1
1,0,0,451,1
24,0,0,3895,1
3,1,0,1675,0
2,0,0,1712,0
0,4,0,7637,0
0,1,0,322,1
1,0,0,314,1
2,0,0,956,0
1,0,0,130,1
24,0,0,3895,1
24,0,0,3918,1
0,0,0,341,0
1,0,0,938,0
2,0,0,1394,0
3,0,0,906,0
24,0,0,3894,1
0,1,0,732,0
24,0,0,3895,1
0,1,0,1524,0
3,0,0,1401,0
3,0,0,2471,0
1,0,0,663,0
0,2,0,1227,1
0,1,0,302,1
0,0,0,84,1
1,0,0,103,1
0,0,0,90,1
0,0,0,82,1
3,11,0,11162,0
2,0,0,1373,0
0,1,0,402,0
0,1,0,971,0
24,0,0,3895,1
0,0,0,1157,0
1,0,0,320,0
10,3,0,2696,0
1,0,0,1107,0
24,0,0,3894,1
24,0,0,3918,1
2,0,0,684,1
0,1,0,1419,0
0,0,0,355,1
1,0,0,1689,0
0,3,0,1412,0
3,1,0,2047,0
1,0,0,581,0
24,0,0,3894,1
0,0,0,306,0
0,0,0,715,0
1,0,0,1511,0
3,0,0,1292,0
24,0,0,3894,1
24,0,0,3894,1
24,0,0,3894,1
3,2,0,1241,0
0,0,0,81,1
0,3,0,1989,0
2,0,0,141,1
0,2,0,1649,0
0,6,0,7214,0
24,0,0,3894,1
1,9,0,3970,0
24,0,0,3894,1
2,0,0,1337,0
3,10,0,1645,0
2,0,0,330,0
11,0,0,8808,0
24,0,0,3895,1
51,3,0,11173,0
24,0,0,3895,1
24,0,0,3895,1
24,0,0,3894,1
2,5,0,8299,0
0,0,0,84,1
28,1,0,3930,0
4,0,0,2046,0
4,0,0,1250,0
24,0,0,3894,1
0,0,0,407,1
1,0,0,104,1
0,0,0,275,0
1,0,0,2104,0
2,0,0,1552,0
2,0,0,1104,0
0,1,0,259,0
0,7,0,839,0
24,0,0,3895,1
3,0,0,1185,0
1,0,0,170,1
2,0,0,1068,0
0,1,0,163,0
3,0,0,1795,0
24,0,0,3894,1
0,7,0,834,0
2,0,0,2354,0
3,1,0,2808,0
3,0,0,2427,0
3,0,0,6222,0
3,0,0,832,0
24,0,0,3894,1
24,0,0,3918,1
24,0,0,3918,1
2,0,0,2921,0
0,0,0,74,1
1,0,0,169,1
7,1,0,4741,0
5,4,0,12101,0
5,4,0,12075,0
1,1,0,807,0
1,0,0,461,0
0,0,0,191,0
2,2,0,672,0
24,0,0,3895,1
1,0,0,936,0
24,0,0,3918,1
0,1,0,321,1
1,1,0,1465,0
0,1,0,313,1
3,10,0,15436,0
2,0,0,958,0
1,1,0,1059,0
13,5,0,4190,0
6,0,0,1489,0
24,0,0,3894,1
24,0,0,3895,1
2,0,0,213,0
8,1,0,4209,0
1,0,0,223,1
0,3,0,769,0
1,0,0,487,1
1,9,0,11487,0
24,0,0,3893,1
19,21,0,36384,0
0,0,0,432,0
3,3,0,3222,0
3,7,0,11486,0
0,0,0,247,1
6,4,0,4226,0
1,0,0,1015,0
0,1,0,315,1
1,0,0,737,0
24,0,0,3918,1
24,0,0,3918,1
0,0,0,57,1
0,1,0,336,1
0,0,0,743,0
1,0,0,119,1
1,0,0,105,1
3,11,0,11139,0
0,0,0,189,0
1,0,0,960,0
3,1,0,3805,0
24,0,0,3912,1
12,0,0,3408,0
1,0,0,902,0
10,0,0,2068,0
0,0,0,1065,0
26,4,0,9930,0
0,0,0,56,1
0,1,0,307,1
1,0,0,93,1
2,1,0,2932,0
1,2,0,722,0
3,0,0,684,0
0,0,0,184,0
1,1,0,2169,0
0,4,0,5892,0
24,0,0,3894,1
0,3,0,4039,0
1,1,0,1252,0
24,0,0,3918,1
0,1,0,317,1
1,0,0,152,1
9,5,0,3901,0
1,0,0,96,1
1,0,0,1247,0
1,3,0,11009,0
0,0,0,885,0
1,0,0,665,0
24,0,0,3894,1
1,0,0,460,0
1,0,0,727,0
1,0,0,4749,0
0,4,0,1961,1
24,0,0,3894,1
1,0,0,164,1
1,0,0,119,1
3,0,0,1067,0
0,1,0,332,1
3,0,0,4710,0
0,4,0,8178,0
0,0,0,1068,0
5,19,0,17262,0
0,1,0,2421,0
3,0,0,2175,0
1,0,0,378,0
1,0,0,296,1
1,0,0,474,0
0,0,0,83,1
1,0,0,358,0
8,4,0,2550,0
0,0,0,1130,0
7,4,0,2365,0
1,0,0,523,0
3,0,0,990,0
6,1,0,1481,0
1,0,0,360,0
0,0,0,191,0
1,0,0,453,1
6,4,0,2193,0
0,0,0,285,1
24,0,0,4222,1
3,0,0,1513,0
8,1,0,1118,0
24,0,0,3893,1
24,0,0,3901,1
24,0,0,3894,1
2,0,0,1653,0
2,0,0,154,0
1,0,0,700,0
4,9,0,11676,0
4,5,0,1224,0
24,0,0,3894,1
24,0,0,3895,1
3,0,0,1219,0
1,0,0,166,1
1,0,0,378,0
5,1,0,2798,0
0,0,0,189,0
24,0,0,3894,1
6,1,0,6251,0
24,0,0,3895,1
24,0,0,3895,1
24,0,0,3895,1
3,2,0,1006,0
4,0,0,1922,0
0,0,0,188,0
16,0,0,3651,0
0,0,0,296,1
0,1,0,321,1
4,0,0,2690,0
14,2,0,4954,0
4,0,0,536,0
0,2,0,367,0
1,0,0,935,0
0,2,0,588,0
1,0,0,936,0
0,0,0,1581,0
1,0,0,736,1
1,0,0,66,1
0,0,0,295,1
0,0,0,338,1
24,0,0,3896,1
34,3,0,9320,0
0,1,0,303,1
0,0,0,184,0
0,1,0,316,1
0,2,0,1142,0
0,0,0,647,0
0,1,0,147,0
0,0,0,715,0
19,2,0,3178,0
3,6,0,2430,0
1,2,0,567,0
4,0,0,1416,0
2,0,0,1062,0
0,0,0,39,1
1,0,0,51,1
1,0,0,138,1
0,1,0,352,0
24,0,0,3918,1
0,0,0,293,1
0,1,0,324,1
127,130,0,34187,0
1,0,0,603,0
0,0,0,649,0
1,12,0,5152,0
1,0,0,1443,0
12,1,0,5329,0
2,2,0,1025,0
3,0,0,1982,0
1,0,0,683,1
0,4,0,3386,0
1,0,0,672,1
1,0,0,144,1
1,0,0,168,1
6,5,0,10820,0
0,1,0,309,1
1,0,0,100,1
0,0,0,657,0
4,0,0,1769,0
3,0,0,2441,0
0,0,0,1054,0
1,23,1,3900,0
1,0,0,1303,0
24,0,0,3893,1
5,1,0,8436,0
4,1,0,1726,0
0,1,0,321,1
1,0,0,78,1
0,0,0,215,0
2,0,0,181,1
24,0,0,3918,1
1,0,0,70,1
1,3,0,1972,0
0,1,0,310,1
1,0,0,1635,0
2,0,0,759,0
1,0,0,407,0
1,13,0,16616,0
0,0,0,1798,0
1,0,0,1138,0
1,0,0,1605,0
4,2,0,2965,0
1,0,0,70,1
1,0,0,337,1
2,1,0,6541,0
0,0,0,291,1
1,0,0,103,1
0,0,0,82,1
0,0,0,565,0
6,0,0,1439,0
8,4,0,2173,0
0,3,0,2094,0
2,0,0,2378,0
2,0,0,1046,0
2,0,0,1215,0
2,0,0,1018,0
0,1,0,324,1
1,3,0,1873,0
0,1,0,317,1
1,0,0,75,1
0,0,0,2978,0
2,0,0,465,0
1,0,0,450,0
0,1,0,2583,0
2,0,0,1066,0
2,0,0,1380,0
1,0,0,152,0
5,1,0,1326,0
4,3,0,2625,0
1,7,0,3887,0
24,0,0,3918,1
0,1,0,328,1
6,6,0,3398,0
1,0,0,117,1
1,0,0,2594,0
3,0,0,5726,0
1,0,0,788,0
0,0,0,526,0
0,0,0,344,0
7,2,0,1462,0
24,0,0,3898,1
5,1,0,3128,0
1,0,0,85,1
2,2,0,2457,0
1,0,0,251,1
24,0,0,3918,1
1,2,0,4820,0
2,1,0,3637,0
0,3,0,364,0
1,2,0,3427,0
2,1,0,2894,0
1,0,0,207,0
22,8,0,5953,0
38,16,0,14437,0
1,1,0,4495,0
24,0,0,3918,1
0,1,0,322,1
24,0,0,3918,1
1,1,0,803,1
2,0,0,1496,0
1,0,0,170,1
1,0,0,62,1
7,5,0,3281,0
1,0,0,1038,0
0,0,0,565,0
8,0,0,1228,0
0,0,0,1479,0
23,6,0,4348,0
3,0,0,1481,0
1,0,0,851,0
0,0,0,282,1
24,0,0,3918,1
1,0,0,2725,0
0,1,0,142,1
24,0,0,3918,1
2,0,0,849,0
4,1,0,1882,0
24,0,0,3891,1
3,3,0,3214,0
0,0,0,180,0
0,1,0,1244,0
3,0,0,1251,0
7,2,0,3618,0
2,2,0,2923,0
0,1,0,319,1
0,1,0,455,0
1,0,0,157,1
1,0,0,1847,0
24,0,0,3918,1
1,1,0,2947,0
0,0,0,1484,0
0,5,0,2622,0
2,0,0,1842,0
1,3,0,6378,0
2,0,0,2560,0
0,0,0,210,0
1,2,0,4178,0
24,0,0,3918,1
24,0,0,3918,1
11,0,0,2033,0
1,0,0,88,1
2,0,0,147,1
0,1,0,330,1
1,0,0,75,1
1,0,0,96,1
0,0,0,2620,0
0,0,0,121,1
0,0,0,347,1
8,2,0,4065,0
0,0,0,92,1
4,4,0,1529,0
0,1,0,342,1
1,0,0,174,1
1,0,0,162,1
0,0,0,83,1
9,1,0,2421,0
14,7,0,28057,0
1,0,0,739,0
4,1,0,661,0
4,0,0,6092,0
7,2,0,3623,0
9,0,0,2672,0
4,4,0,1674,0
24,0,0,3918,1
1,0,0,274,1
0,0,0,1199,0
1,3,0,11136,0
1,0,0,119,1
0,2,0,319,1
1,0,0,63,1
1,0,0,1188,0
0,1,0,305,1
4,0,0,1128,0
20,10,0,27917,0
0,1,0,324,1
0,0,0,83,1
0,1,0,310,1
24,3,0,7426,0
15,6,0,7161,0
1,0,0,1117,0
2,3,0,4434,0
1,0,0,1059,0
1,0,0,1937,0
2,0,0,2276,0
2,0,0,687,0
1,0,0,195,1
0,0,0,83,1
1,0,0,840,0
24,0,0,3918,1
24,0,0,3918,1
0,0,0,84,1
3,0,0,1886,0
0,3,0,3662,0
0,0,0,50,1
0,1,0,331,1
1,0,0,203,1
16,3,0,4899,0
0,2,0,4419,0
1,0,0,70,1
2,0,0,682,0
1,0,0,113,1
1,0,0,194,1
0,4,0,591,1
1,0,0,156,1
10,4,0,3685,0
1,0,0,366,1
1,0,0,50,1
0,0,0,214,1
2,0,0,1155,0
0,1,0,300,1
1,0,0,104,1
20,1,0,5560,0
0,0,0,397,1
2,0,0,1150,0
3,12,0,45930,0
5,24,0,3331,0
0,0,0,1739,0
4,0,0,3100,0
3,3,0,634,0
2,0,0,2153,0
0,1,0,339,1
2,0,0,2148,0
24,0,0,3918,1
0,1,0,319,1
24,0,0,3890,1
3,0,0,2306,0
1,0,0,643,1
1,0,0,71,1
1,1,0,214,1
1,0,0,991,0
0,1,0,320,1
1,0,0,181,1
1,2,0,3450,0
0,1,0,326,1
1,1,0,205,1
0,1,0,302,1
2,0,0,997,0
0,0,0,56,1
1,0,0,164,1
1,0,0,67,1
4,0,0,1075,0
0,1,0,311,1
0,1,0,311,1
1,0,0,81,1
8,1,0,1460,0
0,0,0,819,0
0,1,0,321,1
0,1,0,336,1
0,1,0,307,1
2,2,0,5639,0
24,0,0,3918,1
1,0,0,104,1
1,0,0,71,1
3,0,0,1566,0
2,0,0,1703,0
4,0,0,1940,0
1,5,0,45387,0
0,1,0,804,0
24,0,0,3906,1
2,0,0,1698,0
2,0,0,913,0
0,0,0,980,0
2,0,0,429,0
1,0,0,67,1
0,2,0,320,1
1,0,0,72,1
0,5,0,984,0
0,3,0,589,1
1,0,0,81,1
1,1,0,1524,0
1,0,0,118,1
1,0,0,47,1
0,1,0,328,1
0,0,0,1609,0
0,0,0,415,1
1,0,0,84,1
1,0,0,171,1
0,0,0,357,0
1,0,0,78,1
2,0,0,159,1
24,0,0,3918,1
0,1,0,1526,0
0,0,0,90,1
0,1,0,325,1
1,0,0,69,1
0,0,0,467,0
4,1,0,2850,0
1,0,0,75,1
24,0,0,3918,1
4,3,0,3194,0
1,0,0,74,1
0,2,0,332,1
0,1,0,303,1
0,1,0,300,1
0,0,0,220,1
0,0,0,797,0
1,0,0,68,1
1,0,0,184,1
0,0,0,3733,0
24,0,0,3895,1
0,1,0,299,1
0,0,0,1013,0
0,0,0,1460,0
0,0,0,1096,0
3,0,0,1432,0
2,1,0,285,0
4,2,0,2910,0
0,2,0,705,0
1,0,0,1938,0
2,0,0,5594,0
0,0,0,129,1
0,2,0,1478,1
3,0,0,2271,0
1,2,0,784,1
24,0,0,3918,1
8,6,0,2877,0
1,0,0,141,1
0,0,0,210,1
1,0,0,456,1
0,3,0,1340,0
1,0,0,386,0
1,0,0,77,1
1,0,0,115,1
2,1,0,4398,0
0,1,0,317,1
1,0,0,75,1
2,0,0,357,0
1,0,0,70,1
0,0,0,566,0
1,0,0,65,1
0,0,0,9372,0
24,0,0,3918,1
1,1,0,488,1
5,2,0,2848,0
2,0,0,173,1
24,0,0,3891,1
1,0,0,152,1
0,1,0,296,1
1,0,0,110,1
0,0,0,1132,0
2,0,0,149,1
0,0,0,1113,0
24,0,0,3918,1
0,0,0,334,0
0,1,0,315,1
24,0,0,3918,1
4,1,0,2335,0
1,0,0,491,1
6,0,0,7216,0
1,0,0,106,1
1,0,0,183,1
24,0,0,3918,1
24,0,0,3918,1
43,1,0,7359,0
1,0,0,72,1
1,0,0,66,1
1,0,0,73,1
2,1,0,1667,0
0,0,0,2909,0
1,0,0,984,0
5,3,0,4601,0
0,1,0,498,0
4,0,0,5827,0
0,8,0,1342,0
13,2,0,16823,0
6,1,0,4930,0
24,0,0,3918,1
4,0,0,2047,0
1,1,0,1648,0
1,0,0,86,1
24,0,0,3918,1
24,0,0,3918,1
5,0,0,2704,0
1,0,0,160,1
0,1,0,318,1
1,0,0,154,1
2,0,0,952,0
2,0,0,3195,0
0,1,0,306,1
1,0,0,104,1
3,0,0,2293,0
1,0,0,115,1
15,2,0,3854,0
1,0,0,176,1
1,0,0,160,1
1,2,0,55072,0
24,0,0,3918,1
5,0,0,898,0
1,0,0,106,1
0,1,0,336,1
0,1,0,332,1
1,0,0,68,1
1,0,0,171,1
4,0,0,1773,0
2,0,0,3110,0
1,0,0,196,1
1,0,0,125,1
0,1,0,308,1
0,0,0,1269,0
1,0,0,96,1
1,0,0,169,1
1,0,0,114,1
2,0,0,3105,0
0,0,0,214,1
1,0,0,125,1
0,0,0,439,0
24,0,0,3894,1
1,0,0,176,1
1,7,0,1934,0
2,0,0,189,1
2,0,0,173,1
1,0,0,981,0
1,0,0,308,1
0,0,0,919,0
0,0,0,254,1
1,1,0,3343,0
4,0,0,1575,0
0,1,0,328,1
1,0,0,643,1
0,1,0,309,1
1,0,0,2318,0
1,0,0,318,1
24,0,0,3895,1
24,0,0,3918,1
24,0,0,3894,1
0,0,0,820,0
1,0,0,107,1
2,0,0,181,1
3,0,0,2330,0
1,0,0,62,1
1,0,0,157,1
3,0,0,6691,0
1,1,0,1361,0
5,1,0,3643,0
9,2,0,4440,0
0,0,0,744,0
2,0,0,339,0
0,0,0,894,0
2,3,0,2051,0
1,0,0,99,1
1,0,0,169,1
5,17,0,12910,0
5,2,0,2824,0
24,0,0,3918,1
8,0,0,6167,0
0,0,0,754,0
1,0,0,641,1
0,0,0,1141,0
24,0,0,3918,1
11,5,0,13601,0
24,0,0,3894,1
1,0,0,264,1
6,0,0,5052,0
1,0,0,73,1
24,0,0,3894,1
24,0,0,3894,1
0,0,0,342,0
0,0,0,295,1
4,1,0,1878,0
1,0,0,175,1
11,3,0,4252,0
0,0,0,299,1
1,1,0,2325,0
0,1,0,316,1
7,0,0,9468,0
0,1,0,332,1
24,0,0,3918,1
0,1,0,442,0
1,1,0,766,1
24,0,0,3918,1
0,0,0,820,0
2,0,0,164,1
1,0,0,164,1
0,1,0,306,1
4,1,0,1737,0
57,13,0,143996,0
1,0,0,193,1
1,1,0,600,1
1,1,0,1717,0
0,0,0,280,1
1,1,0,839,1
2,0,0,2413,0
24,0,0,3918,1
24,0,0,3894,1
0,0,0,1281,0
0,1,0,334,1
0,0,0,293,1
0,3,0,601,1
1,0,0,172,1
0,0,0,296,1
3,0,0,490,0
0,0,0,1262,0
1,0,0,201,1
1,0,0,171,1
0,2,0,3451,0
0,2,0,815,0
1,1,0,618,0
24,0,0,3918,1
0,2,0,82,1
4,2,0,1377,0
24,0,0,3918,1
1,0,0,158,1
1,0,0,70,1
1,0,0,163,1
0,0,0,421,1
1,0,0,170,0
0,0,0,55,1
1,1,0,634,1
1,0,0,223,1
1,1,0,1299,0
4,0,0,882,0
24,0,0,3918,1
0,1,0,320,1
2,6,0,1800,0
1,2,0,3793,0
0,0,0,391,1
0,0,0,344,1
0,0,0,4128,0
0,0,0,493,0
1,0,0,445,0
0,6,0,745,0
2,0,0,1552,0
1,0,0,366,0
1,0,0,1109,0
1,2,0,40950,0
1,0,0,643,1
2,0,0,1811,0
1,0,0,238,1
2,0,0,926,0
1,0,0,636,1
2,8,0,2607,0
1,0,0,75,1
1,2,0,1918,0
3,0,0,860,0
2,8,0,3274,0
0,1,0,317,1
1,0,0,69,1
2,0,0,155,1
0,2,0,315,1
1,0,0,389,0
1,0,0,163,1
2,0,0,2038,0
0,1,0,315,1
0,1,0,311,1
0,0,0,3716,0
24,0,0,3918,1
0,0,0,93,1
1,0,0,67,1
0,0,0,19,0
1,0,0,68,1
2,0,0,539,0
2,2,0,1513,0
0,0,0,935,0
24,0,0,3918,1
0,6,0,1269,0
24,0,0,3918,1
1,0,0,462,1
1,0,0,3995,0
1,0,0,185,0
24,0,0,3918,1
24,0,0,3918,1
1,0,0,109,1
0,1,0,698,0
1,0,0,167,1
2,0,0,714,0
1,0,0,107,1
1,1,0,702,0
1,0,0,140,1
1,0,0,94,1
0,0,0,164,0
1,0,0,170,1
0,0,0,244,1
2,0,0,5720,0
1,0,0,105,1
0,1,0,315,1
1,0,0,170,1
15,2,0,16608,0
0,0,0,2233,0
1,0,0,175,1
0,1,0,308,1
3,0,0,3008,0
1,0,0,165,1
0,0,0,289,1
1,0,0,575,0
3,1,0,3627,0
24,0,0,3918,1
0,1,0,333,1
0,0,0,1036,0
0,1,0,322,1
0,1,0,332,1
24,0,0,3918,1
2,0,0,675,0
1,0,0,171,1
1,0,0,71,1
1,0,0,171,1
3,0,0,206,1
4,0,0,6103,0
0,0,0,82,1
3,0,0,4144,0
0,1,0,318,1
1,1,0,108,1
1,0,0,2231,0
0,0,0,472,1
1,0,0,220,1
1,0,0,72,1
0,6,0,1143,0
2,4,0,2101,0
1,0,0,155,1
2,0,0,1040,0
0,0,0,253,0
24,0,0,3918,1
1,0,0,148,1
2,3,0,711,0
1,0,0,150,1
0,1,0,325,1
0,1,0,309,1
3,0,0,812,0
1,0,0,78,1
0,0,0,75,1
4,0,0,2017,0
1,1,0,705,1
2,0,0,443,0
1,0,0,235,1
1,0,0,466,0
2,0,0,966,0
0,0,0,347,0
3,5,0,1020,0
1,0,0,1607,0
0,0,0,961,0
0,3,0,710,0
1,0,0,139,1
2,1,0,178,1
1,0,0,47,1
1,1,0,215,1
0,0,0,1419,0
1,1,0,654,1
1,0,0,67,1
0,0,0,424,0
1,0,0,85,1
1,0,0,82,1
4,1,0,666,0
0,0,0,411,1
0,0,0,215,1
0,0,0,198,1
0,3,0,593,1
1,1,0,827,0
1,0,0,511,0
0,1,0,338,1
1,0,0,417,0
1,0,0,167,1
1,0,0,624,0
1,0,0,92,1
1,1,0,633,1
1,0,0,628,0
0,0,0,1284,0
1,0,0,180,1
1,0,0,675,0
1,1,0,103,1
1,0,0,104,1
0,4,0,4842,0
0,0,0,256,1
0,0,0,843,0
1,6,0,5673,0
1,0,0,309,1
1,0,0,77,1
1,0,0,455,1
2,0,0,907,0
1,0,0,66,1
1,0,0,322,1
0,1,0,1213,0
1,0,0,246,1
2,0,0,188,1
134,19,0,18964,0
1,0,0,383,1
1,0,0,163,1
0,4,0,589,1
1,0,0,1092,0
1,0,0,78,1
1,0,0,89,1
1,0,0,100,1
0,1,0,312,1
0,1,0,335,1
0,0,0,69,1
2,0,0,2869,0
0,0,0,1471,0
1,0,0,107,1
0,1,0,304,1
0,1,0,323,1
1,0,0,396,1
3,0,0,550,0
1,0,0,83,1
2,0,0,868,0
1,2,0,812,0
0,3,0,1504,1
24,0,0,3918,1
1,0,0,67,1
1,0,0,177,1
1,0,0,244,1
2,0,0,495,1
0,0,0,100,1
1,0,0,312,1
12,1,0,3653,0
4,16,0,2979,0
0,1,0,2139,0
0,7,0,3502,0
1,0,0,80,1
1,0,0,431,1
0,2,0,304,1
1,0,0,176,1
1,0,0,319,1
4,0,0,1397,0
1,0,0,326,1
2,0,0,2864,0
0,1,0,301,1
0,1,0,319,1
1,0,0,198,1
0,1,0,329,1
0,0,0,452,0
1,0,0,60,1
0,0,0,253,1
1,0,0,88,1
0,0,0,915,0
0,4,0,594,1
0,0,0,833,0
0,0,0,55,1
0,3,0,598,1
0,0,0,91,1
1,0,0,81,1
1,0,0,99,1
0,1,0,317,1
2,0,0,1449,0
0,1,0,299,1
0,0,0,247,1
0,2,0,146,1
0,1,0,316,1
0,0,0,329,0
0,0,0,251,1
2,0,0,908,0
1,0,0,152,1
1,0,0,172,1
0,0,0,334,0
1,0,0,72,1
0,2,0,1478,1
0,1,0,315,1
0,0,0,2275,0
24,0,0,3918,1
1,0,0,167,1
24,0,0,3894,1
2,0,0,1444,0
0,0,0,1037,0
0,0,0,252,1
0,3,0,580,1
2,1,0,995,0
0,0,0,251,1
0,1,0,330,1
2,0,0,158,1
0,2,0,4590,0
1,0,0,158,1
0,1,0,2168,0
1,0,0,80,1
0,0,0,243,1
3,3,0,1380,0
1,0,0,97,1
0,1,0,317,1
1,1,0,100,1
2,0,0,3176,0
1,0,0,110,1
1,0,0,164,1
1,0,0,67,1
1,0,0,103,1
2,0,0,179,1
0,1,0,308,1
0,0,0,98,1
1,0,0,285,1
27,2,0,11355,0
0,0,0,167,0
0,1,0,313,1
1,1,0,198,1
1,0,0,85,1
1,0,0,103,1
0,0,0,1471,0
0,4,0,590,1
24,0,0,3895,1
1,0,0,160,1
1,0,0,179,1
24,0,0,3894,1
1,0,0,331,0
1,0,0,111,1
1,0,0,83,1
0,1,0,319,1
0,0,0,673,0
1,0,0,168,1
0,1,0,322,1
8,2,0,5590,0
0,0,0,38,1
1,0,0,198,1
1,0,0,95,1
1,0,0,538,0
24,0,0,3894,1
1,1,0,675,0
0,1,0,297,1
0,0,0,507,0
1,0,0,145,1
2,0,0,1194,0
0,0,0,92,1
0,3,0,580,1
0,0,0,604,0
0,1,0,298,1
1,0,0,341,1
2,0,0,2059,0
0,0,0,253,1
1,0,0,238,1
1,0,0,1683,0
3,0,0,1129,0
24,0,0,3895,1
1,0,0,176,1
1,0,0,89,1
2,3,0,985,0
1,0,0,165,1
0,1,0,325,1
1,0,0,1260,0
0,1,0,319,1
0,2,0,73,1
1,0,0,86,1
0,1,0,315,1
1,0,0,165,1
0,0,0,1044,0
0,0,0,37,1
0,0,0,1587,0
24,0,0,3918,1
2,1,0,1806,0
1,0,0,300,1
1,0,0,259,1
0,1,0,325,1
0,1,0,343,1
0,0,0,1906,0
1,0,0,120,1
0,1,0,128,1
24,0,0,3895,1
4,0,0,321,0
0,1,0,401,0
0,1,0,304,1
0,0,0,34,1
3,1,0,2688,0
0,0,0,236,1
1,0,0,326,1
1,0,0,90,1
1,0,0,183,1
0,1,0,327,1
1,1,0,1250,0
0,0,0,38,1
0,1,0,322,1
1,0,0,112,1
2,0,0,1817,0
13,1,0,6982,0
1,0,0,74,1
1,0,0,67,1
0,0,0,409,0
0,1,0,320,1
1,0,0,72,1
2,0,0,680,0
0,1,0,309,1
1,0,0,292,1
1,0,0,78,1
1,0,0,290,1
5,0,0,1429,0
1,0,0,77,1
0,0,0,90,1
0,1,0,308,1
1,0,0,310,1
1,1,0,585,1
24,0,0,3894,1
6,0,0,1386,0
24,0,0,3918,1
2,0,0,1199,0
0,7,0,5502,0
24,0,0,3918,1
1,1,0,627,1
0,0,0,66,1
2,0,0,2544,0
0,0,0,209,1
6,0,0,1443,0
0,0,0,77,1
0,0,0,898,0
0,1,0,316,1
1,0,0,66,1
1,0,0,159,1
6,1,0,3905,0
1,0,0,79,1
1,0,0,296,1
0,0,0,264,1
51,0,0,16763,0
0,0,0,485,1
2,1,0,4049,0
24,0,0,3918,1
0,3,0,3880,0
0,1,0,337,1
1,0,0,85,1
24,0,0,3918,1
2,1,0,1265,0
77,3,0,16103,0
0,0,0,1023,0
0,2,0,376,0
5,4,0,4458,0
5,4,0,4438,0
1,0,0,608,0
1,0,0,175,1
0,0,0,337,0
1,0,0,1211,1
0,0,0,290,1
0,0,0,248,1
2,0,0,1270,0
0,6,0,4204,0
1,0,0,165,1
6,1,0,1584,0
1,0,0,141,1
3,0,0,2700,0
1,1,0,659,1
0,0,0,428,1
1,0,0,73,1
7,6,0,3089,0
2,0,0,173,1
1,0,0,82,1
1,2,0,876,0
0,0,0,131,1
1,0,0,209,1
0,0,0,90,1
48,9,0,8406,0
0,0,0,62,1
0,1,0,345,1
1,0,0,3376,0
6,1,0,19347,0
1,0,0,170,1
0,4,0,580,1
0,1,0,317,1
0,1,0,324,1
0,2,0,689,0
0,1,0,326,1
0,1,0,338,1
1,0,0,160,1
24,0,0,3918,1
0,1,0,324,1
0,1,0,169,0
1,0,0,105,1
1,1,0,736,1
0,4,0,594,1
0,1,0,332,1
0,0,0,1363,0
1,0,0,495,1
1,0,0,90,1
1,0,0,479,1
0,0,0,1473,0
0,1,0,328,1
0,1,0,542,1
0,0,0,98,0
1,0,0,118,1
0,0,0,361,0
1,0,0,169,1
1,0,0,88,1
1,0,0,168,1
1,0,0,74,1
0,0,0,1775,0
0,2,0,5452,0
0,1,0,297,1
0,0,0,61,1
0,1,0,310,1
0,0,0,1409,0
1,2,0,657,1
2,0,0,180,1
1,1,0,201,1
2,1,0,778,0
0,1,0,326,1
1,0,0,128,1
1,0,0,81,1
1,0,0,126,1
1,0,0,99,1
1,1,0,109,1
0,1,0,312,1
1,0,0,229,1
7,0,0,9797,0
0,0,0,455,1
0,1,0,340,1
0,1,0,342,1
0,0,0,240,1
0,0,0,814,0
0,1,0,327,1
1,0,0,77,1
1,1,0,4851,0
1,0,0,75,1
1,0,0,82,1
1,0,0,202,1
1,0,0,173,1
1,1,0,1396,0
6,2,0,3376,0
1,0,0,111,1
0,1,0,311,1
1,1,0,705,1
0,1,0,320,1
1,0,0,198,1
0,0,0,147,1
24,0,0,3918,1
0,1,0,323,1
1,0,0,183,1
0,1,0,323,1
1,0,0,165,1
24,0,0,3918,1
1,0,0,110,1
0,4,0,583,1
24,0,0,3918,1
1,1,0,208,1
0,0,0,72,1
24,0,0,3918,1
24,0,0,3918,1
1,0,0,246,1
0,3,0,593,1
30,3,0,11446,0
2,1,0,1216,0
3,1,0,1225,0
2,0,0,844,0
8,0,0,3838,0
3,1,0,781,0
1,0,0,149,1
1,0,0,528,0
0,1,0,317,1
0,0,0,64,1
1,0,0,221,1
0,1,0,137,1
24,0,0,3918,1
0,4,0,6446,0
24,0,0,3918,1
1,0,0,293,1
0,3,0,579,1
0,0,0,497,0
24,0,0,3918,1
1,0,0,159,1
1,0,0,273,1
1,0,0,147,1
1,0,0,189,1
24,0,0,3918,1
1,0,0,86,1
0,0,0,950,0
1,0,0,62,1
0,1,0,325,1
2,1,0,2974,0
10,2,0,11907,0
1,0,0,288,1
1,0,0,137,1
0,0,0,3026,0
2,0,0,142,1
1,0,0,166,1
4,0,0,944,0
0,1,0,325,1
0,1,0,309,1
24,0,0,3918,1
1,3,0,9722,0
0,0,0,465,1
1,0,0,993,0
24,0,0,3918,1
24,0,0,3918,1
24,0,0,3893,1
1,0,0,534,0
0,0,0,71,1
0,0,0,4450,0
1,0,0,86,1
1,1,0,769,1
2,0,0,548,0
24,0,0,3918,1
0,1,0,312,1
0,1,0,325,1
0,0,0,248,1
0,0,0,252,1
1,0,0,397,0
1,0,0,184,1
6,0,0,1439,0
0,1,0,306,1
0,0,0,247,1
0,1,0,640,1
24,0,0,3893,1
24,0,0,3895,1
24,0,0,3894,1
0,1,0,111,1
0,1,0,319,1
24,0,0,3894,1
17,1,0,3795,0
0,1,0,315,1
24,0,0,3894,1
2,1,0,1620,0
24,0,0,3918,1
1,0,0,150,1
24,0,0,3918,1
0,0,0,530,0
0,0,0,73,1
1,0,0,169,1
24,0,0,3918,1
2,0,0,148,1
1,0,0,1931,0
1,0,0,305,1
24,0,0,3918,1
24,0,0,3918,1
0,3,0,567,1
24,0,0,3918,1
0,1,0,639,1
0,0,0,4313,0
2,3,0,6408,0
0,0,0,359,1
0,1,0,327,1
24,0,0,3918,1
24,0,0,3918,1
2,0,0,735,0
1,0,0,86,1
1,0,0,496,1
24,0,0,3918,1
0,0,0,87,0
1,0,0,272,1
24,0,0,3918,1
0,1,0,322,1
24,0,0,3894,1
24,0,0,3894,1
24,0,0,3895,1
24,0,0,3895,1
2,1,0,2224,0
1,0,0,70,1
0,0,0,971,1
17,0,0,2791,0
24,0,0,3918,1
1,0,0,174,1
1,0,0,72,1
24,0,0,3918,1
24,0,0,3895,1
2,0,0,621,0
7,1,0,2312,0
17,2,0,5350,0
0,0,0,339,0
0,0,0,1023,0
4,1,0,9759,0
6,0,0,1007,0
8,0,0,3282,0
1,0,0,178,1
1,0,0,131,1
1,0,0,111,1
2,0,0,366,0
2,0,0,149,1
1,0,0,174,1
1,0,0,312,0
1,0,0,222,1
24,0,0,3895,1
0,0,0,3624,0
1,0,0,70,1
2,1,0,177,1
31,10,0,39158,0
1,0,0,258,1
3,0,0,14697,0
24,0,0,3894,1
0,0,0,224,0
24,0,0,3895,1
24,0,0,3895,1
1,0,0,1016,0
0,0,0,34,1
3,0,0,631,0
1,1,0,965,1
24,0,0,3918,1
1,1,0,1003,0
0,1,0,219,1
0,4,0,595,1
0,0,0,98,1
1,0,0,182,1
1,0,0,659,0
0,0,0,722,0
1,0,0,84,1
1,0,0,67,1
2,3,0,4571,0
24,0,0,3918,1
1,0,0,482,0
0,1,0,175,1
1,0,0,667,0
1,0,0,76,1
1,0,0,78,1
0,1,0,312,1
1,0,0,50,1
3,0,0,1212,0
4,0,0,30310,0
2,0,0,164,1
24,0,0,3918,1
1,0,0,1334,0
1,0,0,90,1
2,0,0,5644,0
1,0,0,168,1
24,0,0,3918,1
0,0,0,737,0
1,0,0,200,1
5,0,0,2207,0
0,0,0,46,1
1,0,0,89,1
0,11,0,1413,0
0,0,0,90,1
1,0,0,1730,0
0,1,0,323,1
24,0,0,3918,1
0,0,0,119,1
3,6,0,18384,0
0,0,0,90,1
3,0,0,636,0
0,1,0,329,1
0,1,0,327,1
78,3,0,96498,0
3,0,0,3220,0
24,0,0,3918,1
4,0,0,856,0
1,0,0,366,1
1,1,0,3253,0
2,0,0,928,0
1,0,0,106,1
1,0,0,224,1
0,0,0,804,0
0,0,0,465,1
1,0,0,384,1
0,0,0,91,1
0,0,0,4517,0
1,0,0,164,1
2,1,0,3205,0
0,2,0,1184,0
2,0,0,148,1
0,2,0,1621,0
0,0,0,458,1
1,1,0,1182,0
0,0,0,254,1
24,0,0,3918,1
0,0,0,45,1
1,0,0,652,0
0,0,0,225,1
1,0,0,641,0
0,3,0,595,1
0,0,0,77,1
2,0,0,413,0
2,0,0,1400,0
3,0,0,1625,0
24,0,0,3895,1
1,0,0,79,1
1,2,0,496,0
1,0,0,163,1
0,0,0,429,1
1,0,0,336,1
1,0,0,200,1
1,0,0,337,1
24,0,0,3918,1
0,4,0,780,0
1,0,0,207,1
1,0,0,241,1
1,0,0,198,1
1,0,0,223,1
0,0,0,46,1
3,0,0,929,0
0,0,0,78,1
24,0,0,3895,1
3,0,0,560,0
1,0,0,173,1
0,0,0,90,1
1,0,0,147,1
1,0,0,454,1
1,1,0,922,1
0,0,0,45,1
2,0,0,834,0
24,0,0,3895,1
1,0,0,225,1
24,0,0,3895,1
0,1,0,142,1
0,0,0,263,1
1,0,0,196,1
24,0,0,3929,1
1,0,0,207,1
1,0,0,244,1
1,0,0,145,1
6,13,0,21861,0
0,0,0,55,1
2,2,0,4981,0
0,0,0,229,1
1,1,0,597,1
24,0,0,3894,1
1,0,0,259,1
24,0,0,3895,1
1,0,0,134,1
8,0,0,18266,0
1,0,0,275,1
1,0,0,373,1
9,0,0,14001,0
1,0,0,216,1
1,0,0,169,1
0,0,0,57,1
5,4,0,2200,0
0,0,0,137,1
1,0,0,543,1
0,0,0,291,1
0,1,0,336,1
0,1,0,119,1
24,0,0,3895,1
1,0,0,123,1
24,0,0,3895,1
1,0,0,102,1
1,0,0,239,1
1,0,0,225,1
1,0,0,108,1
24,0,0,3895,1
1,0,0,166,1
0,0,0,108,1
1,0,0,191,1
1,0,0,91,1
1,0,0,76,1
24,0,0,3895,1
24,0,0,3894,1
0,3,0,581,1
1,0,0,179,1
1,0,0,343,1
24,0,0,3895,1
0,0,0,60,1
1,0,0,181,1
0,0,0,74,1
1,0,0,174,1
1,0,0,641,1
1,0,0,647,1
1,0,0,153,1
1,0,0,78,1
0,0,0,659,0
0,0,0,280,1
3,1,0,5539,0
1,0,0,67,1
0,1,0,330,1
1,0,0,78,1
1,0,0,639,1
1,0,0,79,1
0,0,0,55,1
1,0,0,168,1
1,0,0,274,1
1,0,0,170,1
1,0,0,99,1
0,0,0,66,1
0,0,0,287,1
1,0,0,95,1
1,0,0,239,1
1,0,0,241,1
1,0,0,159,1
1,0,0,277,1
0,1,0,335,1
24,0,0,3918,1
0,1,0,126,1
1,0,0,173,1
1,0,0,71,1
0,0,0,210,1
1,0,0,109,1
0,0,0,68,1
1,0,0,211,1
1,0,0,175,1
0,4,0,585,1
1,0,0,96,1
0,3,0,588,1
0,0,0,292,1
1,0,0,167,1
1,0,0,182,1
0,0,0,238,1
24,0,0,3918,1
0,0,0,129,1
8,14,0,2877,0
0,0,0,129,1
0,0,0,85,1
1,0,0,155,1
2,0,0,1694,0
1,0,0,345,1
1,0,0,178,1
1,0,0,710,0
0,0,0,176,0
1,1,0,1071,0
1,2,0,760,0
1,0,0,136,1
1,0,0,641,1
0,0,0,678,0
0,0,0,285,1
24,0,0,3895,1
1,0,0,974,0
1,0,0,180,1
1,0,0,85,1
1,0,0,265,1
24,0,0,3918,1
10,5,0,2357,0
0,4,0,586,1
6,1,0,3164,0
0,1,0,316,1
0,3,0,642,1
3,2,0,2362,0
1,0,0,511,0
0,0,0,260,0
48,3,0,7481,0
0,0,0,63,1
1,1,0,699,1
4,3,0,2233,0
1,0,0,426,1
0,0,0,288,1
1,0,0,775,0
2,0,0,5937,0
1,0,0,411,0
2,0,0,447,0
2,2,0,2195,0
2,0,0,1298,0
2,0,0,3884,0
2,1,0,1484,0
1,0,0,158,1
1,0,0,114,1
1,1,0,1712,0
24,0,0,3894,1
1,0,0,114,1
1,0,0,112,1
1,0,0,2274,0
1,1,0,1409,0
0,1,0,638,1
1,0,0,106,1
2,0,0,423,0
0,0,0,210,1
0,0,0,53,1
0,3,0,579,1
0,0,0,66,1
1,0,0,80,1
1,0,0,55,1
0,4,0,644,1
0,3,0,651,1
0,0,0,77,1
0,3,0,656,1
1,0,0,146,1
1,0,0,174,1
1,0,0,110,1
1,0,0,207,1
1,0,0,77,1
1,0,0,60,1
1,0,0,167,1
2,0,0,148,1
1,0,0,201,1
1,0,0,545,1
0,4,0,576,1
24,0,0,3918,1
3,0,0,778,0
2,0,0,146,1
1,0,0,162,1
1,0,0,602,0
1,0,0,174,1
1,1,0,448,1
1,0,0,399,1
0,0,0,129,1
0,4,0,630,1
1,0,0,329,1
1,0,0,118,1
1,0,0,214,1
4,2,0,2654,0
1,0,0,168,1
0,0,0,443,0
1,3,0,3403,0
7,0,0,6670,0
1,0,0,90,1
1,0,0,683,0
0,4,0,595,1
0,3,0,4651,0
13,4,0,7174,0
1,1,0,987,0
1,0,0,486,1
1,0,0,193,1
0,0,0,67,1
1,0,0,339,1
1,0,0,555,0
0,0,0,96,1
1,0,0,717,0
0,2,0,842,0
1,0,0,166,1
24,0,0,3918,1
7,1,0,11027,0
1,0,0,954,0
1,0,0,3410,0
0,2,0,1475,1
1,0,0,645,1
1,0,0,69,1
0,0,0,151,1
1,0,0,76,1
1,0,0,93,1
1,0,0,298,1
3,0,0,534,0
1,0,0,271,1
2,0,0,954,0
0,1,0,322,1
1,2,0,888,1
1,0,0,492,0
0,3,0,4249,0
0,0,0,232,1
1,0,0,205,1
1,0,0,163,1
0,2,0,1739,0
1,0,0,522,1
24,0,0,3918,1
1,0,0,2000,0
0,3,0,2487,0
2,0,0,758,0
0,0,0,50,1
1,0,0,86,1
1,1,0,617,1
0,2,0,1733,0
0,0,0,54,1
1,1,0,625,1
0,2,0,1253,0
2,3,0,5147,0
2,0,0,1033,0
0,0,0,168,0
0,0,0,176,0
1,0,0,225,1
0,0,0,1218,0
0,0,0,50,1
1,0,0,106,1
1,0,0,187,1
0,4,0,2027,0
1,0,0,1070,0
0,3,0,587,1
1,0,0,222,1
2,0,0,1038,0
1,0,0,1113,0
0,0,0,221,1
0,0,0,102,1
0,4,0,1858,0
0,0,0,232,1
1,0,0,366,1
1,0,0,1293,0
1,1,0,851,1
2,0,0,1047,0
1,0,0,226,1
1,0,0,866,0
1,0,0,238,1
4,0,0,1667,0
1,0,0,212,1
0,3,0,1966,0
1,0,0,181,1
0,1,0,341,1
0,1,0,221,1
0,0,0,129,1
1,0,0,169,1
1,0,0,666,0
1,0,0,83,1
0,0,0,97,1
3,6,0,861,0
1,0,0,83,1
0,0,0,281,1
1,0,0,472,1
1,0,0,171,1
6,8,0,3699,0
1,0,0,244,1
1,0,0,399,1
4,0,0,6101,0
0,0,0,45,1
0,4,0,592,1
0,0,0,260,1
4,0,0,1296,0
7,8,0,3801,0
4,1,0,2423,0
0,0,0,397,0
0,9,0,846,0
0,0,0,4252,0
1,8,0,2972,0
0,3,0,1133,0
1,0,0,171,1
0,0,0,243,1
1,0,0,3097,0
0,0,0,842,1
0,0,0,57,1
1,1,0,871,1
14,6,0,19167,0
0,1,0,141,1
1,0,0,246,1
0,0,0,46,1
0,1,0,324,1
3,1,0,4190,0
0,0,0,41,1
1,1,0,945,1
6,0,0,12071,0
1,0,0,1345,0
1,0,0,185,1
1,0,0,173,1
0,0,0,112,1
1,0,0,164,1
10,3,0,25392,0
0,0,0,441,1
1,0,0,208,1
6,0,0,1657,0
0,1,0,132,1
0,0,0,242,1
1,0,0,579,0
0,0,0,132,1
1,0,0,265,1
0,9,0,5343,0
1,0,0,180,1
0,3,0,1504,1
0,0,0,1038,0
0,0,0,51,1
1,0,0,491,1
0,0,0,87,1
3,4,0,736,0
24,0,0,3918,1
0,0,0,45,1
1,0,0,171,1
1,0,0,1220,0
1,0,0,400,1
0,1,0,330,1
1,0,0,307,1
0,0,0,67,1
1,0,0,1506,0
1,0,0,270,1
1,0,0,491,0
1,0,0,198,1
1,0,0,186,1
1,1,0,1573,0
0,1,0,318,1
0,0,0,242,1
1,0,0,172,1
1,2,0,17234,0
0,0,0,3730,0
1,0,0,100,1
1,0,0,309,1
0,0,0,47,1
1,0,0,131,1
2,0,0,1658,0
0,0,0,46,1
1,0,0,170,1
0,0,0,241,1
0,3,0,598,1
2,0,0,1502,0
1,0,0,169,1
24,0,0,3918,1
1,0,0,200,1
0,3,0,972,0
0,1,0,317,1
0,0,0,86,1
0,0,0,2435,0
1,0,0,212,1
1,0,0,196,1
0,0,0,5791,0
0,0,0,64,1
2,0,0,635,0
1,0,0,645,1
1,0,0,162,1
0,0,0,122,1
9,0,0,2228,0
1,0,0,149,1
1,0,0,145,1
24,0,0,3894,1
1,2,0,1711,0
1,0,0,163,1
1,5,0,1087,0
2,0,0,555,0
1,0,0,1727,0
8,11,0,4929,0
0,0,0,7212,0
2,0,0,4995,0
1,1,0,1168,0
1,7,0,5087,0
0,0,0,412,1
1,0,0,89,1
3,0,0,4424,0
1,0,0,228,1
5,0,0,3846,0
24,0,0,3895,1
1,0,0,66,1
1,0,0,107,1
24,0,0,3918,1
0,0,0,821,1
1,0,0,548,0
0,4,0,600,1
0,2,0,2291,0
1,0,0,166,1
1,0,0,178,1
24,0,0,3918,1
2,1,0,6601,0
1,0,0,147,1
4,0,0,508,0
1,0,0,173,1
24,0,0,3918,1
4,1,0,2637,0
24,0,0,3918,1
0,4,0,598,1
2,0,0,7317,0
1,0,0,180,1
1,0,0,151,1
108,8,0,32948,0
3,4,0,6901,0
3,4,0,6040,0
0,0,0,589,0
0,0,0,727,0
0,0,0,1800,0
2,0,0,1202,0
2,0,0,763,0
0,0,0,147,0
1,0,0,147,1
0,0,0,129,1
24,0,0,3918,1
8,3,0,11853,0
1,1,0,645,1
24,0,0,3918,1
3,2,0,1819,0
0,0,0,129,1
24,0,0,3918,1
0,0,0,76,1
1,0,0,805,0
0,4,0,598,1
1,0,0,209,1
0,1,0,869,0
24,0,0,3918,1
1,1,0,1037,0
1,0,0,181,1
0,0,0,223,1
0,3,0,596,1
3,2,0,5164,0
0,1,0,306,1
0,2,0,621,0
1,4,0,79074,0
3,0,0,3084,0
0,0,0,686,0
0,0,0,914,0
1,0,0,1285,0
0,0,0,1002,0
0,1,0,745,0
1,0,0,515,0
0,3,0,591,1
0,0,0,725,0
24,0,0,3918,1
2,1,0,1629,0
1,0,0,76,1
1,0,0,67,1
0,0,0,1583,0
0,0,0,54,1
1,0,0,244,1
1,0,0,2191,0
24,0,0,3918,1
22,2,0,5693,0
7,0,0,9251,0
2,1,0,2442,0
4,2,0,4610,0
0,0,0,543,0
0,4,0,7683,0
0,0,0,1358,0
1,0,0,384,0
0,0,0,223,1
1,0,0,767,0
0,4,0,587,1
7,0,0,2645,0
24,0,0,3918,1
0,0,0,669,0
0,4,0,1418,0
2,0,0,1652,0
1,0,0,159,1
1,0,0,72,1
1,1,0,1752,0
5,0,0,4135,0
0,1,0,866,0
1,0,0,179,1
0,0,0,674,0
1,1,0,216,0
0,2,0,4011,0
18,2,0,9212,0
0,0,0,657,0
0,0,0,1164,0
0,0,0,378,0
1,0,0,653,0
1,0,0,287,1
0,0,0,2778,0
0,4,0,598,1
0,0,0,53,1
0,2,0,66,1
2,0,0,2826,0
0,3,0,581,1
1,0,0,171,1
1,0,0,420,1
0,1,0,728,0
1,0,0,649,1
0,1,0,837,0
15,5,0,6852,0
0,0,0,4781,0
5,0,0,10211,0
0,2,0,988,0
2,2,0,5729,0
1,6,0,45770,0
3,0,0,5169,0
1,0,0,181,1
0,0,0,319,0
0,0,0,83,1
0,0,0,56,1
2,0,0,1056,0
0,4,0,580,1
1,0,0,175,1
0,0,0,52,1
0,0,0,57,1
1,0,0,802,0
1,0,0,161,1
0,0,0,96,1
0,1,0,883,0
24,0,0,3918,1
0,0,0,86,1
0,0,0,1054,0
2,0,0,1817,0
2,0,0,1670,0
0,0,0,2552,0
0,1,0,1114,0
2,0,0,1380,0
0,2,0,1198,0
0,0,0,73,1
0,0,0,51,1
1,1,0,1224,0
1,0,0,134,1
0,4,0,597,1
0,0,0,146,1
6,0,0,1807,0
1,0,0,144,1
0,0,0,83,1
1,0,0,239,1
1,0,0,448,1
0,0,0,81,1
24,0,0,3918,1
0,0,0,1524,0
1,0,0,66,1
0,0,0,101,1
0,0,0,1717,0
0,0,0,39,1
0,0,0,50,1
0,0,0,127,1
1,1,0,860,1
0,0,0,47,1
14,7,0,4913,0
0,0,0,94,1
0,4,0,1271,0
0,2,0,6445,0
3,3,0,1040,0
1,1,0,2212,0
0,8,0,6855,0
5,3,0,16502,0
0,0,0,2554,0
0,0,0,40,1
1,0,0,178,1
21,7,0,29155,0
11,1,0,17523,0
0,0,0,53,1
0,1,0,566,0
0,0,0,46,1
24,0,0,3892,1
1,0,0,494,0
0,0,0,953,0
0,3,0,999,0
2,0,0,1163,0
0,0,0,1872,0
1,7,0,2450,0
1,1,0,10671,0
1,0,0,233,1
0,0,0,383,0
0,0,0,45,1
1,0,0,184,1
0,0,0,278,1
0,0,0,668,0
0,4,0,618,1
1,0,0,192,1
2,0,0,2305,0
1,0,0,217,1
0,1,0,317,1
0,0,0,136,0
8,0,0,996,0
1,0,0,1151,0
0,0,0,442,0
2,0,0,357,0
3,0,0,3439,0
4,0,0,2246,0
1,0,0,762,0
2,0,0,636,0
1,2,0,36125,0
24,0,0,3918,1
0,1,0,323,1
3,0,0,1062,0
1,0,0,387,1
1,0,0,310,1
2,0,0,1411,0
1,0,0,485,1
1,0,0,192,1
0,0,0,425,0
2,0,0,2851,0
1,0,0,176,1
0,0,0,1232,0
1,1,0,1326,0
3,2,0,2230,0
1,1,0,862,0
0,0,0,800,0
2,0,0,552,0
1,12,0,495,1
24,0,0,3918,1
24,0,0,3918,1
1,0,0,177,1
1,0,0,198,1
6,1,0,5036,0
0,0,0,55,1
1,0,0,168,1
3,0,0,522,0
0,1,0,341,1
0,6,0,6698,0
3,1,0,5477,0
2,0,0,1080,0
1,0,0,677,0
2,0,0,872,0
2,3,0,34108,0
2,0,0,547,0
1,0,0,512,0
1,0,0,5665,0
2,0,0,1296,0
0,3,0,581,1
1,1,0,2752,0
0,2,0,2866,0
10,13,0,9761,0
1,0,0,993,0
2,0,0,213,0
1,1,0,943,0
0,0,0,5600,0
6,2,0,1282,0
0,1,0,824,0
0,4,0,607,1
0,3,0,604,1
7,2,0,1754,0
1,0,0,94,1
24,0,0,3918,1
1,0,0,88,1
0,0,0,768,0
1,0,0,71,1
0,4,0,592,1
2,1,0,795,0
1,1,0,608,1
0,0,0,1364,0
0,0,0,399,0
8,0,0,1385,0
0,0,0,1085,0
3,0,0,3384,0
0,1,0,1653,0
5,0,0,3769,0
1,1,0,206,1
0,11,0,1522,0
0,0,0,129,1
1,1,0,924,0
0,1,0,325,1
0,0,0,959,1
1,0,0,2463,0
1,0,0,87,1
1,0,0,167,1
2,1,0,800,0
1,0,0,93,1
0,4,0,598,1
0,3,0,272,0
0,0,0,40,1
1,0,0,173,1
4,7,0,25919,0
16,0,0,12169,0
1,0,0,517,0
0,1,0,4951,0
0,0,0,1589,0
0,0,0,836,0
1,5,0,1149,0
3,0,0,916,0
0,1,0,329,1
0,0,0,550,1
3,82,0,25297,0
0,0,0,43,1
0,3,0,585,1
0,0,0,248,0
1,1,0,622,1
1,1,0,706,1
1,0,0,151,1
0,0,0,717,0
0,1,0,339,1
0,2,0,1482,1
0,1,0,3000,0
0,0,0,563,0
3,3,0,5312,0
3,0,0,1108,0
0,0,0,725,0
0,1,0,1162,0
2,0,0,765,0
0,0,0,81,1
1,0,0,151,1
0,0,0,274,1
24,0,0,3918,1
3,0,0,999,0
1,0,0,171,1
0,0,0,45,1
2,0,0,399,0
1,0,0,235,1
1,0,0,151,1
1,1,0,919,1
0,0,0,2279,0
0,0,0,598,0
5,0,0,1527,0
2,0,0,989,0
3,0,0,3592,0
0,0,0,462,0
3,0,0,2025,0
2,0,0,1211,0
0,0,0,57,1
0,0,0,1000,0
0,0,0,251,1
1,0,0,154,1
0,0,0,657,0
0,5,0,832,0
11,0,0,4619,0
2,0,0,1206,0
1,0,0,1404,0
0,0,0,1213,0
50,7,0,21705,0
1,1,0,610,1
1,0,0,179,1
3,0,0,2267,0
0,0,0,553,0
1,0,0,195,1
4,1,0,1067,0
0,0,0,603,0
0,1,0,332,1
24,0,0,3894,1
1,0,0,211,1
7,2,0,2869,0
0,0,0,47,1
0,0,0,303,0
0,0,0,675,0
2,1,0,1521,0
7,0,0,1871,0
0,3,0,586,1
0,0,0,79,1
0,0,0,102,1
0,0,0,82,1
0,0,0,126,1
1,0,0,649,1
0,1,0,344,1
1,0,0,274,1
0,0,0,218,1
0,4,0,587,1
1,0,0,176,1
1,0,0,149,1
24,0,0,3918,1
0,0,0,110,1
24,0,0,3918,1
1,0,0,272,1
0,0,0,110,1
1,1,0,103,1
1,0,0,213,1
0,0,0,43,1
0,1,0,323,1
1,1,0,221,1
1,0,0,411,1
1,0,0,188,1
1,0,0,254,1
1,0,0,211,1
1,0,0,272,1
1,0,0,160,1
1,0,0,381,1
1,0,0,127,1
1,0,0,272,1
0,0,0,111,1
1,0,0,189,1
1,0,0,89,1
0,0,0,112,1
1,0,0,71,1
1,1,0,200,1
1,0,0,251,1
0,1,0,321,1
1,0,0,174,1
1,0,0,178,1
0,0,0,109,1
0,4,0,591,1
0,1,0,335,1
1,0,0,337,1
1,0,0,645,1
0,1,0,317,1
1,0,0,75,1
2,0,0,187,1
10,4,0,16131,0
2,1,0,1516,0
1,0,0,1298,0
1,0,0,1172,0
0,0,0,578,0
9,4,0,2106,0
5,2,0,4712,0
0,0,0,1800,0
1,0,0,622,0
0,0,0,929,0
0,0,0,2145,0
0,0,0,4203,0
2,0,0,1223,0
2,0,0,1218,0
3,0,0,818,0
0,4,0,780,0
1,3,0,882,0
0,0,0,938,0
1,1,0,3155,0
2,0,0,663,0
0,0,0,1507,0
2,0,0,658,0
0,0,0,2824,0
1,7,0,4692,0
0,0,0,1107,0
0,2,0,1750,0
1,1,0,2613,0
1,1,0,2694,0
1,4,0,40347,0
3,0,0,945,0
0,1,0,1411,0
2,1,0,4212,0
0,0,0,1401,0
0,0,0,1067,0
4,0,0,2417,0
1,1,0,1527,0
1,1,0,7087,0
1,0,0,607,0
0,0,0,923,0
2,0,0,1846,0
0,8,0,3075,0
2,0,0,1851,0
1,0,0,389,0
0,1,0,1301,0
2,0,0,1318,0
2,0,0,1313,0
0,0,0,1183,0
3,0,0,1583,0
0,0,0,1403,0
1,0,0,907,0
1,2,0,2234,0
0,0,0,697,0
8,13,0,2314,0
1,2,0,33475,0
1,1,0,1400,0
14,0,0,2850,0
0,0,0,1359,0
0,0,0,3257,0
1,0,0,1082,0
2,0,0,404,0
43,12,0,123029,0
1,0,0,343,0
0,0,0,425,0
0,1,0,427,0
10,3,0,2701,0
13,5,0,6587,0
3,0,0,2025,0
3,2,0,3259,0
1,0,0,1493,0
7,0,0,2216,0
2,0,0,1129,0
0,0,0,614,0
0,1,0,523,0
2,0,0,1134,0
2,4,0,1163,0
6,1,0,1804,0
0,2,0,713,0
2,0,0,1414,0
1,1,0,1348,0
1,1,0,1522,0
0,1,0,754,0
0,2,0,4392,0
2,0,0,1524,0
1,1,0,1720,0
4,0,0,515,0
2,0,0,980,0
4,0,0,1546,0
0,0,0,1443,0
0,0,0,439,0
7,3,0,15251,0
0,0,0,1472,0
0,0,0,767,0
1,0,0,610,0
1,0,0,963,0
1,0,0,3051,0
4,0,0,7503,0
1,1,0,663,0
0,1,0,593,0
0,3,0,3375,0
24,6,0,35157,0
0,0,0,112,1
1,0,0,172,1
0,0,0,43,1
4,13,0,19251,0
24,0,0,3918,1
1,0,0,97,1
3,0,0,1024,0
1,1,0,778,0
1,1,0,184,1
3,1,0,1461,0
1,0,0,174,1
0,0,0,44,1
0,0,0,57,1
0,0,0,69,1
1,0,0,259,1
0,1,0,313,1
0,0,0,36,1
1,0,0,275,1
1,0,0,216,1
1,0,0,262,1
0,0,0,2270,0
4,0,0,1066,0
1,0,0,257,1
1,0,0,238,1
3,2,0,7090,0
1,0,0,184,1
1,0,0,259,1
7,0,0,14214,0
1,0,0,291,1
1,1,0,945,1
2,0,0,946,0
1,0,0,187,1
1,0,0,194,1
5,4,0,11229,0
1,1,0,678,1
0,0,0,108,1
1,0,0,148,1
2,0,0,1575,0
1,0,0,641,1
0,0,0,78,1
1,0,0,72,1
0,0,0,1544,0
1,1,0,837,1
0,1,0,327,1
0,1,0,318,1
1,0,0,1385,0
1,0,0,338,1
0,1,0,313,1
2,0,0,660,0
3,0,0,1394,0
1,1,0,653,0
0,0,0,304,0
2,0,0,454,0
0,1,0,667,0
1,1,0,1803,0
0,1,0,1448,0
0,0,0,1288,0
0,0,0,164,1
0,0,0,231,1
1,0,0,69,1
1,0,0,574,1
2,0,0,2356,0
1,0,0,148,1
1,0,0,564,1
0,0,0,58,1
1,0,0,147,1
1,0,0,313,1
1,0,0,463,1
1,0,0,329,1
20,0,0,4936,0
1,1,0,250,1
0,0,0,42,1
0,7,0,975,0
1,1,0,1097,0
1,0,0,876,0
0,1,0,2228,0
1,0,0,82,1
2,0,0,8386,0
2,0,0,356,0
0,0,0,5480,0
1,0,0,2206,0
0,0,0,53,1
1,0,0,164,1
1,0,0,191,1
1,0,0,165,1
0,0,0,1658,0
1,0,0,411,1
1,0,0,229,1
2,0,0,862,0
0,0,0,95,1
0,0,0,40,1
1,0,0,455,1
0,1,0,330,1
0,0,0,400,0
1,0,0,597,1
10,4,0,1850,0
1,0,0,64,1
0,2,0,1948,0
4,0,0,1209,0
6,4,0,4139,0
1,2,0,2220,0
0,0,0,301,0
1,0,0,393,0
2,0,0,1812,0
2,0,0,617,0
1,0,0,122,1
1,0,0,76,1
1,0,0,70,1
0,0,0,125,1
1,0,0,994,0
1,0,0,139,1
1,0,0,155,1
1,0,0,188,1
1,1,0,1574,0
1,0,0,208,1
1,2,0,1018,0
0,1,0,303,0
1,0,0,173,1
0,0,0,2400,0
1,0,0,148,1
1,0,0,176,1
2,1,0,467,0
1,2,0,771,0
2,0,0,2615,0
2,0,0,1078,0
0,0,0,471,0
0,0,0,1646,0
0,1,0,2565,0
1,2,0,1012,0
3,0,0,1266,0
1,0,0,140,1
1,0,0,222,1
1,0,0,192,1
1,0,0,193,1
1,0,0,303,1
1,0,0,183,1
0,0,0,125,1
1,1,0,379,1
0,2,0,1288,0
1,0,0,284,1
1,0,0,334,1
1,0,0,314,1
1,0,0,293,1
1,0,0,151,1
5,0,0,2604,0
1,0,0,328,1
0,4,0,580,1
1,0,0,478,1
6,5,0,2823,0
1,0,0,396,1
1,0,0,298,1
1,0,0,470,1
1,0,0,290,1
8,0,0,13651,0
1,0,0,155,1
1,0,0,180,1
1,4,0,1597,0
1,0,0,271,1
1,0,0,583,1
1,0,0,329,1
0,0,0,430,0
3,0,0,1950,0
1,0,0,87,1
0,0,0,155,0
0,0,0,5057,0
1,0,0,2230,0
0,0,0,616,0
5,1,0,1337,0
0,0,0,893,0
0,0,0,59,1
0,0,0,27,1
1,0,0,237,1
1,0,0,361,1
1,0,0,171,1
1,0,0,347,1
1,0,0,1242,0
1,0,0,301,1
0,0,0,124,1
0,0,0,747,1
0,0,0,83,1
0,2,0,1551,0
1,0,0,285,1
1,0,0,285,1
1,0,0,291,1
2,0,0,832,1
1,0,0,247,1
0,0,0,50,1
1,0,0,848,0
1,0,0,175,1
1,0,0,264,1
1,0,0,307,1
1,0,0,304,1
1,0,0,164,1
0,2,0,1593,0
7,0,0,4728,0
0,0,0,809,0
1,0,0,47,1
3,0,0,1945,0
0,0,0,732,0
0,0,0,1144,0
0,0,0,495,0
0,0,0,318,0
0,3,0,581,1
1,0,0,290,1
2,1,0,1413,0
1,0,0,314,1
1,0,0,285,1
1,0,0,346,1
1,0,0,341,1
1,0,0,386,1
0,2,0,2267,0
1,1,0,353,1
1,0,0,302,1
1,0,0,269,1
1,0,0,172,1
1,0,0,298,1
0,0,0,2926,0
1,0,0,297,1
5,3,0,12737,0
1,0,0,299,1
12,2,0,11981,0
1,0,0,1123,0
0,1,0,4656,0
2,1,0,1710,0
0,0,0,853,0
0,0,0,373,0
0,2,0,721,0
1,0,0,337,1
8,0,0,2243,0
1,0,0,302,1
1,0,0,176,1
1,0,0,179,1
32,2,0,11677,0
0,0,0,651,1
3,1,0,40522,0
1,0,0,197,1
0,0,0,55,1
1,0,0,1140,0
0,3,0,91,0
2,1,0,2173,0
0,3,0,307,0
24,0,0,3895,1
24,0,0,3896,1
24,0,0,3895,1
0,0,0,1246,0
0,0,0,831,0
1,0,0,200,1
1,0,0,314,1
0,0,0,480,0
1,0,0,211,1
1,0,0,1839,1
1,1,0,3508,0
0,3,0,592,1
1,0,0,284,1
0,3,0,604,0
1,0,0,314,1
1,0,0,70,1
0,4,0,601,1
1,0,0,253,1
188,19,0,45995,0
0,0,0,3344,0
2,1,0,2178,0
0,3,0,6290,0
1,0,0,2283,0
1,1,0,2299,0
0,1,0,4350,0
0,0,0,469,0
1,0,0,167,1
6,0,0,1596,0
0,3,0,1348,1
13,2,0,2598,0
7,0,0,6275,0
1,1,0,299,1
0,2,0,1489,1
1,0,0,362,1
0,0,0,256,1
1,0,0,292,1
1,0,0,1088,0
1,0,0,282,1
0,0,0,418,1
1,0,0,101,1
3,0,0,1476,0
3,0,0,1471,0
0,0,0,1683,0
2,0,0,1767,0
1,0,0,439,0
2,0,0,1762,0
0,54,0,10782,1
1,12,0,495,1
1,0,0,1066,0
0,6,0,4906,0
45,4,0,70687,0
1,0,0,645,1
1,0,0,172,1
1,0,0,300,1
0,4,0,5426,0
1,0,0,248,1
2,0,0,1830,0
4,0,0,955,0
1,0,0,2072,0
5,2,0,1009,0
4,0,0,1087,0
3,0,0,1285,0
1,0,0,641,1
0,5,0,8231,0
1,0,0,340,1
1,0,0,177,1
2,1,0,2622,0
4,0,0,2105,0
0,0,0,46,1
1,0,0,150,1
2,2,0,2193,0
0,0,0,741,0
1,1,0,864,0
8,1,0,8669,0
0,1,0,684,0
0,1,0,339,1
0,1,0,721,0
5,0,0,3641,0
1,1,0,1009,0
1,0,0,338,1
1,1,0,843,0
2,0,0,141,1
0,0,0,54,1
1,0,0,2646,0
0,1,0,209,1
0,0,0,330,0
1,0,0,112,0
1,0,0,588,0
2,0,0,2157,0
1,2,0,352,0
0,0,0,933,0
12,2,0,2534,0
0,0,0,111,1
0,4,0,7692,0
2,2,0,2145,0
0,1,0,3166,0
4,0,0,2100,0
4,0,0,5054,0
2,0,0,737,0
11,3,0,18397,0
1,2,0,7820,0
0,0,0,479,0
148,155,0,35757,0
1,0,0,278,1
1,2,0,2787,0
0,0,0,1125,0
0,0,0,4710,0
2,0,0,820,0
0,0,0,821,0
2,0,0,815,0
0,0,0,709,0
0,1,0,952,0
1,0,0,232,1
0,0,0,2439,0
0,0,0,87,1
7,0,0,2848,0
6,0,0,10074,0
2,0,0,924,1
2,0,0,1909,0
3,2,0,12850,0
0,1,0,6450,0
1,0,0,467,0
0,0,0,67,1
2,0,0,796,0
0,0,0,129,1
1,0,0,175,1
0,0,0,211,0
0,0,0,109,1
0,0,0,91,1
0,4,0,595,1
0,0,0,4169,0
3,4,0,2217,0
0,1,0,7194,0
3,0,0,412,0
1,0,0,656,0
0,0,0,960,0
2,0,0,993,0
0,4,0,587,1
4,0,0,495,0
0,0,0,95,1
1,0,0,522,0
0,0,0,48,1
2,0,0,1002,0
0,0,0,1217,0
4,1,0,2150,0
0,0,0,467,0
0,0,0,291,0
38,2,0,11389,0
0,0,0,120,1
1,0,0,2494,0
0,1,0,317,1
0,4,0,598,1
134,3,0,29881,0
0,4,0,584,1
1,0,0,313,1
0,4,0,592,1
1,0,0,647,0
6,0,0,3276,0
1,0,0,1816,0
1,0,0,774,0
0,1,0,347,0
5,0,0,5585,0
2,0,0,935,0
0,0,0,448,0
24,0,0,3896,1
0,4,0,592,1
0,0,0,129,1
0,0,0,1739,0
1,0,0,167,1
1,0,0,329,1
1,0,0,272,1
1,0,0,244,1
3,12,0,9250,0
0,0,0,230,1
1,0,0,301,1
0,0,0,207,1
0,0,0,1676,0
1,0,0,273,1
1,0,0,127,1
1,0,0,262,1
1,0,0,404,1
0,0,0,780,0
0,0,0,1057,0
3,0,0,1362,0
3,0,0,826,0
3,0,0,976,0
0,0,0,700,0
0,0,0,475,0
2,1,0,2572,0
0,0,0,347,0
24,0,0,3918,1
3,0,0,2569,0
1,0,0,354,1
1,0,0,237,1
1,0,0,164,1
0,1,0,312,1
1,0,0,171,1
1,0,0,5103,0
1,0,0,173,1
1,0,0,146,1
10,0,0,1535,0
1,0,0,266,1
1,0,0,179,1
1,0,0,383,1
1,0,0,177,1
1,1,0,1282,0
1,0,0,384,1
1,0,0,320,1
1,0,0,246,1
1,0,0,150,1
1,0,0,192,1
1,0,0,310,1
0,0,0,372,0
1,0,0,141,1
1,0,0,352,1
1,0,0,174,1
1,0,0,1350,0
1,0,0,178,1
1,0,0,309,1
1,0,0,315,1
1,0,0,170,1
1,0,0,234,1
0,0,0,632,0
2,0,0,1808,0
0,0,0,1199,0
0,0,0,568,0
0,0,0,738,0
4,1,0,12645,0
0,3,0,6429,0
2,0,0,1803,0
1,0,0,224,1
2,0,0,3389,0
1,0,0,177,1
1,0,0,73,1
1,0,0,224,1
1,0,0,444,1
1,0,0,259,1
4,1,0,10206,0
1,0,0,191,1
1,0,0,148,1
1,0,0,195,1
1,0,0,206,1
1,0,0,97,1
1,1,0,9049,0
1,0,0,259,1
1,0,0,307,1
1,0,0,190,1
2,0,0,3384,0
1,1,0,183,1
0,0,0,351,1
1,0,0,384,1
0,4,0,587,1
0,3,0,1504,1
0,0,0,972,0
1,0,0,71,1
1,0,0,194,1
1,0,0,190,1
1,0,0,344,1
1,0,0,3670,0
1,0,0,151,1
1,0,0,245,1
1,0,0,204,1
0,2,0,1480,1
2,0,0,149,1
0,2,0,1482,1
0,2,0,1480,1
1,0,0,522,1
7,6,0,27647,0
1,0,0,149,1
1,0,0,207,1
1,0,0,170,1
1,0,0,303,1
1,0,0,261,1
1,0,0,431,1
5,2,0,1904,0
1,0,0,379,1
1,1,0,104,1
1,0,0,130,1
1,0,0,167,1
2,0,0,350,1
1,0,0,201,1
1,0,0,143,1
0,0,0,967,0
1,0,0,154,1
1,0,0,187,1
1,0,0,312,1
0,0,0,214,1
2,0,0,4746,0
30,0,0,9679,0
1,0,0,1080,0
0,0,0,466,0
0,0,0,1126,0
2,0,0,1127,0
1,0,0,599,0
11,1,0,14935,0
1,1,0,171,1
1,0,0,463,1
1,0,0,266,1
1,0,0,272,1
1,0,0,523,1
1,0,0,152,1
1,0,0,184,1
1,0,0,313,1
0,0,0,558,0
1,0,0,144,1
1,0,0,266,1
1,0,0,183,1
1,0,0,154,1
0,1,0,1236,0
1,0,0,167,1
1,0,0,166,1
1,0,0,189,1
1,0,0,154,1
0,0,0,1731,0
0,0,0,220,1
1,0,0,190,1
1,0,0,181,1
1,0,0,83,1
1,0,0,176,1
7,2,0,1502,0
1,0,0,280,1
1,0,0,260,1
1,1,0,180,1
0,0,0,663,0
0,0,0,115,1
1,0,0,181,1
2,0,0,341,0
1,0,0,189,1
1,0,0,181,1
0,0,0,1349,0
0,0,0,47,1
2,0,0,1715,0
1,0,0,155,1
1,0,0,159,1
1,0,0,1773,0
1,0,0,229,1
1,0,0,201,1
2,0,0,3064,0
1,0,0,231,1
0,10,0,7337,0
1,0,0,201,1
1,0,0,2038,0
1,0,0,257,1
1,0,0,188,1
9,5,0,24207,0
1,3,0,1156,0
0,0,0,660,0
11,0,0,2834,0
1,0,0,3270,0
0,0,0,475,0
2,0,0,2328,0
24,0,0,3891,1
0,0,0,597,0
1,0,0,379,1
1,0,0,343,1
1,0,0,296,1
1,0,0,1895,0
24,0,0,3918,1
1,0,0,133,1
4,4,0,1674,0
1,1,0,176,1
1,0,0,115,1
0,0,0,233,1
0,0,0,2833,0
1,0,0,224,1
1,0,0,173,1
0,0,0,880,0
0,0,0,261,1
1,0,0,261,1
0,0,0,106,1
1,0,0,159,1
2,0,0,2333,0
1,0,0,240,1
1,0,0,1515,0
0,0,0,77,1
1,0,0,200,1
24,0,0,3918,1
1,1,0,2086,0
0,0,0,1168,0
2,0,0,2293,0
0,0,0,292,0
2,0,0,2298,0
4,0,0,2515,0
2,0,0,1651,0
0,0,0,1499,0
1,0,0,199,1
1,0,0,478,1
2,0,0,163,1
1,0,0,2889,0
1,0,0,87,1
1,1,0,1269,0
1,0,0,278,1
1,0,0,179,1
1,0,0,1005,0
0,0,0,157,1
0,0,0,35,1
1,0,0,63,1
0,0,0,560,0
2,0,0,1222,0
1,0,0,670,0
1,0,0,635,0
2,1,0,1250,0
24,0,0,3891,1
3,0,0,5890,0
0,0,0,689,0
2,0,0,2874,0
1,2,0,591,1
1,0,0,80,1
3,0,0,3299,0
1,0,0,71,1
24,0,0,3893,1
1,0,0,377,1
1,0,0,647,1
4,2,0,2509,0
0,0,0,825,1
1,0,0,312,1
2,0,0,3963,0
1,1,0,183,1
1,0,0,86,1
2,1,0,1367,0
0,7,0,3307,0
2,0,0,1040,0
2,0,0,3442,0
1,1,0,9811,0
0,0,0,1337,0
2,0,0,552,0
0,0,0,89,1
0,0,0,70,1
0,0,0,70,1
0,0,0,56,1
4,2,0,2318,0
1,0,0,224,1
0,0,0,659,0
1,0,0,246,1
1,0,0,308,1
0,0,0,482,0
0,0,0,36,1
1,0,0,221,1
1,0,0,2144,0
4,2,0,2219,0
0,0,0,531,0
2,0,0,798,0
0,0,0,452,0
85,8,0,29638,0
3,1,0,8612,0
0,0,0,1946,0
0,0,0,143,1
1,0,0,180,1
2,0,0,2329,0
2,0,0,190,1
1,0,0,147,1
1,0,0,187,1
2,0,0,656,0
2,0,0,783,0
1,0,0,77,1
2,1,0,1298,0
0,0,0,221,1
7,2,0,33352,0
0,0,0,1631,0
0,0,0,992,0
0,0,0,198,0
3,1,0,5611,0
6,0,0,3188,0
0,0,0,1146,0
0,0,0,405,0
1,0,0,225,1
1,0,0,179,1
0,0,0,216,1
0,0,0,825,0
1,0,0,89,1
1,0,0,645,1
3,3,0,1228,0
0,0,0,105,1
1,0,0,210,1
1,0,0,167,1
0,0,0,1258,0
0,0,0,47,1
1,0,0,168,1
3,0,0,6965,0
0,0,0,215,1
3,0,0,455,0
0,0,0,143,1
1,0,0,138,1
3,0,0,4044,0
0,0,0,47,1
1,0,0,235,1
0,0,0,1317,0
0,1,0,324,1
0,0,0,684,0
0,0,0,59,1
1,0,0,70,1
0,1,0,2435,0
2,0,0,5793,0
1,0,0,68,1
1,0,0,988,0
0,0,0,455,0
0,0,0,1632,0
0,0,0,1155,0
2,2,0,4792,0
2,0,0,2205,0
1,1,0,304,1
0,0,0,37,1
0,0,0,330,0
24,0,0,3918,1
0,0,0,1588,0
0,1,0,101,1
0,0,0,792,0
1,0,0,375,1
1,0,0,183,1
4,0,0,4318,0
0,1,0,317,1
1,0,0,238,1
0,0,0,1237,0
2,2,0,743,0
1,0,0,1549,0
0,0,0,138,0
0,0,0,528,0
0,0,0,1218,0
1,0,0,764,0
0,0,0,48,1
1,0,0,498,1
1,0,0,3038,0
1,0,0,1635,0
0,1,0,336,1
0,0,0,56,1
1,0,0,155,1
1,0,0,551,1
1,0,0,4495,0
1,0,0,647,1
2,0,0,887,0
1,0,0,438,0
1,1,0,1078,0
12,4,0,4732,0
14,15,0,52067,0
1,0,0,1151,0
1,0,0,1086,0
0,0,0,1216,0
0,0,0,1020,0
2,0,0,803,0
24,0,0,3892,1
0,0,0,490,0
0,0,0,843,0
2,0,0,1793,0
1,0,0,442,1
1,0,0,74,1
1,0,0,661,0
1,0,0,80,1
1,0,0,81,1
2,0,0,2601,0
2,0,0,2067,0
1,0,0,897,0
0,0,0,2257,0
2,4,0,5881,0
0,0,0,1822,0
1,0,0,3367,0
0,0,0,75,1
1,2,0,1078,0
1,0,0,1356,0
1,0,0,1212,0
0,0,0,478,0
0,0,0,2268,0
1,2,0,1098,0
2,1,0,5816,0
0,0,0,428,0
0,0,0,804,0
0,0,0,874,0
1,0,0,320,1
0,2,0,762,0
6,0,0,7895,0
0,4,0,590,1
0,1,0,137,1
0,4,0,794,0
0,0,0,45,1
0,0,0,481,1
2,0,0,715,0
0,0,0,340,0
2,0,0,1237,0
3,1,0,8744,0
2,0,0,1187,0
0,1,0,498,0
4,2,0,11930,0
24,0,0,3893,1
0,0,0,747,0
1,0,0,188,1
0,0,0,560,0
1,0,0,883,0
1,0,0,2967,0
6,2,0,1462,0
0,0,0,342,0
2,0,0,1037,0
4,1,0,3971,0
20,0,0,3782,0
24,0,0,3893,1
0,0,0,521,0
0,0,0,1084,0
1,1,0,480,1
1,0,0,282,1
24,0,0,3918,1
1,0,0,300,1
0,0,0,393,0
1,0,0,270,1
1,0,0,289,1
1,0,0,240,1
2,0,0,173,1
2,0,0,1242,0
1,0,0,293,1
0,0,0,95,1
1,0,0,69,1
0,1,0,315,1
6,0,0,2724,0
1,0,0,118,1
0,1,0,699,0
6,3,0,4181,0
3,0,0,4113,0
7,1,0,3068,0
3,0,0,1233,0
1,10,1,2326,0
1,5,0,2458,0
1,1,0,4077,0
1,0,0,71,1
1,0,0,171,1
1,0,0,602,1
10,0,0,3453,0
0,1,0,313,1
24,0,0,3894,1
0,2,0,534,0
0,1,0,614,0
29,6,0,29838,0
24,0,0,3918,1
1,0,0,73,1
0,0,0,94,1
0,0,0,539,0
0,1,0,320,1
0,0,0,586,0
1,1,0,100,1
1,0,0,645,1
1,0,0,112,1
1,0,0,62,1
1,0,0,89,1
16,2,0,6990,0
0,0,0,1629,0
1,4,0,740,0
0,0,0,474,0
24,0,0,3895,1
2,0,0,178,1
0,4,0,1002,0
2,0,0,171,1
2,0,0,149,1
0,0,0,812,0
2,0,0,2361,0
4,2,0,2557,0
24,0,0,3895,1
1,0,0,163,1
1,0,0,317,1
1,1,0,353,1
1,0,0,291,1
1,0,0,274,1
0,0,0,55,1
0,1,0,305,1
1,0,0,114,1
0,3,0,678,0
16,4,0,3922,0
16,2,0,5816,0
1,0,0,873,0
1,0,0,98,1
1,0,0,283,1
1,0,0,176,1
1,0,0,79,1
0,0,0,2982,0
2,0,0,1207,0
2,0,0,1203,0
2,0,0,1198,0
0,0,0,1842,0
0,0,0,54,1
24,0,0,3895,1
1,0,0,169,1
1,0,0,84,1
1,0,0,71,1
0,0,0,185,1
0,0,0,107,1
3,0,0,1218,0
0,0,0,1353,0
4,0,0,8233,0
0,0,0,996,0
2,0,0,1599,0
0,0,0,251,1
2,0,0,1604,0
24,0,0,3918,1
1,0,0,76,1
1,0,0,88,1
1,0,0,167,1
0,0,0,1168,0
0,0,0,453,0
2,0,0,1239,0
3,0,0,648,0
5,3,0,2044,0
0,1,0,4280,0
2,0,0,148,1
3,0,0,685,0
0,0,0,912,1
6,0,0,2478,0
0,0,0,179,0
6,0,0,2473,0
2,1,0,1503,0
24,0,0,3895,1
1,0,0,103,1
0,1,0,343,1
0,1,0,875,0
1,0,0,55,1
0,0,0,426,0
1,6,0,2788,0
0,1,0,193,0
2,1,0,1498,0
0,0,0,129,1
1,0,0,61,1
1,0,0,287,1
1,0,0,327,1
1,1,0,543,1
1,0,0,141,1
1,0,0,288,1
0,0,0,2366,0
1,0,0,158,1
2,0,0,140,1
1,0,0,1033,0
3,1,0,1819,0
0,0,0,2654,0
2,4,0,3524,0
3,0,0,7024,0
0,0,0,56,1
0,1,0,329,1
24,0,0,3918,1
0,0,0,111,1
1,0,0,82,1
24,0,0,3918,1
0,0,0,112,1
24,0,0,3918,1
1,0,0,147,1
6,4,0,3023,0
0,1,0,338,1
0,0,0,51,1
0,0,0,222,1
0,0,0,966,1
0,0,0,264,1
13,11,0,12482,0
1,0,0,79,1
1,3,0,629,0
0,0,0,561,0
2,4,0,3529,0
0,5,0,1158,0
2,0,0,822,0
1,0,0,112,1
1,0,0,673,1
0,0,0,141,1
2,1,0,6125,0
0,1,0,313,1
0,0,0,87,1
1,0,0,112,1
6,0,0,2403,0
0,1,0,318,1
0,0,0,109,1
2,1,0,2156,0
2,0,0,657,0
0,4,0,2549,0
7,0,0,1543,0
2,1,0,2151,0
2,0,0,489,0
2,0,0,183,1
1,0,0,114,1
1,0,0,175,1
1,0,0,185,1
5,4,0,7970,0
9,2,0,9950,0
1,1,0,366,0
0,0,0,577,0
0,0,0,1536,0
5,0,0,4747,0
1,0,0,242,1
1,0,0,70,1
1,0,0,1438,0
0,0,0,362,1
1,0,0,89,1
2,1,0,4930,0
1,0,0,754,0
1,0,0,1773,0
24,0,0,3894,1
24,0,0,3895,1
2,0,0,484,0
31,5,0,9742,0
3,0,0,789,0
1,0,0,309,1
0,0,0,54,1
1,0,0,163,1
1,0,0,302,0
2,0,0,617,0
2,2,0,2454,0
2,2,0,2459,0
0,0,0,3989,0
1,0,0,359,1
0,0,0,218,1
24,0,0,3895,1
2,0,0,954,0
0,0,0,213,1
3,0,0,6263,0
3,4,0,1869,0
24,0,0,3895,1
3,0,0,600,0
1,0,0,1267,0
2,0,0,248,0
0,0,0,394,0
24,0,0,3895,1
0,0,0,289,1
1,0,0,317,1
1,0,0,82,1
1,0,0,95,1
1,0,0,115,1
0,0,0,144,0
0,0,0,3462,0
0,0,0,622,0
6,1,0,872,0
2,0,0,1517,0
0,3,0,579,1
1,0,0,153,1
1,0,0,77,1
24,0,0,3894,1
1,0,0,119,1
1,0,0,103,1
24,0,0,3895,1
1,0,0,108,1
2,0,0,508,0
1,0,0,100,1
1,0,0,114,1
4,11,1,2608,0
1,0,0,2206,0
0,0,0,491,0
2,0,0,2695,0
1,0,0,105,1
1,0,0,172,1
2,0,0,1347,0
1,0,0,105,1
2,0,0,147,1
1,0,0,107,1
1,0,0,138,1
1,0,0,120,1
1,0,0,361,1
1,0,0,102,1
2,0,0,513,0
1,0,0,114,1
1,1,0,109,1
1,0,0,109,1
1,0,0,101,1
1,0,0,100,1
7,0,0,8357,0
1,0,0,249,1
2,0,0,949,0
0,0,0,1195,0
6,0,0,7149,0
0,0,0,985,1
24,0,0,3894,1
1,3,0,650,0
2,0,0,944,0
0,0,0,138,0
1,4,0,638,0
24,0,0,3895,1
0,0,0,703,0
1,0,0,343,1
0,3,0,600,1
1,0,0,66,1
1,0,0,89,1
1,0,0,343,1
1,0,0,110,1
1,0,0,281,1
1,0,0,655,0
1,0,0,95,1
1,0,0,239,1
1,0,0,253,1
1,0,0,99,1
7,2,0,2440,0
1,0,0,322,1
1,0,0,334,1
1,0,0,118,1
1,0,0,322,1
1,0,0,106,1
1,0,0,283,1
1,0,0,286,1
1,1,0,110,1
0,0,0,61,0
0,0,0,648,0
0,0,0,153,0
0,5,0,1700,0
24,0,0,3894,1
49,2,0,8093,0
24,0,0,3894,1
0,5,0,1605,0
1,0,0,313,1
1,0,0,117,1
1,0,0,113,1
1,0,0,85,1
1,0,0,123,1
1,0,0,413,1
1,0,0,109,1
24,0,0,3894,1
1,0,0,115,1
1,0,0,89,1
1,0,0,103,1
1,0,0,108,1
1,0,0,1426,0
0,0,0,74,1
0,0,0,261,0
1,2,0,688,0
4,0,0,3654,0
0,0,0,2013,0
24,0,0,3895,1
1,0,0,71,1
1,0,0,82,1
1,0,0,303,1
1,0,0,66,1
2,0,0,182,1
0,4,0,596,1
1,0,0,109,1
2,0,0,949,0
1,1,0,380,1
1,0,0,74,1
1,0,0,285,1
1,0,0,330,1
1,0,0,63,1
24,0,0,3892,1
0,4,0,593,1
0,0,0,892,0
1,1,0,483,1
1,1,0,321,1
1,0,0,71,1
1,0,0,113,1
1,0,0,110,1
1,0,0,647,1
3,0,0,4981,0
1,0,0,821,0
24,0,0,3895,1
2,0,0,954,0
1,0,0,1863,0
1,0,0,298,1
1,0,0,230,1
1,0,0,284,1
1,0,0,89,1
1,0,0,179,1
1,0,0,166,1
0,4,0,589,1
1,0,0,600,0
1,0,0,79,1
1,0,0,94,1
1,0,0,112,1
1,0,0,116,1
2,0,0,630,0
1,0,0,82,1
1,0,0,65,1
1,0,0,79,1
1,0,0,84,1
4,6,0,2762,0
1,0,0,225,1
1,0,0,172,1
2,0,0,635,0
0,0,0,725,0
2,2,0,3570,0
0,0,0,754,0
2,0,0,181,1
1,0,0,106,1
0,0,0,6699,0
24,0,0,3918,1
1,0,0,79,1
0,1,0,316,1
1,0,0,116,1
0,0,0,40,1
0,0,0,127,1
0,4,0,583,1
1,0,0,176,1
0,0,0,729,0
1,0,0,88,1
24,0,0,3895,1
2,1,0,2217,0
0,0,0,2202,0
2,2,0,341,0
24,0,0,3895,1
2,1,0,2212,0
1,0,0,91,1
1,0,0,79,1
1,0,0,173,1
1,0,0,102,1
0,0,0,611,0
2,1,0,3244,0
24,0,0,3895,1
3,5,0,8001,0
1,2,0,843,0
3,5,0,3375,0
2,0,0,522,0
1,0,0,169,1
2,0,0,527,0
1,0,0,170,1
1,0,0,48,1
1,0,0,80,1
1,0,0,94,1
0,0,0,1477,0
2,0,0,444,1
1,0,0,69,1
0,1,0,1065,0
1,0,0,79,1
2,2,0,341,0
0,0,0,461,0
0,0,0,1201,0
0,0,0,692,0
2,0,0,432,0
1,0,0,158,1
1,0,0,78,1
0,1,0,3868,0
1,0,0,87,1
1,0,0,213,1
24,0,0,3895,1
1,0,0,105,1
1,0,0,152,1
2,0,0,437,0
1,0,0,64,1
0,0,0,921,0
1,0,0,2469,0
2,2,0,3271,0
24,0,0,3895,1
24,0,0,3895,1
9,0,0,4275,0
13,2,0,10129,0
2,2,0,3276,0
1,0,0,101,1
3,0,0,8472,0
0,0,0,107,1
1,0,0,77,1
2,0,0,1058,0
2,1,0,1682,0
0,0,0,58,1
1,0,0,69,1
1,0,0,285,1
0,0,0,973,0
24,0,0,3894,1
24,0,0,3895,1
24,0,0,3895,1
2,0,0,586,0
0,0,0,836,0
2,0,0,581,0
1,0,0,176,1
24,0,0,3918,1
24,0,0,3894,1
1,0,0,113,1
6,0,0,4170,0
1,0,0,116,1
0,0,0,5375,0
2,0,0,814,0
0,0,0,970,0
2,15,0,13083,0
12,3,0,5704,0
1,0,0,1581,1
1,0,0,160,1
0,0,0,129,1
0,0,0,700,0
2,0,0,819,0
2,0,0,784,0
0,0,0,1165,0
2,0,0,1739,0
24,0,0,3895,1
2,0,0,2015,0
1,0,0,111,1
1,0,0,70,1
0,2,0,1492,1
2,0,0,545,0
1,0,0,157,1
2,0,0,990,0
2,0,0,2243,0
0,0,0,1494,0
24,0,0,3894,1
0,0,0,1620,0
5,1,0,18104,0
1,0,0,102,1
2,0,0,2420,0
2,3,0,1227,0
2,0,0,323,0
3,5,0,1315,0
0,0,0,1441,0
2,0,0,318,0
1,0,0,171,1
24,0,0,3895,1
24,0,0,3895,1
1,7,0,3537,1
24,0,0,3895,1
24,0,0,3895,1
2,0,0,1008,0
3,1,0,14096,0
0,0,0,674,1
1,0,0,94,1
0,0,0,222,1
0,0,0,206,0
1,0,0,1588,1
0,1,0,328,1
1,0,0,79,1
3,0,0,1834,0
1,0,0,112,1
1,0,0,168,1
1,0,0,897,0
4,0,0,857,0
82,15,0,26237,0
1,0,0,1458,0
1,0,0,150,1
24,0,0,3894,1
0,0,0,413,1
1,0,0,64,1
1,0,0,71,1
1,0,0,643,0
3,0,0,3021,0
1,0,0,801,0
0,0,0,214,0
3,0,0,4153,0
2,0,0,140,1
2,0,0,141,1
1,0,0,163,1
1,0,0,153,1
1,0,0,147,1
0,0,0,91,1
0,0,0,781,0
2,0,0,1112,0
1,9,0,1481,0
3,3,0,1043,0
3,0,0,1288,0
0,0,0,445,0
2,9,0,2565,0
0,0,0,28,1
1,0,0,101,1
3,5,0,2269,0
1,0,0,112,1
24,0,0,3895,1
1,0,0,140,1
1,0,0,78,1
1,0,0,174,1
0,0,0,74,1
1,0,0,86,1
0,1,0,1240,0
2,0,0,953,0
3,5,0,5410,0
3,0,0,417,0
2,0,0,148,1
1,0,0,179,1
5,0,0,2276,0
1,0,0,145,1
0,0,0,1778,0
1,0,0,159,1
1,1,0,431,1
3,1,0,3702,0
0,0,0,48,1
1,0,0,335,1
188,17,0,47561,0
14,5,0,4612,0
0,0,0,876,0
2,0,0,2126,0
24,0,0,3895,1
2,0,0,865,0
8,1,0,11242,0
1,0,0,340,1
0,0,0,289,1
1,0,0,647,1
1,0,0,64,1
1,0,0,87,1
24,0,0,3895,1
1,0,0,2146,0
2,0,0,1550,0
1,0,0,105,1
0,0,0,760,0
24,0,0,3895,1
1,0,0,114,1
1,0,0,109,1
1,0,0,1830,1
2,0,0,2459,0
6,1,0,1433,0
2,0,0,1454,0
0,0,0,344,0
1,0,0,113,1
2,0,0,163,1
0,0,0,90,1
1,0,0,320,1
1,0,0,512,1
1,0,0,81,1
1,0,0,84,1
0,0,0,897,0
1,0,0,112,1
1,0,0,64,1
1,0,0,1490,0
24,0,0,3895,1
2,0,0,863,0
2,0,0,359,0
0,0,0,687,0
1,0,0,545,1
0,0,0,2146,0
1,0,0,339,1
0,0,0,1466,0
0,0,0,95,1
1,0,0,95,1
24,0,0,3918,1
2,0,0,1474,0
5,0,0,2713,0
24,0,0,3895,1
5,0,0,1704,0
0,0,0,1136,0
1,0,0,314,0
1,0,0,164,1
0,0,0,95,1
2,2,0,901,0
24,0,0,3894,1
0,1,0,316,1
0,0,0,502,0
2,4,0,1396,0
6,1,0,1362,0
0,0,0,304,0
0,0,0,95,1
0,0,0,51,1
1,0,0,66,1
1,0,0,173,1
1,0,0,340,1
1,0,0,1491,0
1,0,0,462,0
0,0,0,876,0
2,0,0,1026,0
2,0,0,848,0
0,0,0,328,0
1,0,0,151,1
1,0,0,128,1
0,0,0,97,1
1,0,0,1590,1
1,0,0,119,1
1,0,0,125,1
1,0,0,138,1
1,0,0,108,1
2,0,0,903,0
2,0,0,148,1
1,0,0,114,1
1,0,0,113,1
1,0,0,221,1
24,0,0,3895,1
2,0,0,1181,0
1,0,0,495,0
3,0,0,1858,0
1,1,0,513,1
6,0,0,2705,0
1,0,0,157,1
1,0,0,65,1
1,0,0,76,1
1,0,0,67,1
24,0,0,3895,1
3,0,0,803,0
0,0,0,214,1
2,0,0,1860,0
2,0,0,824,0
2,0,0,864,0
0,0,0,1320,0
2,0,0,917,0
0,0,0,1725,0
1,0,0,1216,0
2,0,0,1410,0
0,0,0,852,0
24,0,0,3894,1
24,0,0,3894,1
24,0,0,3894,1
24,0,0,3894,1
0,0,0,52,1
0,0,0,60,1
1,0,0,152,1
2,0,0,190,1
2,1,0,1215,0
0,0,0,669,0
0,0,0,1317,0
0,0,0,2146,0
0,0,0,129,0
3,0,0,1323,0
24,0,0,3894,1
24,0,0,3894,1
1,0,0,149,1
1,0,0,349,1
1,0,0,68,1
1,0,0,71,1
8,12,0,3571,0
1,0,0,2992,0
2,0,0,345,0
1,0,0,167,1
1,0,0,161,1
1,0,0,185,1
0,0,0,614,0
1,0,0,68,1
2,1,0,9245,0
0,2,0,1250,0
0,0,0,123,0
1,0,0,79,1
1,0,0,151,1
0,2,0,1471,1
2,0,0,932,0
0,1,0,332,1
24,0,0,3918,1
0,0,0,129,1
1,0,0,86,1
0,1,0,4380,0
5,0,0,6786,0
0,0,0,1123,0
6,0,0,3785,0
1,0,0,392,1
2,0,0,1152,0
1,0,0,99,1
1,0,0,91,1
1,0,0,248,1
1,0,0,163,1
1,0,0,189,1
1,0,0,377,1
2,0,0,6843,0
0,0,0,1245,0
2,0,0,1967,0
3,0,0,579,0
1,0,0,2117,0
2,0,0,611,0
24,0,0,3894,1
1,0,0,97,1
1,0,0,69,1
1,0,0,97,1
0,3,0,3273,0
1,0,0,2504,0
0,0,0,639,0
24,0,0,3895,1
1,1,0,558,0
1,0,0,176,1
1,0,0,567,0
1,0,0,1588,1
1,0,0,176,1
0,2,0,1479,1
4,0,0,862,0
0,0,0,224,0
3,0,0,5095,0
1,0,0,888,0
0,1,0,844,0
4,0,0,7648,0
0,0,0,94,1
1,0,0,1584,1
2,0,0,149,1
1,0,0,1070,0
1,0,0,67,1
1,0,0,84,1
24,0,0,3895,1
2,0,0,621,0
2,0,0,818,0
1,0,0,749,0
0,0,0,134,0
5,3,0,6550,0
10,0,0,4470,0
1,0,0,1594,1
0,0,0,284,1
1,0,0,167,1
0,0,0,71,1
2,0,0,1410,0
1,0,0,378,1
0,0,0,1179,0
10,0,0,2150,0
1,0,0,584,0
1,2,0,1086,0
1,0,0,200,1
1,0,0,1582,1
1,0,0,175,1
1,0,0,79,1
3,3,0,1046,0
1,0,0,111,1
20,3,0,4208,0
0,0,0,1207,0
6,0,0,7117,0
3,0,0,1143,0
0,0,0,145,0
0,1,0,2649,0
1,0,0,515,1
0,0,0,102,1
1,0,0,630,0
1,0,0,81,1
1,0,0,181,1
0,0,0,83,1
1,0,0,244,1
1,0,0,168,1
1,0,0,479,0
4,0,0,624,0
3,0,0,1522,0
24,0,0,3895,1
1,0,0,884,0
4,0,0,629,0
24,0,0,3895,1
1,0,0,381,1
24,0,0,3895,1
2,0,0,1030,0
1,1,0,198,1
1,0,0,181,1
0,0,0,3203,0
1,0,0,85,1
0,1,0,77,1
1,0,0,210,1
2,0,0,357,0
0,0,0,488,0
0,0,0,236,1
1,0,0,285,1
1,0,0,71,1
2,0,0,149,1
1,0,0,1585,1
1,1,0,1084,0
2,0,0,419,0
1,0,0,998,0
24,0,0,3894,1
2,1,0,1442,0
1,0,0,156,1
2,0,0,1254,0
0,0,0,811,0
2,0,0,142,1
2,0,0,1259,0
0,0,0,2935,0
3,0,0,594,0
2,0,0,2122,0
2,3,0,1524,0
2,3,0,1529,0
1,0,0,469,1
2,0,0,1432,0
1,0,0,6315,0
1,0,0,101,1
1,0,0,105,1
2,0,0,143,1
1,0,0,116,1
36,8,0,11909,0
4,0,0,1445,0
2,0,0,1427,0
24,0,0,3895,1
24,0,0,3895,1
2,0,0,707,0
0,0,0,1129,0
1,0,0,186,1
1,0,0,214,1
1,0,0,167,1
24,0,0,3895,1
24,0,0,3895,1
2,0,0,712,0
1,0,0,171,1
1,0,1,108,1
9,11,0,55545,0
0,0,0,104,0
1,8,0,2325,0
1,0,0,183,1
31,3,0,18658,0
1,0,0,171,1
5,0,0,1763,0
3,1,0,4459,0
1,0,0,1582,1
24,0,0,3894,1
3,1,0,1327,0
24,0,0,3895,1
1,0,0,789,0
1,0,0,181,1
4,0,0,3583,0
1,0,0,120,1
24,0,0,3895,1
2,0,0,642,0
1,0,0,114,1
1,0,0,116,1
3,0,0,1681,0
0,0,0,98,1
1,0,0,110,1
1,0,0,120,1
1,0,0,180,1
1,0,0,113,1
1,0,0,442,1
6,1,0,4864,0
2,0,0,637,0
0,0,0,1120,0
3,0,0,968,0
1,0,0,718,0
5,0,0,1296,0
1,0,0,155,1
3,0,0,5562,0
3,1,0,3725,0
1,0,0,110,1
0,1,0,90,1
4,0,0,2036,0
1,0,0,168,1
1,0,0,76,1
1,0,0,113,1
1,0,0,110,1
10,3,0,4887,0
1,0,0,107,1
24,0,0,3895,1
1,0,0,99,1
1,0,0,494,1
2,0,0,1451,0
1,0,0,200,0
3,0,0,615,0
3,1,0,5819,0
3,0,0,4393,0
3,0,0,3779,0
1,0,0,595,1
0,0,0,285,1
1,0,0,110,1
3,0,0,1466,0
0,0,0,887,0
3,0,0,1369,0
0,1,0,738,0
0,0,0,26,1
7,0,0,5641,0
1,0,0,110,1
1,0,0,95,1
0,0,0,75,1
0,1,0,712,0
1,0,0,171,1
0,0,0,1607,0
1,0,0,221,0
0,0,0,1435,0
92,6,0,32797,0
0,0,0,179,1
0,2,0,1181,0
24,0,0,3894,1
0,0,0,1166,0
10,0,0,1635,0
1,0,0,530,1
24,0,0,3894,1
24,0,0,3893,1
3,1,0,5161,0
1,0,0,152,1
1,1,0,350,1
0,0,0,284,1
24,0,0,3918,1
1,0,0,171,1
1,0,0,196,1
0,0,0,1756,0
3,0,0,922,0
3,0,0,2297,0
4,0,0,1012,0
0,1,0,317,1
0,0,0,849,1
0,0,0,1210,0
1,0,0,629,0
1,0,0,173,1
3,1,0,3691,0
3,0,0,1614,0
24,0,1,3894,1
3,0,0,1241,0
24,0,0,3893,1
0,0,0,18,1
0,0,0,287,1
24,0,0,3918,1
1,0,0,508,1
1,0,0,71,1
3,0,0,871,0
54,9,0,8267,0
9,0,0,6422,0
0,0,0,776,0
4,0,0,555,0
0,0,0,59,1
4,1,0,2217,0
2,0,0,999,0
1,0,0,62,1
1,0,0,250,1
1,0,0,164,1
1,0,0,176,1
1,0,0,236,1
1,0,0,225,1
1,0,0,107,1
1,1,0,440,0
0,0,0,657,0
1,0,0,4109,0
5,1,0,2622,0
0,0,0,369,0
1,0,0,349,0
1,0,0,76,1
1,0,0,176,1
1,0,0,1139,0
1,0,0,175,1
1,1,0,1007,0
1,0,0,1029,0
1,0,0,147,1
1,0,0,323,1
1,0,0,173,1
5,11,0,1847,0
21,1,0,5080,0
0,0,0,581,0
1,2,0,1091,0
1,0,0,180,1
0,0,0,1548,0
9,0,0,10700,0
1,2,0,1104,0
2,0,0,551,0
0,0,0,112,1
1,0,0,71,1
1,0,0,151,1
0,0,0,237,0
0,0,0,2014,0
1,0,0,66,1
4,0,0,2950,0
0,4,0,1699,0
16,4,0,8830,0
1,1,0,103,1
1,0,0,269,1
0,0,0,213,1
2,0,0,189,1
0,0,0,152,1
1,0,0,156,1
0,0,0,97,1
1,0,0,113,1
0,0,0,1093,0
2,1,0,637,0
1,4,0,10774,0
1,0,0,1769,0
3,0,0,2538,0
3,0,0,797,0
1,0,0,75,1
1,0,0,74,1
0,0,0,1124,0
1,0,0,165,1
1,0,0,176,1
1,0,0,1809,0
1,0,0,128,1
3,0,0,1404,0
0,0,0,1234,0
4,4,0,3474,0
2,0,0,694,0
1,0,0,166,1
1,0,0,70,1
1,0,0,643,0
2,0,0,174,1
0,5,0,2599,0
0,0,0,225,0
2,1,0,2164,0
1,0,0,302,1
1,0,0,170,1
1,0,0,54,1
0,0,0,248,1
1,0,0,78,1
1,0,0,248,1
24,0,0,3895,1
0,0,0,33,1
1,0,0,74,1
4,0,0,1598,0
4,0,0,1856,0
2,0,0,1070,0
0,0,0,285,0
1,0,0,570,0
0,1,0,1892,0
1,0,0,64,1
1,0,0,191,1
2,1,0,497,1
1,0,0,339,0
1,0,0,237,1
0,0,0,62,1
1,0,0,169,1
1,0,0,177,1
2,4,0,1251,0
2,0,0,1216,0
1,0,0,194,1
24,0,0,3894,1
1,0,0,70,1
1,0,0,1581,1
0,0,0,558,0
2,1,0,477,0
0,0,0,285,0
1,0,0,596,0
24,0,0,3895,1
1,4,0,2836,0
20,0,0,3800,0
0,0,0,52,1
1,0,0,149,1
0,0,0,842,1
2,0,0,158,1
2,0,0,148,1
2,0,0,140,1
1,0,0,177,1
1,0,0,111,1
1,0,0,272,1
0,2,0,4560,0
1,0,0,77,1
1,0,0,164,1
1,0,0,168,1
1,0,0,541,0
2,0,0,1101,0
2,0,0,558,0
0,0,0,212,1
24,0,0,3895,1
0,0,0,377,0
1,0,0,260,1
1,0,0,507,1
24,0,0,3918,1
0,0,0,32,1
2,0,0,416,0
1,0,0,166,1
1,0,0,363,1
1,1,0,148,1
1,0,0,99,1
6,0,0,1003,0
3,0,0,738,0
3,0,0,2675,0
3,0,0,533,0
1,0,0,1314,0
0,0,0,726,0
0,0,0,519,0
2,0,0,1038,0
1,0,0,75,1
1,0,0,299,1
1,0,0,171,1
1,0,0,1653,0
2,0,0,788,0
0,3,0,3203,0
3,0,0,4053,0
24,0,0,3894,1
5,0,0,4262,0
0,0,0,2013,0
1,0,0,595,1
2,0,0,359,0
1,0,0,2299,0
2,1,0,2963,0
0,0,0,887,0
0,0,0,65,1
3,0,0,6460,0
49,2,0,18885,0
2,0,0,150,1
2,0,0,144,1
2,2,0,734,0
1,0,0,595,0
3,0,0,812,0
24,0,0,3895,1
0,0,0,579,0
1,1,0,745,0
2,0,0,919,0
0,0,0,1132,0
0,0,0,544,0
0,2,0,1106,0
4,0,0,2695,0
2,0,0,174,1
1,0,0,151,1
0,0,0,302,1
0,0,0,29,1
4,0,0,1703,0
1,0,0,82,1
0,0,0,845,0
2,2,0,3116,0
4,0,0,1831,0
0,0,0,872,0
24,0,0,3918,1
0,0,0,69,1
1,0,0,110,1
0,1,0,2158,0
1,0,0,387,1
1,1,0,1973,0
2,2,0,898,0
2,0,0,1362,0
7,4,0,9574,0
0,0,0,1113,0
2,0,0,180,1
4,0,0,2003,0
2,0,0,141,1
0,0,0,84,1
1,0,0,91,1
1,0,0,146,1
0,0,0,103,1
0,0,0,490,1
1,0,0,5320,0
2,1,0,494,1
1,0,0,113,1
1,0,0,1003,0
24,0,0,3895,1
0,2,0,1276,0
3,0,0,1207,0
2,0,0,830,0
1,0,0,111,1
2,0,0,796,0
1,0,0,179,1
3,0,0,1233,0
1,0,0,813,0
3,2,0,4513,0
2,0,0,1607,0
0,2,0,2871,0
24,0,0,3893,1
1,0,0,1220,0
1,1,0,329,0
0,0,0,53,1
0,1,0,105,1
1,0,0,165,1
3,0,0,920,0
1,0,0,222,1
1,0,0,88,1
0,0,0,513,0
0,1,0,1282,0
2,0,0,766,0
2,0,0,835,0
2,0,0,578,0
5,0,0,913,0
0,1,0,719,0
24,0,0,3895,1
1,0,0,312,1
0,2,0,2942,0
1,0,0,1588,1
0,0,0,1129,0
2,0,0,141,1
0,0,0,207,1
0,0,0,6653,0
0,0,0,57,1
1,0,0,163,1
0,2,0,782,0
1,0,0,2780,0
24,0,0,3895,1
1,0,0,1077,0
1,0,0,353,1
0,0,0,73,0
1,0,0,104,1
2,0,0,157,1
1,0,0,153,1
0,0,0,129,1
4,0,0,881,0
1,0,0,171,1
1,0,0,476,0
0,0,0,1175,0
24,0,0,3894,1
1,0,0,310,1
0,0,0,87,1
0,0,0,1492,0
1,0,0,195,1
1,0,0,99,1
0,0,0,66,1
0,0,0,40,1
0,0,0,291,1
1,3,0,2119,0
9,1,0,4884,0
1,1,0,887,0
24,0,0,3895,1
0,0,0,856,1
0,0,0,54,1
0,0,0,57,1
1,0,0,81,1
1,0,0,84,1
1,0,0,134,1
1,0,0,1377,0
1,0,0,1052,0
1,4,0,2429,0
1,0,0,490,0
1,0,0,174,1
0,0,0,37,1
0,0,0,58,1
24,0,0,3918,1
1,0,0,39,1
0,0,0,289,0
2,0,0,1243,0
0,2,0,1924,0
2,0,0,4918,0
2,0,0,1300,0
1,1,0,154,1
0,0,0,62,1
0,0,0,920,0
1,0,0,71,1
1,0,0,399,1
1,1,0,1497,0
2,0,0,437,0
1,0,0,221,1
24,0,0,3894,1
3,0,0,1455,0
3,0,0,1469,0
0,0,0,1100,0
0,0,0,1406,0
1,0,0,170,1
3,0,0,544,0
1,0,0,89,1
0,0,0,564,0
0,0,0,580,0
0,0,0,975,0
2,0,0,1595,0
2,0,0,1515,0
1,0,0,458,1
2,0,0,544,0
1,0,0,1755,0
2,0,0,1941,0
0,0,0,725,0
0,0,0,457,0
24,0,0,3894,1
1,0,0,539,1
0,0,0,325,1
0,0,0,1723,0
1,0,0,1587,1
0,0,0,1659,0
20,2,0,5018,0
0,0,0,476,0
1,0,0,61,1
1,0,0,1587,1
5,0,0,2598,0
0,0,0,3448,0
10,1,0,16812,0
2,0,0,510,0
1,0,0,358,0
5,0,0,4637,0
1,0,0,296,1
0,0,0,216,1
0,0,0,923,0
1,0,0,452,0
0,0,0,787,0
2,0,0,2743,0
1,0,0,154,1
0,0,0,2035,0
1,2,0,475,1
0,0,0,52,1
0,0,0,62,1
1,0,0,631,0
0,0,0,658,0
1,0,0,5128,0
1,0,0,229,1
0,0,0,196,1
0,1,0,1306,0
0,0,0,52,1
2,0,0,180,1
24,0,0,3894,1
4,0,0,1016,0
0,0,0,646,0
0,0,0,601,0
0,0,0,258,0
2,0,0,1135,0
0,0,0,550,0
1,0,0,120,1
2,0,0,985,0
0,0,0,252,1
1,0,0,333,1
0,0,0,763,0
3,0,0,696,0
3,0,0,1070,0
2,0,0,3060,0
1,0,0,443,0
0,0,0,490,0
1,0,0,138,1
1,0,0,371,1
0,0,0,412,1
0,0,0,198,1
2,0,0,1080,0
1,0,0,455,0
3,0,0,728,0
2,0,0,353,0
2,0,0,576,0
2,0,0,904,0
2,0,0,827,0
1,0,0,486,1
1,0,0,66,1
1,0,0,231,1
1,0,0,292,1
1,0,0,344,1
0,0,0,473,0
0,0,0,742,0
0,0,0,1350,0
1,0,0,695,0
2,0,0,787,0
1,0,0,691,0
1,0,0,459,1
1,0,0,67,1
0,0,0,59,1
0,0,0,53,1
0,2,0,93,1
1,0,0,57,1
1,0,0,367,1
5,0,0,5232,0
0,0,0,3059,0
1,0,0,54,0
0,0,0,865,0
0,2,0,3778,0
1,0,0,106,1
3,0,0,835,0
0,0,0,46,1
1,0,0,84,1
0,1,0,1063,0
8,0,0,4271,0
2,1,0,1140,0
0,0,0,649,0
12,5,0,5296,0
4,0,0,1011,0
0,0,0,779,0
2,0,0,480,0
4,0,0,2013,0
24,0,0,3918,1
0,0,0,1145,0
3,0,0,577,0
1,0,0,2880,0
2,0,0,189,1
0,0,0,199,1
2,0,0,141,1
1,0,0,106,1
3,0,0,567,0
1,0,0,748,0
4,0,0,1861,0
3,11,0,10305,0
0,0,0,242,0
5,0,0,1494,0
1,0,0,4208,0
24,0,0,3918,1
1,1,0,301,1
1,0,0,60,1
1,0,0,4407,0
1,0,0,5976,0
2,1,0,6958,0
2,1,0,784,0
0,0,0,1079,0
1,0,0,283,1
1,0,0,75,1
1,0,0,285,1
3,1,0,1641,0
0,0,0,55,1
0,0,0,252,1
5,2,0,2378,0
1,0,0,72,1
2,0,0,913,0
0,0,0,1061,0
3,1,0,3163,0
4,1,0,5308,0
1,0,0,599,0
3,0,0,827,0
0,0,0,97,1
0,0,0,129,1
1,0,0,86,1
0,0,0,324,1
3,0,0,7150,0
0,0,0,370,0
4,0,0,1167,0
6,1,0,2050,0
1,0,0,933,0
1,1,0,338,1
1,0,0,120,1
2,0,0,1913,0
1,0,0,107,1
0,0,0,66,1
1,0,0,115,1
1,0,0,82,1
1,0,0,74,1
0,1,0,2023,0
0,0,0,549,1
1,0,0,304,1
0,0,0,5695,0
0,0,0,1294,0
3,0,0,1344,0
0,0,0,285,1
0,0,0,93,1
2,1,0,637,0
1,0,0,161,1
0,0,0,93,1
0,0,0,1821,0
2,0,0,899,0
2,0,0,1319,0
0,0,0,1398,0
3,0,0,489,0
0,0,0,319,0
0,0,0,129,1
0,0,0,93,1
1,0,0,1444,0
0,0,0,326,1
0,0,0,285,1
24,0,0,3895,1
24,0,0,3895,1
1,0,0,200,1
0,0,0,94,1
1,0,0,2991,0
3,0,0,959,0
1,0,0,67,0
2,1,0,621,0
6,3,0,3185,0
0,0,0,94,1
0,0,0,62,1
1,0,0,240,1
1,0,0,78,1
0,0,0,30,1
2,0,0,172,1
1,0,0,113,1
2,0,0,1103,0
1,0,0,169,1
0,2,0,1476,1
1,0,0,394,1
4,1,0,2513,0
2,2,0,927,0
3,0,0,483,0
3,2,0,1234,0
1,0,0,248,1
1,0,0,977,0
1,0,0,219,1
1,1,0,10706,0
0,0,0,1494,0
2,0,0,664,0
3,2,0,1229,0
3,0,0,2998,0
1,0,0,192,1
0,0,0,1466,0
1,0,0,748,0
0,0,0,539,0
1,0,0,379,1
0,9,0,1558,0
0,0,0,64,1
0,0,0,87,1
1,0,0,328,1
0,0,0,1295,0
0,0,0,283,0
6,4,0,3780,0
1,0,0,1098,0
1,0,0,305,1
1,0,0,167,1
1,0,0,531,1
0,0,0,3542,0
0,0,0,2223,0
0,0,0,834,0
0,0,0,5827,0
0,0,0,2260,0
1,0,0,403,1
1,0,0,1591,1
1,0,0,1586,1
3,0,0,799,0
0,0,0,1271,0
1,0,0,2062,0
1,0,0,104,1
0,0,0,290,1
1,0,0,503,0
1,0,0,572,0
1,0,0,152,0
0,0,0,341,0
1,6,0,11773,0
1,1,0,421,1
1,1,0,166,1
1,0,0,286,1
1,0,0,207,1
0,0,0,109,0
1,0,0,628,0
2,0,0,1008,0
3,7,0,10620,0
1,0,0,181,1
1,0,0,65,1
1,0,0,72,1
1,0,0,76,1
1,0,0,168,1
0,0,0,159,0
4,2,0,2382,0
0,0,0,2233,0
2,0,0,4043,0
0,0,0,67,1
0,0,0,1374,0
0,0,0,2395,0
2,0,0,1455,0
3,0,0,1495,0
3,0,0,833,0
2,0,0,373,0
6,0,0,3400,0
2,0,0,604,0
0,0,0,698,0
0,0,0,323,1
1,0,0,63,1
1,0,0,80,1
1,0,0,544,1
0,0,0,94,1
0,4,0,2144,0
0,0,0,269,0
0,0,0,523,0
3,0,0,795,0
2,0,0,1382,0
1,0,0,66,1
1,0,0,215,1
1,0,0,85,1
1,0,0,70,1
0,0,0,850,1
1,0,0,400,0
6,5,0,2768,0
1,1,0,1728,0
1,0,0,100,1
92,7,0,28708,0
24,0,0,3895,1
62,7,0,22970,0
1,0,0,190,1
1,0,0,59,1
0,0,0,496,0
0,0,0,50,1
1,0,0,78,1
2,0,0,364,0
2,0,0,1170,0
0,4,0,1315,0
0,0,0,281,1
3,0,0,1372,0
2,2,0,2720,0
1,0,0,71,1
24,0,0,3894,1
4,0,0,1227,0
0,1,0,143,0
0,0,0,537,0
0,0,0,1256,0
0,0,0,1021,0
1,0,0,150,1
24,0,0,3894,1
2,1,0,1166,0
1,1,0,1612,0
0,0,0,647,0
1,0,0,85,1
0,0,0,286,1
0,1,0,1497,0
1,0,0,404,1
2,0,0,501,0
0,4,0,1444,0
0,1,0,1302,0
2,0,0,823,0
1,0,0,70,1
1,0,0,83,1
0,0,0,416,0
1,0,0,116,1
2,0,0,189,1
0,0,0,1493,0
1,0,0,164,1
1,0,0,100,1
1,0,0,263,1
0,0,0,292,0
1,1,0,431,1
1,0,0,2006,0
3,0,0,1265,0
4,0,0,1473,0
0,3,0,756,0
0,0,0,1119,0
1,1,0,346,1
0,0,0,393,0
1,1,0,666,0
24,0,0,3895,1
0,0,0,91,1
0,0,0,66,1
0,0,0,32,0
1,0,0,79,1
0,0,0,409,0
1,0,0,718,0
2,1,0,3678,0
24,0,0,3895,1
3,0,0,700,0
1,0,0,102,1
1,1,0,1593,0
1,0,0,56,1
1,0,0,478,0
1,1,0,205,1
2,1,0,1711,0
0,0,0,237,0
1,4,0,900,0
24,0,0,3894,1
0,8,0,2022,0
3,0,0,677,0
0,8,0,2039,0
0,0,0,43,1
1,0,0,64,1
1,0,0,540,0
0,0,0,1406,0
4,1,0,13987,0
0,1,0,572,0
5,0,0,964,0
0,0,0,238,0
0,0,0,998,0
24,0,0,3895,1
2,0,0,1103,0
1,0,0,266,1
2,0,0,779,0
0,2,0,1473,1
24,0,0,3894,1
2,0,0,2632,0
4,2,0,15835,0
0,1,0,2441,0
0,3,0,3120,0
0,0,0,481,1
3,2,0,1098,0
4,2,0,2271,0
1,0,0,178,1
2,0,0,572,0
23,4,0,16662,0
4,0,0,903,0
0,0,0,527,0
7,0,0,764,0
2,0,0,792,0
3,0,0,2030,0
1,0,0,292,1
0,0,0,90,1
0,0,0,840,1
4,0,0,645,0
0,0,0,322,0
1,0,0,168,1
2,0,0,2498,0
0,0,0,943,0
0,0,0,217,0
5,0,0,3346,0
1,0,0,88,1
0,0,0,1286,0
0,0,0,91,1
0,0,0,567,0
0,0,0,161,1
1,10,0,1992,0
0,0,0,361,1
0,0,0,152,1
3,0,0,1479,0
1,0,0,259,0
1,0,0,883,0
0,0,0,63,1
0,0,0,79,1
1,0,0,1865,0
1,0,0,283,1
0,0,0,1477,0
0,0,0,1697,0
4,0,0,1592,0
23,5,0,6351,0
0,0,0,2394,0
24,0,0,3901,1
24,0,0,3894,1
1,0,0,63,1
0,0,0,338,1
1,0,0,86,1
1,0,0,200,1
0,2,0,339,1
0,0,0,331,1
1,0,0,1468,0
0,1,0,1055,0
0,1,0,1736,0
0,0,0,435,0
1,0,0,849,0
0,0,0,463,0
0,0,0,213,0
2,0,0,145,1
0,0,0,53,1
8,0,0,1918,0
2,0,0,1081,0
2,0,0,1259,0
0,1,0,2440,0
2,0,0,1598,0
3,0,0,1123,0
1,0,0,321,1
0,0,0,930,0
0,0,0,53,1
0,1,0,1609,0
0,0,0,675,0
1,0,0,108,1
1,0,0,104,1
1,1,0,1359,0
2,0,0,1079,0
1,0,0,3686,0
5,0,0,2332,0
1,0,0,711,0
0,0,0,90,1
0,0,0,1357,0
1,0,0,1710,0
2,1,0,4347,0
1,0,0,105,1
0,0,0,845,0
0,0,0,164,0
0,0,0,841,0
27,2,0,10554,0
0,0,0,672,0
0,0,0,1000,0
2,0,0,368,0
2,0,0,389,0
6,2,0,2706,0
1,0,0,164,1
2,0,0,1138,0
0,0,0,282,1
0,0,0,1118,0
3,0,0,1531,0
0,0,0,2208,0
1,0,0,225,0
0,0,0,380,1
2,0,0,729,0
1,0,0,208,1
2,0,0,597,0
0,0,0,3387,0
0,0,0,1047,0
1,0,0,746,0
0,0,0,194,1
4,0,0,668,0
0,0,0,41,1
1,0,0,68,1
1,0,0,189,1
1,0,0,698,0
1,0,0,1590,1
2,0,0,862,0
1,1,0,99,1
19,1,0,9089,0
2,0,0,874,0
0,0,0,89,1
1,0,0,270,1
2,0,0,644,0
1,0,0,260,1
0,0,0,681,0
1,0,0,295,1
0,0,0,103,1
24,0,0,3894,1
0,0,0,1234,1
0,0,0,2852,0
1,0,0,285,1
1,0,0,309,1
2,0,0,667,0
1,0,0,260,1
1,0,0,348,1
0,3,0,4435,0
1,0,0,501,0
2,0,0,1279,0
7,1,0,2591,0
1,0,0,306,1
1,0,0,83,1
1,0,0,270,1
1,0,0,279,1
1,1,0,296,1
1,0,0,355,1
67,0,0,14909,0
2,0,0,148,1
1,0,0,320,1
1,0,0,242,0
1,0,0,296,1
1,0,0,260,1
1,0,0,74,1
1,1,0,108,1
24,0,0,3918,1
0,0,0,1571,0
1,0,0,314,1
1,0,0,344,1
1,0,0,307,1
1,0,0,283,1
1,0,0,340,1
1,0,0,294,1
2,0,0,1274,0
0,0,0,55,1
1,0,0,545,1
1,0,0,105,1
0,4,0,9716,0
1,0,0,302,1
1,0,0,299,1
2,0,0,1512,0
3,1,0,2317,0
2,3,0,4812,0
2,0,0,470,0
2,0,0,465,0
1,0,0,283,1
1,0,0,344,1
1,1,0,9930,0
0,0,0,47,1
1,0,0,969,0
0,0,0,91,1
0,0,0,473,1
1,0,0,310,1
1,0,0,352,1
1,0,0,262,1
1,0,0,365,1
1,0,0,314,1
2,0,0,806,0
1,0,0,76,1
1,0,0,277,1
1,1,0,256,1
2,0,0,696,0
2,0,0,1517,0
0,0,0,561,0
0,0,0,680,0
1,0,0,76,1
1,0,0,261,0
1,0,0,241,1
1,0,0,322,1
1,0,0,269,1
1,0,0,77,1
1,0,0,808,0
1,0,0,201,1
1,0,0,309,1
1,0,0,291,1
2,0,0,2526,0
1,0,0,314,1
1,0,0,270,1
1,0,0,340,1
0,0,0,59,1
0,0,0,1340,0
1,0,0,255,1
2,1,0,1506,0
2,0,0,779,0
1,0,0,336,0
1,0,0,340,0
1,0,0,52,1
0,0,0,327,1
0,0,0,319,1
0,0,0,299,0
0,0,0,329,1
0,0,0,46,1
0,0,0,322,1
1,0,0,291,1
2,0,0,6512,0
0,0,0,323,1
2,0,0,142,1
1,0,0,179,1
1,0,0,322,1
0,0,0,322,1
1,0,0,3546,0
0,0,0,61,1
1,0,0,161,1
1,0,0,240,1
0,0,0,152,1
1,0,0,276,1
1,10,0,21009,0
1,0,0,306,1
1,1,0,339,1
1,0,0,284,1
2,2,0,3549,0
1,0,0,541,0
17,1,0,4215,0
0,0,0,974,0
0,0,0,781,0
1,0,0,244,1
1,0,0,261,1
0,0,0,841,1
0,0,0,320,1
2,0,0,925,0
1,0,0,292,1
4,0,0,6854,0
0,0,0,322,1
0,0,0,320,1
1,0,0,333,1
1,0,0,354,1
0,0,0,132,1
2,0,0,6449,0
2,0,0,563,0
5,0,0,7381,0
2,0,0,2890,0
0,0,0,525,0
0,2,0,1883,0
3,0,0,688,0
0,0,0,296,0
0,0,0,199,1
1,0,0,340,1
1,0,0,174,1
2,0,0,173,1
0,0,0,324,1
0,0,0,314,1
1,0,0,390,0
0,0,0,322,1
0,0,0,327,1
0,0,0,292,0
0,0,0,318,1
0,0,0,322,1
0,0,0,316,1
2,0,0,715,0
2,0,0,10928,0
1,0,0,177,0
24,0,0,3893,1
2,0,0,410,0
0,0,0,322,1
1,0,0,283,1
0,0,0,321,1
1,0,0,440,0
0,0,0,330,1
2,0,0,155,1
1,0,0,204,1
2,0,0,415,0
1,0,0,79,1
0,0,0,323,1
0,0,0,326,1
1,0,0,301,1
0,0,0,325,1
0,0,0,323,1
0,0,0,322,1
1,0,0,1587,1
0,0,0,321,1
0,0,0,323,1
1,0,0,311,0
0,0,0,327,1
2,1,0,6108,0
2,0,0,559,0
0,0,0,1568,0
2,0,0,671,0
0,0,0,62,1
0,0,0,320,1
1,0,0,340,1
0,0,0,317,1
2,0,0,788,0
0,0,0,320,1
0,0,0,326,1
0,0,0,108,1
0,0,0,287,1
0,0,0,1487,0
1,0,0,307,1
0,0,0,325,1
0,0,0,371,1
1,1,0,1534,0
2,0,0,1026,0
1,0,0,3221,0
2,0,0,2600,0
0,1,0,2588,0
1,0,0,276,1
1,0,0,1589,1
1,0,0,201,1
0,0,0,321,1
1,0,0,362,1
1,0,0,278,1
1,0,0,354,1
1,0,0,362,1
1,0,0,1511,0
4,0,0,734,0
1,0,0,208,0
1,0,0,262,0
0,0,0,3299,0
1,2,0,785,0
17,0,0,3040,0
1,0,0,628,0
0,1,0,1492,1
4,2,0,2325,0
0,0,0,52,1
1,0,0,112,1
0,0,0,325,1
0,0,0,327,1
5,0,0,1198,0
0,0,0,327,1
0,0,0,325,1
0,0,0,317,1
3,0,0,4258,0
1,0,0,294,1
1,0,0,318,1
0,0,0,320,1
2,0,0,644,0
1,2,0,636,0
4,0,0,861,0
1,0,0,214,0
0,0,0,404,1
0,1,0,249,1
1,0,0,510,1
0,0,0,316,1
6,3,0,6669,0
1,0,0,219,1
3,0,0,6988,0
0,0,0,293,0
5,0,0,1113,0
1,0,0,259,0
3,0,0,5190,0
1,0,0,1038,0
0,0,0,319,1
0,0,0,320,1
1,0,0,78,1
0,0,0,320,1
1,0,0,328,1
0,0,0,864,0
0,0,0,327,1
2,0,0,1033,0
10,0,0,2853,0
27,3,0,7860,0
0,0,0,324,1
0,0,0,322,1
1,1,0,357,1
0,0,0,323,1
0,0,0,94,1
0,0,0,323,1
0,0,0,320,1
7,0,0,2393,0
1,0,0,237,1
0,0,0,95,1
0,0,0,323,1
0,0,0,653,0
3,0,0,2007,0
45,4,0,7894,0
1,1,0,5793,0
1,0,0,221,1
0,0,0,324,1
0,0,0,92,1
0,0,0,95,1
0,0,0,702,0
0,0,0,94,1
0,0,0,314,1
3,3,0,1283,0
4,0,0,1111,0
76,5,0,16864,0
1,0,0,789,0
5,3,0,23711,0
0,0,0,95,1
3,0,0,528,0
0,0,0,862,1
0,0,0,324,1
0,0,0,316,1
0,0,0,301,0
0,0,0,322,1
0,8,0,8253,0
4,0,0,798,0
3,0,0,429,0
0,0,0,93,1
1,0,0,282,1
0,0,0,299,0
0,0,0,316,1
1,0,0,63,1
1,0,0,207,1
0,0,0,326,1
0,0,0,51,1
0,0,0,95,1
0,0,0,321,1
6,0,0,1225,0
3,0,0,743,0
1,0,0,827,0
0,0,0,215,0
0,0,0,320,1
0,0,0,382,1
0,0,0,327,1
0,0,0,567,0
1,0,0,558,1
0,0,0,318,1
1,0,0,1592,1
1,0,0,495,1
0,0,0,1637,0
1,0,0,75,1
0,0,0,323,1
0,0,0,222,0
1,0,0,579,0
0,0,0,295,1
1,0,0,333,0
0,0,0,319,1
0,0,0,1618,0
0,0,0,205,0
0,0,0,321,1
0,0,0,322,1
0,0,0,319,1
1,0,0,164,1
0,0,0,319,1
3,1,0,1519,0
0,0,0,323,1
1,2,0,3420,0
0,0,0,1328,0
0,0,0,202,1
0,0,0,319,1
0,0,0,106,1
1,1,0,4815,0
0,0,0,313,1
3,0,0,935,0
0,0,0,609,0
1,0,0,498,0
2,0,0,6692,0
1,0,0,320,1
0,0,0,322,1
0,0,0,320,1
0,0,0,321,1
0,0,0,314,1
0,0,0,315,1
0,0,0,313,1
0,0,0,429,0
0,0,0,324,1
1,0,0,167,1
0,0,0,675,0
0,0,0,1431,0
5,3,0,3406,0
4,0,0,7593,0
2,0,0,424,0
0,0,0,855,1
0,0,0,320,1
0,0,0,1544,0
0,0,0,326,1
0,0,0,325,1
0,0,0,323,1
0,0,0,327,1
1,0,0,234,1
1,0,0,237,1
0,0,0,325,1
0,0,0,35,1
0,0,0,341,0
1,0,0,182,1
0,0,0,321,1
0,0,0,328,1
0,0,0,320,1
0,0,0,794,0
1,0,0,441,0
1,0,0,950,0
1,1,0,568,0
0,0,0,324,1
0,1,0,335,1
0,0,0,321,1
0,0,0,321,1
0,0,0,321,1
0,1,0,1384,0
0,0,0,94,1
0,0,0,318,1
0,0,0,324,1
1,0,0,1586,1
0,0,0,318,1
0,0,0,316,1
1,0,0,483,1
19,0,0,5613,0
2,0,0,650,0
2,0,0,586,0
1,0,0,5133,0
2,1,0,423,0
0,0,0,324,1
3,0,0,3561,0
1,1,0,203,1
1,0,0,932,0
0,0,0,324,1
0,0,0,324,1
1,0,0,458,0
0,0,0,319,1
0,0,0,318,1
3,0,0,829,0
0,0,0,867,1
0,0,0,323,1
0,0,0,1085,0
1,0,0,280,1
1,0,0,1061,0
0,0,0,160,1
2,0,0,1350,0
9,2,0,10222,0
8,2,0,8085,0
4,0,0,996,0
1,0,0,411,0
2,0,0,851,0
0,0,0,318,1
3,0,0,377,0
2,1,0,1186,0
0,0,0,324,1
24,0,0,3895,1
28,2,0,12028,0
5,0,0,6402,0
1,1,0,3066,0
2,0,0,4726,0
1,1,0,479,0
2,0,0,603,0
1,0,0,273,1
0,0,0,321,1
0,0,0,319,1
0,0,0,846,0
1,1,0,267,1
0,0,0,603,0
0,0,0,365,0
1,1,0,1556,0
1,3,0,6112,0
0,0,0,96,1
1,0,0,1277,0
2,0,0,2531,0
0,0,0,772,0
3,0,0,1059,0
1,0,0,116,1
1,0,0,103,1
1,5,0,2673,0
1,0,0,177,1
2,0,0,558,0
1,0,0,218,1
0,0,0,1102,0
9,2,0,23063,0
0,0,0,440,0
5,0,0,898,0
8,0,0,3115,0
1,0,0,623,0
0,0,0,81,1
3,0,0,813,0
0,0,0,64,1
0,1,0,365,1
4,0,0,1258,0
0,0,0,48,1
0,0,0,55,1
3,0,0,2035,0
1,0,0,2028,0
2,0,0,164,1
9,2,0,2796,0
19,1,0,5222,0
2,0,0,579,0
1,0,0,547,1
0,0,0,393,0
1,0,0,244,1
1,0,0,1592,1
0,0,0,102,1
2,0,0,1836,0
4,0,0,925,0
0,0,0,2518,0
2,0,0,574,0
1,0,0,666,0
2,0,0,1836,0
0,0,0,129,1
0,0,0,860,0
0,0,0,56,1
1,0,0,214,1
1,0,0,94,1
2,0,0,1314,0
0,0,0,50,1
0,0,0,42,1
6,1,0,2026,0
0,0,0,330,1
0,2,0,1218,0
2,0,0,399,0
9,2,0,2796,0
11,1,0,2793,0
1,0,0,1709,0
0,0,0,865,1
1,0,0,319,1
1,0,0,334,1
1,0,0,1426,0
4,0,0,2703,0
1,0,0,269,1
1,0,0,308,1
1,2,0,1164,0
5,0,0,799,0
2,0,0,1355,0
1,0,0,107,1
1,0,0,2094,0
1,0,0,112,1
0,0,0,747,0
0,0,0,97,1
1,0,0,234,1
0,0,0,95,1
1,0,0,165,1
1,1,0,2987,0
0,0,0,36,1
0,0,0,1731,0
2,0,0,2043,0
0,0,0,483,0
4,0,0,1574,0
2,0,0,1337,0
1,0,0,619,0
0,0,0,441,0
0,0,0,51,1
3,0,0,1300,0
1,2,0,733,0
1,0,0,4796,0
0,0,0,2195,0
0,0,0,3804,0
1,0,0,368,0
0,0,0,1316,0
4,0,0,2141,0
0,0,0,107,1
1,0,0,1350,0
1,0,0,607,0
3,7,0,3215,0
0,0,0,96,1
0,0,0,94,1
1,0,0,652,0
0,0,0,727,0
0,2,0,145,1
121,125,0,29396,0
2,0,0,1369,0
2,0,0,4988,0
0,0,0,1017,0
8,1,0,6002,0
5,0,0,2352,0
6,0,0,1373,0
1,0,0,270,1
1,0,0,272,1
1,0,0,271,1
1,1,0,629,1
1,7,0,3506,0
0,0,0,319,1
1,0,0,328,1
1,0,0,258,1
1,0,0,236,1
0,1,0,906,0
0,0,0,318,1
0,0,0,180,0
1,0,0,283,1
0,0,0,1599,0
1,0,0,87,1
0,0,0,42,1
3,0,0,5981,0
2,0,0,570,0
0,0,0,797,1
1,0,0,74,1
1,0,0,271,1
0,0,0,317,1
1,0,0,294,1
0,0,0,491,0
2,0,0,555,0
0,0,0,682,0
0,0,0,1226,0
1,0,0,304,1
0,0,0,1544,1
1,0,0,316,1
1,0,0,286,1
0,1,0,1063,0
0,1,0,3455,0
0,0,0,322,1
0,0,0,1539,1
2,0,0,697,0
6,0,0,2674,0
1,0,0,186,1
0,0,0,112,1
1,0,0,319,1
3,0,0,1898,0
0,0,0,327,1
2,0,0,775,0
0,0,0,4179,0
2,0,0,4983,0
6,0,0,646,0
2,0,0,872,0
2,0,0,761,0
2,0,0,4988,0
0,0,0,2508,0
3,1,0,5206,0
0,0,0,522,0
1,0,0,273,1
2,0,0,557,0
5,0,0,1589,0
0,0,0,294,1
0,0,0,1264,0
1,0,0,302,1
1,0,0,271,1
105,16,0,37096,0
3,0,0,2140,0
1,0,0,325,1
0,4,0,296,0
1,0,0,53,1
0,0,0,289,1
1,0,0,295,1
56,26,0,39186,0
3,1,0,1148,0
0,0,0,985,0
6,0,0,1690,0
2,1,0,1198,0
3,0,0,2204,0
0,0,0,287,1
1,0,0,327,1
0,0,0,1052,0
1,0,0,98,1
1,0,0,172,1
1,0,0,632,0
1,0,0,148,1
1,0,0,121,1
0,0,0,76,1
0,0,0,324,1
1,0,0,85,1
1,0,0,647,0
1,0,0,278,1
1,0,0,591,1
1,2,0,650,0
0,0,0,239,0
0,0,0,1229,0
2,0,0,583,0
0,0,0,3384,0
0,0,0,3894,0
1,0,0,78,1
3,0,0,1246,0
1,0,0,248,1
1,0,0,321,1
1,0,0,306,1
1,0,0,297,1
1,0,0,315,1
1,0,0,284,1
2,1,0,1015,0
1,0,0,236,1
1,0,0,197,1
1,0,0,335,1
3,0,0,1535,0
1,0,0,257,1
1,0,0,314,1
1,0,0,323,1
1,0,0,327,1
2,0,0,982,0
4,0,0,1301,0
2,0,0,1464,0
0,0,0,1158,0
5,0,0,2635,0
1,0,0,280,1
1,0,0,297,1
1,0,0,297,1
1,0,0,338,1
1,1,0,228,1
0,1,0,901,1
0,0,0,318,1
1,0,0,73,1
2,0,0,1555,0
1,0,0,61,1
2,1,0,818,0
1,1,0,775,0
0,0,0,848,1
4,0,0,913,0
0,0,0,317,1
1,0,0,111,1
1,0,0,586,0
0,0,0,321,1
3,1,0,1731,0
4,0,0,2639,0
0,3,0,949,0
3,0,0,1332,0
0,4,0,1514,0
2,0,0,984,0
1,0,0,313,1
2,0,0,545,0
1,0,0,474,1
0,0,0,7301,0
0,0,0,324,1
2,0,0,544,0
1,0,0,171,0
0,0,0,325,1
0,0,0,112,1
0,0,0,312,1
1,0,0,601,0
1,0,0,103,1
0,0,0,345,0
1,0,0,306,1
0,0,0,317,1
0,0,0,1282,0
0,0,0,699,0
1,0,0,474,1
0,0,0,318,1
0,0,0,515,0
1,0,0,227,1
0,0,0,317,1
0,0,0,319,1
0,0,0,322,1
0,3,0,951,0
1,0,0,186,1
0,0,0,327,1
3,1,0,3617,0
3,3,0,1072,0
1,0,0,184,1
0,0,0,769,0
1,0,0,391,0
22,1,0,3511,0
0,0,0,90,1
2,0,0,4159,0
0,0,0,322,1
0,0,0,703,0
0,0,0,1665,0
24,0,0,3895,1
1,0,0,2555,0
2,0,0,1823,0
1,0,0,71,1
0,0,0,321,1
0,0,0,2396,0
1,0,0,179,1
3,0,0,2165,0
5,0,0,7483,0
1,0,0,2625,0
0,0,0,260,0
2,0,0,1604,0
2,0,0,833,0
0,0,0,316,1
0,0,0,92,1
1,1,0,1176,0
0,0,0,317,1
0,0,0,90,1
0,0,0,318,1
0,0,0,166,0
24,0,0,3894,1
2,0,0,1588,0
1,0,0,130,1
0,1,0,4548,0
1,0,0,455,1
0,0,0,221,1
0,0,0,129,1
4,0,0,7403,0
2,0,0,936,0
22,0,0,3348,0
3,0,0,1617,0
0,0,0,320,1
6,0,0,3764,0
1,0,0,90,1
3,0,0,1186,0
1,0,0,2400,0
0,0,0,313,1
1,0,0,270,1
2,0,0,1734,0
4,0,0,2026,0
0,0,0,232,1
1,0,0,192,1
24,0,0,3894,1
3,0,0,1898,0
1,0,0,202,1
2,0,0,1608,0
2,2,0,2863,0
1,0,0,1639,0
0,24,0,8226,0
2,0,0,6520,0
24,0,0,3895,1
0,0,0,559,0
0,0,0,90,1
24,0,0,3918,1
1,0,0,173,1
0,1,0,986,0
0,3,0,635,0
0,0,0,104,1
1,0,0,209,1
3,0,0,1692,0
0,0,0,299,0
1,0,0,214,1
11,0,0,2462,0
1,0,0,278,1
0,0,0,129,1
2,0,0,5784,0
2,0,0,1073,0
3,0,0,4082,0
1,0,0,615,0
0,0,0,247,0
0,0,0,54,1
0,1,0,56,1
0,0,0,318,1
1,0,0,319,1
4,0,0,2741,0
0,3,0,2747,0
24,0,0,3894,1
2,0,0,1983,0
3,0,0,930,0
0,1,0,257,1
0,0,0,697,0
0,0,0,43,1
0,0,0,2792,0
1,0,0,2114,0
8,14,0,2877,0
1,0,0,63,1
1,0,0,112,1
16,2,0,3361,0
0,0,0,202,0
0,0,0,90,1
1,0,0,1456,0
1,0,0,498,1
0,0,0,459,0
1,0,0,95,1
0,1,0,70,1
1,2,0,2496,0
7,3,0,3103,0
0,0,0,523,0
1,12,1,5753,0
0,0,0,1934,0
1,0,0,471,1
0,0,0,62,1
1,0,0,207,1
3,0,0,2374,0
0,0,0,321,1
0,0,0,320,1
0,0,0,329,1
0,0,0,325,1
0,0,0,160,0
1,0,0,2133,0
0,0,0,918,0
1,0,0,714,0
2,0,0,1418,0
1,0,0,198,1
1,2,0,253,0
1,0,0,420,1
4,0,0,762,0
0,0,0,89,1
1,0,0,534,1
24,0,0,3918,1
1,0,0,1039,0
1,0,0,206,1
1,0,0,313,0
1,0,0,167,1
0,0,0,39,1
10,0,0,1488,0
1,1,0,2189,0
4,3,0,1108,0
2,0,0,1393,0
1,0,0,489,1
1,0,0,456,1
1,0,0,175,1
5,0,0,1306,0
1,0,0,349,1
0,0,0,328,1
0,0,0,2048,0
1,0,0,104,1
1,0,0,282,1
5,3,0,6639,0
4,0,0,3040,0
5,3,0,13432,0
0,0,0,362,0
0,1,0,2239,0
1,0,0,179,1
2,0,0,630,1
0,0,0,247,0
0,0,0,321,1
2,0,0,1401,0
0,0,0,323,1
2,0,0,1547,0
2,0,0,2866,0
0,0,0,528,0
3,0,0,1446,0
1,0,0,195,1
4,0,0,905,0
1,0,0,145,1
24,0,0,3895,1
1,0,0,505,1
1,0,0,114,1
1,2,0,2064,0
1,0,0,215,1
3,0,0,1826,0
0,0,0,129,1
1,2,0,3238,0
1,0,0,444,0
3,0,0,925,0
3,0,0,1115,0
1,0,0,100,1
2,1,0,2008,0
0,0,0,321,1
0,0,0,1890,0
6,1,0,4508,0
0,0,0,467,0
1,0,0,615,0
24,0,0,3895,1
6,1,0,4823,0
1,0,0,101,1
4,0,0,7367,0
3,4,0,5917,0
2,0,0,397,0
1,0,0,80,1
0,0,0,91,1
1,0,0,346,1
1,0,0,223,1
2,1,0,806,0
0,0,0,6177,0
1,1,0,2523,0
0,0,0,379,0
2,0,0,1546,0
0,0,0,851,1
1,0,0,480,1
4,0,0,7625,0
1,0,0,1840,1
0,0,0,110,1
2,0,0,2390,0
1,0,0,111,1
0,0,0,326,1
0,0,0,110,1
3,1,0,4458,0
1,0,0,563,0
1,0,0,207,1
0,2,0,1904,0
1,0,0,397,0
2,5,0,4603,0
1,0,0,2786,0
2,0,0,641,0
13,1,0,5656,0
0,0,0,383,0
0,1,0,117,1
2,1,0,1414,0
0,0,0,325,1
0,0,0,241,0
0,0,0,91,1
5,1,0,8611,0
1,0,0,279,1
0,1,0,121,1
0,0,0,375,0
1,0,0,1607,0
2,0,0,790,0
1,0,0,143,1
0,0,0,129,1
10,5,0,2277,0
1,0,0,67,1
1,0,0,77,1
1,1,0,218,1
1,0,0,255,1
0,0,0,91,1
1,1,0,10592,0
1,0,0,1590,1
1,5,0,3734,0
1,0,0,103,1
0,0,0,1872,0
4,2,0,2725,0
0,0,0,779,0
2,0,0,2336,0
0,0,0,1194,0
0,0,0,517,0
0,0,0,317,1
4,3,0,2671,0
0,0,0,47,1
0,0,0,68,1
1,1,0,101,1
0,0,0,285,1
0,0,0,1413,0
0,0,0,91,1
1,0,0,74,1
1,0,0,503,0
0,0,0,102,1
3,0,0,1268,0
1,0,0,1638,0
2,0,0,803,0
4,1,0,9287,0
1,1,0,1639,0
2,0,0,5274,0
1,0,0,1083,0
0,0,0,81,1
0,0,0,318,1
1,0,0,81,1
0,2,0,3464,0
0,1,0,139,1
3,0,0,818,0
1,0,0,238,1
1,0,0,99,1
0,0,0,367,1
1,0,0,192,1
1,0,0,177,1
2,0,0,1825,0
1,0,0,66,1
0,0,0,838,1
4,0,0,971,0
1,0,0,107,1
0,0,0,112,1
0,0,0,329,1
1,1,0,3309,0
1,0,0,589,0
0,0,0,321,1
0,0,0,94,1
0,0,0,321,1
1,0,0,99,1
1,0,0,113,1
0,0,0,2907,0
0,0,0,1679,0
0,0,0,1402,0
0,0,0,453,0
0,0,0,2641,0
0,0,0,647,1
1,0,0,86,1
0,0,0,1349,0
1,2,0,1330,0
1,0,0,208,1
0,0,0,470,0
2,0,0,180,1
1,0,0,1069,0
5,3,0,12521,0
4,0,0,483,0
3,0,0,1062,0
5,0,0,7223,0
1,0,0,302,1
0,0,0,1986,0
0,0,0,808,1
1,0,0,343,1
0,0,0,325,1
3,1,0,1186,0
0,0,0,321,1
2,0,0,542,0
1,0,0,193,1
9,4,0,2089,0
3,0,0,1791,0
3,0,0,1902,0
0,0,0,1600,0
0,2,0,770,0
24,2,0,5678,0
2,0,0,5276,0
0,0,0,1761,0
0,0,0,111,1
1,0,0,2569,0
0,0,0,108,1
0,0,0,111,1
2,1,0,6243,0
0,0,0,323,1
0,0,0,113,1
0,0,0,44,1
0,0,0,1841,0
1,0,0,207,1
1,0,0,377,1
5,0,0,3848,0
1,0,0,234,1
0,0,0,218,1
0,0,0,717,0
1,0,0,185,1
1,0,0,78,1
0,0,0,67,1
1,0,0,74,1
0,1,0,124,1
0,0,0,2331,0
1,0,0,368,1
1,0,0,590,0
1,0,0,2312,0
1,1,0,4353,0
2,0,0,651,0
0,0,0,129,1
1,0,0,104,1
1,1,0,191,1
2,0,0,1720,0
4,1,0,3749,0
0,0,0,328,1
1,0,0,115,1
1,0,0,198,1
0,0,0,109,1
0,0,0,1410,0
0,0,0,60,1
3,1,0,6250,0
1,0,0,119,1
1,0,0,400,1
2,0,0,1351,0
0,0,0,763,0
0,0,0,406,0
2,2,0,22219,0
2,0,0,1027,0
8,6,0,2887,0
1,0,0,208,1
2,0,0,1252,0
0,0,0,319,1
2,0,0,793,0
0,0,0,44,1
0,0,0,324,1
4,3,0,2413,0
0,0,0,320,1
2,0,0,953,0
0,0,0,322,1
0,0,0,323,1
1,0,0,181,1
1,0,0,169,1
1,0,0,103,1
0,0,0,1589,0
4,1,0,9288,0
4,0,0,429,0
2,0,0,1190,0
1,0,0,91,0
1,0,0,3084,0
0,2,0,1831,0
0,2,0,3324,0
0,0,0,325,1
0,0,0,1728,0
1,0,0,71,1
2,0,0,147,1
24,0,0,3894,1
1,2,0,945,0
0,0,0,320,1
0,0,0,328,1
8,0,0,8503,0
1,0,0,196,1
0,0,0,314,1
0,0,0,325,1
1,0,0,91,1
1,0,0,190,1
1,1,0,671,0
0,0,0,323,1
24,0,0,3894,1
4,1,0,4264,0
0,0,0,1995,0
1,2,0,3896,0
1,0,0,400,1
0,0,0,320,1
1,0,0,499,1
0,0,0,1964,0
1,0,0,195,1
1,0,0,87,1
1,0,0,95,1
0,0,0,284,1
0,0,0,319,1
1,0,0,171,1
1,0,0,787,0
2,1,0,177,1
1,0,0,71,1
1,0,0,86,1
1,0,0,912,0
0,0,0,1560,0
24,0,0,3895,1
1,0,0,394,0
1,0,0,395,0
1,0,0,155,0
3,1,0,664,0
1,1,0,195,1
1,0,0,263,1
0,0,0,904,0
0,1,0,146,1
1,0,0,355,0
0,0,0,325,1
1,0,0,112,1
1,1,0,99,1
1,0,0,5131,0
1,0,0,108,1
0,0,0,539,0
1,0,0,111,1
1,0,0,305,1
1,0,0,271,1
0,0,0,180,0
0,0,0,90,1
0,0,0,89,1
1,0,0,66,1
0,0,0,93,1
0,0,0,96,1
1,0,0,74,1
1,1,0,213,1
2,1,0,1057,0
0,0,0,94,1
1,0,0,318,1
1,0,0,77,1
1,0,0,585,0
24,0,0,3895,1
0,0,0,2683,0
4,0,0,2258,0
2,0,0,1830,0
2,0,0,941,0
0,0,0,90,1
1,0,0,213,0
1,0,0,898,0
5,2,0,87849,0
0,0,0,324,1
1,0,0,1716,0
1,0,0,243,1
3,1,0,5842,0
1,0,0,158,1
3,0,0,899,0
0,1,0,3409,0
1,0,0,278,0
1,0,0,217,1
2,0,0,158,1
0,0,0,318,1
2,0,0,160,1
4,0,0,3474,0
0,0,0,92,1
0,0,0,419,0
0,0,0,94,1
0,3,0,47104,0
13,5,0,5594,0
1,0,0,2018,0
3,0,0,707,0
1,0,0,486,1
1,0,0,582,0
95,9,0,34588,0
0,0,0,317,1
1,0,0,95,1
1,0,0,1455,0
1,0,0,1887,0
0,0,0,479,0
1,0,0,306,0
0,0,0,331,1
2,0,0,973,0
1,1,0,198,1
1,0,0,97,1
2,0,0,276,1
2,0,0,224,1
1,0,0,155,1
3,3,0,1252,0
2,0,0,803,0
0,0,0,1192,0
2,1,0,1042,0
2,0,0,3079,0
0,0,0,44,1
2,0,0,444,0
0,1,0,2474,0
3,2,0,2950,0
0,0,0,323,1
1,0,0,1146,0
0,0,0,180,0
1,0,0,72,1
0,1,0,113,1
0,1,0,118,1
1,0,0,2788,0
1,0,0,203,1
0,0,0,779,0
1,0,0,67,1
2,0,0,148,1
0,0,0,599,0
2,0,0,179,1
1,0,0,73,1
0,0,0,2451,0
0,0,0,70,1
0,2,0,1202,0
0,0,0,321,1
0,0,0,318,1
0,3,0,1504,1
0,2,0,1857,0
1,0,0,346,1
1,0,0,197,1
1,0,0,71,1
0,0,0,325,1
1,0,0,115,1
2,3,0,4570,0
2,0,0,1769,0
4,2,0,2275,0
5,0,0,5884,0
3,0,0,1156,0
11,0,0,8393,0
2,1,0,2194,0
6,1,0,1871,0
1,0,0,1850,1
0,0,0,297,0
1,0,0,326,1
1,0,0,1852,1
1,0,0,108,1
1,0,0,179,1
1,0,0,230,0
1,0,0,626,1
1,2,0,533,0
1,0,0,195,1
1,0,0,475,1
3,0,0,6479,0
1,0,0,68,1
1,0,0,103,1
0,0,0,158,1
0,0,0,328,1
4,1,0,3621,0
0,0,0,320,1
1,0,0,93,1
0,0,0,94,0
0,0,0,86,1
0,0,0,318,1
1,0,0,75,1
1,0,0,274,1
1,0,0,204,1
2,0,0,640,0
0,0,0,326,1
0,0,0,323,1
0,0,0,326,1
2,0,0,604,0
1,0,0,490,0
0,1,0,4072,0
1,1,0,4822,0
2,1,0,800,0
0,0,0,79,1
0,0,0,191,0
0,0,0,317,1
0,0,0,317,1
1,0,0,169,1
0,0,0,46,1
0,0,0,36,1
1,0,0,639,0
1,0,0,110,1
0,0,0,328,1
2,0,0,181,1
0,0,0,96,1
1,1,0,2328,0
24,0,0,3895,1
0,0,0,481,1
1,0,0,102,1
0,0,0,320,1
1,0,0,455,1
2,0,0,1553,0
0,0,0,927,0
0,0,0,315,1
1,0,0,260,1
1,0,0,1056,0
2,1,0,918,0
0,1,0,4609,0
2,0,0,636,0
0,0,0,129,1
0,0,0,228,1
0,0,0,971,0
2,0,0,149,1
0,0,0,320,1
0,0,0,321,1
0,0,0,2283,0
1,0,0,588,1
1,0,0,462,1
24,0,0,3895,1
24,0,0,3895,1
2,0,0,635,0
4,0,0,2685,0
0,1,0,5097,0
2,0,0,2630,0
3,0,0,1474,0
3,0,0,819,0
4,2,0,7429,0
5,0,0,2236,0
0,0,0,324,1
0,0,0,2497,0
1,1,0,195,1
14,3,0,3548,0
0,0,0,376,0
1,1,0,220,1
0,0,0,235,0
1,0,0,213,1
1,1,0,197,1
1,0,0,205,1
1,0,0,250,1
3,2,0,1430,0
3,0,0,792,0
1,0,0,1218,0
1,0,0,513,0
2,0,0,559,0
23,3,0,6983,0
0,0,0,71,1
1,0,0,83,1
0,0,0,322,1
0,0,0,320,1
6,1,0,3527,0
1,0,0,660,1
6,0,0,11154,0
0,2,0,223,0
1,0,0,416,1
0,0,0,322,1
0,1,0,5139,0
1,0,0,86,1
0,0,0,76,1
4,0,0,1219,0
1,0,0,183,1
2,1,0,5483,0
1,0,0,96,1
1,0,0,218,1
2,2,0,8888,0
10,1,0,2382,0
2,2,0,597,1
1,0,0,282,1
1,0,0,394,1
2,0,0,164,1
15,7,0,7164,0
2,0,0,330,0
1,2,0,3110,0
0,0,0,587,0
0,7,0,3516,0
7,1,0,1995,0
0,0,0,60,1
0,0,0,316,1
0,0,0,320,1
1,0,0,156,1
1,0,0,181,1
2,0,0,2783,0
0,0,0,324,1
1,0,0,146,1
0,4,0,3890,0
0,0,0,91,1
0,0,0,320,1
2,0,0,165,1
1,0,0,232,1
0,1,0,111,1
2,0,0,1207,0
0,0,0,321,1
0,0,0,1513,0
1,0,0,459,1
0,0,0,325,1
3,1,0,6717,0
0,0,0,324,1
0,0,0,319,1
0,0,0,4203,0
1,1,0,192,1
0,0,0,94,1
5,0,0,7840,0
15,0,0,4942,0
22,0,0,11438,0
4,0,0,2764,0
1,0,0,377,1
3,0,0,949,0
2,0,0,189,1
1,25,1,4482,0
0,0,0,337,1
0,0,0,3643,0
0,0,0,2945,0
0,0,0,320,1
1,0,0,110,1
1,1,0,747,0
1,0,0,632,0
2,1,0,4752,0
2,0,0,874,0
0,0,0,91,1
1,0,0,245,1
0,0,0,91,1
1,25,1,5503,0
1,0,0,866,1
0,0,0,329,1
0,0,0,324,1
3,0,0,638,0
0,0,0,327,1
0,0,0,320,1
2,0,0,765,0
1,0,0,68,1
0,0,0,325,1
0,0,0,317,1
3,0,0,2723,0
0,0,0,324,1
0,0,0,319,1
2,0,0,672,0
0,1,0,143,1
0,0,0,325,1
1,0,0,357,1
7,2,0,6805,0
0,0,0,317,1
4,2,0,2095,0
3,3,0,1114,0
2,0,0,733,0
0,0,0,316,1
0,1,0,124,1
0,0,0,315,1
1,0,0,66,1
10,0,0,5389,0
0,0,0,478,0
0,0,0,89,1
0,0,0,322,1
1,0,0,545,1
0,0,0,1505,0
1,0,0,222,1
0,0,0,321,1
0,0,0,107,1
10,0,0,4055,0
0,0,0,107,1
0,0,0,61,1
0,0,0,319,1
0,0,0,1380,0
0,0,0,604,0
2,0,0,3477,0
0,0,0,324,1
0,0,0,325,1
4,0,0,986,0
5,4,0,16415,0
1,1,0,1800,0
0,0,0,320,1
0,0,0,327,1
6,1,0,1801,0
0,0,0,285,1
1,0,0,5280,0
0,0,0,3605,0
0,0,0,1021,0
1,0,0,539,0
0,3,0,3281,0
1,0,0,15657,0
4,0,0,798,0
1,0,0,3734,0
4,0,0,1007,0
2,0,0,440,0
0,0,0,92,1
23,9,0,33046,0
3,3,0,3165,0
1,0,0,1219,0
0,0,0,290,1
3,0,0,2972,0
3,0,0,341,0
0,0,0,26,1
0,0,0,320,1
3,0,0,1185,0
0,0,0,321,1
0,0,0,129,1
2,0,0,881,0
1,0,0,227,1
3,0,0,826,0
0,0,0,323,1
0,0,0,326,1
1,0,0,173,1
1,0,0,1970,0
1,0,0,485,1
0,0,0,320,1
1,0,0,191,1
0,0,0,995,0
3,0,0,1453,0
1,0,0,200,1
1,0,0,1565,0
0,0,0,317,1
2,0,0,5286,0
0,0,0,1122,0
0,0,0,583,0
3,0,0,871,0
0,0,0,705,0
3,1,0,4169,0
2,0,0,571,0
1,0,0,1134,0
0,0,0,324,1
0,0,0,317,1
0,0,0,2248,0
1,4,0,7290,0
1,0,0,290,1
0,0,0,2158,0
1,0,0,172,1
0,0,0,658,0
1,1,0,1145,0
2,0,0,750,0
3,0,0,638,0
0,0,0,318,1
0,0,0,1954,0
1,0,0,1593,1
4,0,0,828,0
0,0,0,925,0
1,0,0,489,1
0,0,0,174,0
1,0,0,1590,1
0,0,0,93,1
1,0,0,197,1
1,0,0,292,1
2,0,0,1804,0
0,0,0,2027,0
3,0,0,2158,0
1,0,0,1009,0
2,0,0,1098,0
1,0,0,320,0
2,3,0,1694,0
1,0,0,104,1
0,0,0,282,1
0,0,0,796,0
1,0,0,478,1
0,0,0,322,1
4,1,0,1723,0
3,0,0,2592,0
0,0,0,322,1
1,0,0,1154,0
1,0,0,676,0
0,0,0,103,1
0,0,0,873,0
1,0,0,73,1
6,1,0,5591,0
2,1,0,4206,0
24,0,0,3894,1
24,0,0,3895,1
24,0,0,3894,1
2,0,0,1224,0
0,0,0,323,1
0,0,0,968,0
1,0,0,230,1
2,0,0,547,0
2,0,0,859,0
1,0,0,799,0
1,0,0,69,1
0,0,0,2055,0
4,1,0,1965,0
4,2,0,2850,0
11,2,0,13216,0
0,0,0,404,0
0,0,0,326,1
0,0,0,92,1
0,0,0,205,0
2,0,0,174,1
3,0,0,1019,0
2,0,0,900,0
0,0,0,1140,0
4,0,0,7197,0
1,0,0,105,1
0,0,0,318,1
0,0,0,688,0
1,1,0,209,1
1,0,0,473,0
4,0,0,2789,0
3,0,0,503,0
0,6,0,1081,0
1,0,0,178,1
1,2,0,2666,0
0,3,0,3890,0
1,0,0,65,1
3,0,0,1328,0
1,0,0,186,1
0,1,0,2487,0
1,0,0,305,1
1,0,0,70,1
1,0,0,346,1
3,2,0,6789,0
0,0,0,85,1
1,0,0,248,1
1,0,0,258,1
1,0,0,345,1
1,0,0,159,0
1,0,0,311,1
0,0,0,75,1
1,0,0,307,1
1,0,0,248,1
0,0,0,878,0
1,0,0,291,1
0,0,0,501,0
0,0,0,83,1
1,0,0,283,1
0,1,0,1832,0
1,0,0,103,1
0,0,0,84,1
0,0,0,815,1
2,3,0,14134,0
1,0,0,172,1
2,0,0,1538,0
7,4,0,1221,0
0,0,0,84,1
1,0,0,322,1
2,0,0,764,0
1,0,0,113,1
1,0,0,255,1
0,0,0,958,0
0,0,0,44,1
2,1,0,918,0
1,1,0,104,1
1,0,0,114,1
1,0,0,99,1
1,0,0,123,1
1,0,0,728,0
1,0,0,168,1
0,0,0,85,1
4,2,0,6420,0
0,0,0,33,1
0,0,0,83,1
2,0,0,1120,0
0,0,0,84,1
1,0,0,1719,0
1,0,0,59,1
4,1,0,1035,0
1,2,0,1504,0
5,2,0,8386,0
0,0,0,484,0
1,0,0,651,0
2,1,0,591,0
1,0,0,485,1
1,0,0,671,0
0,0,0,54,1
1,0,0,200,1
3,0,0,1198,0
0,0,0,85,1
0,0,0,24,1
0,0,0,963,0
0,0,0,46,1
0,0,0,2191,0
4,0,0,1409,0
0,0,0,257,1
1,0,0,636,0
3,0,0,1608,0
1,0,0,246,1
1,0,0,192,1
5,0,0,1580,0
1,1,0,515,0
3,0,0,398,1
1,0,0,603,0
3,0,0,390,1
1,1,0,103,1
7,0,0,1565,0
0,1,0,117,1
1,0,0,336,1
1,0,0,278,1
1,0,0,326,0
1,0,0,1595,1
1,0,0,175,1
1,0,0,173,1
2,0,0,522,0
2,0,0,664,0
1,0,0,434,1
1,0,0,204,1
1,0,0,453,1
1,1,0,227,1
1,0,0,108,1
0,0,0,99,1
2,0,0,899,0
1,0,0,102,1
0,0,0,285,1
1,0,0,112,1
2,0,0,3674,0
0,0,0,836,1
1,0,0,255,1
1,0,0,326,0
4,0,0,1169,0
1,0,0,2171,0
1,0,0,1097,0
0,0,0,1055,0
6,1,0,6442,0
1,1,0,202,1
1,0,0,512,1
0,4,0,768,0
1,0,0,1210,1
2,3,0,4803,0
0,1,0,141,1
1,0,0,3951,0
0,0,0,1836,0
1,0,0,328,1
1,0,0,171,1
0,0,0,645,0
82,10,0,30487,0
1,0,0,66,1
2,0,0,5328,0
1,0,0,193,1
0,0,0,48,1
0,0,0,312,1
0,0,0,4182,0
1,0,0,537,0
1,1,0,847,0
1,0,0,617,1
1,0,0,297,1
1,0,0,207,1
0,0,0,42,1
1,0,0,278,1
0,0,0,321,1
3,0,0,866,0
0,0,0,312,1
1,2,0,978,0
0,0,0,313,1
1,0,0,302,1
6,1,0,10460,0
0,6,0,3963,0
2,2,0,1921,0
0,0,0,1160,0
2,0,0,402,0
2,1,0,9271,0
0,0,0,231,1
1,0,0,245,1
0,2,0,3805,0
0,0,0,82,1
3,3,0,1032,0
1,0,0,101,1
1,6,0,2320,0
0,0,0,314,1
1,0,0,99,1
1,0,0,271,1
1,0,0,516,1
2,0,0,4991,0
0,1,0,95,1
1,0,0,3068,0
4,0,0,1416,0
1,0,0,201,1
1,0,0,140,1
1,0,0,524,0
2,0,0,2902,0
0,0,0,317,1
2,0,0,2902,0
4,0,0,1439,0
0,0,0,4180,0
2,2,0,1477,0
5,0,0,10912,0
1,0,0,193,1
0,0,0,4345,0
0,0,0,5424,0
2,0,0,6502,0
16,4,0,4792,0
1,3,0,285,0
1,8,0,1234,0
1,0,0,411,0
0,0,0,851,0
0,0,0,311,1
16,2,0,10613,0
1,0,0,187,1
2,1,0,6903,0
0,0,0,475,1
8,0,0,7045,0
1,0,0,273,1
1,0,0,2523,0
16,5,0,14373,0
2,0,0,1133,0
1,0,0,478,1
0,0,0,1628,0
1,0,0,177,1
1,0,0,78,1
1,0,0,86,1
0,0,0,191,1
0,0,0,587,0
1,0,0,1056,0
1,0,0,750,0
1,0,0,77,1
2,0,0,2008,0
2,0,0,139,1
0,0,0,1563,0
1,0,0,116,1
1,0,0,208,1
0,0,0,834,1
0,0,0,320,1
0,0,0,318,1
0,0,0,301,1
0,0,0,1284,0
1,0,0,219,1
1,0,0,209,1
0,0,0,609,0
0,0,0,317,1
0,0,0,316,1
1,0,0,288,1
1,0,0,1966,0
0,0,0,315,1
0,0,0,677,0
2,15,0,2264,0
1,0,0,931,0
3,0,0,1733,0
63,3,0,6426,0
7,2,0,9968,0
1,0,0,819,0
1,2,0,3069,0
1,0,0,4563,0
1,0,0,182,1
0,0,0,321,1
0,0,0,81,1
4,0,0,1516,0
0,0,0,536,0
0,0,0,316,1
0,0,0,318,1
1,1,0,1228,0
0,0,0,318,1
1,0,0,275,1
1,0,0,242,1
1,1,0,1821,0
1,0,0,202,1
0,0,0,324,1
1,0,0,2086,0
0,0,0,316,1
1,0,0,2056,0
8,0,0,3113,0
0,0,0,322,0
2,0,0,926,0
0,0,0,316,1
0,0,0,84,1
3,0,0,1501,0
0,0,0,319,1
0,0,0,318,1
0,0,0,311,1
0,0,0,129,1
0,0,0,320,1
2,0,0,1153,0
1,0,0,110,1
0,1,0,154,1
0,0,0,1300,0
0,0,0,530,1
2,0,0,2972,0
1,0,0,603,0
1,2,0,10004,0
32,7,0,6902,0
0,0,0,768,0
1,0,0,100,1
2,4,0,1996,0
1,0,0,168,1
4,0,0,3462,0
0,0,0,646,1
0,2,0,1961,0
0,0,0,83,1
0,1,0,154,1
9,3,0,16732,0
2,0,0,1173,0
0,0,0,83,1
0,0,0,313,1
3,1,0,1406,0
1,0,0,477,1
2,0,0,1006,1
1,0,0,259,1
1,0,0,175,1
1,0,0,277,1
0,0,0,301,0
11,1,0,4168,0
1,3,0,1416,0
1,0,0,164,1
1,0,0,129,1
0,0,0,754,0
1,0,0,223,1
24,0,0,3895,1
3,0,0,4954,0
1,0,0,283,1
0,0,0,853,1
2,0,0,4615,0
2,0,0,2497,0
1,0,0,1159,0
1,0,0,160,1
98,11,0,33695,0
1,1,0,196,1
1,0,0,172,1
2,0,0,139,1
0,0,0,1235,1
1,5,0,2586,0
0,0,0,430,1
1,6,0,9301,0
0,0,0,1433,0
1,0,0,250,1
1,0,0,355,0
1,1,0,186,1
1,0,0,217,1
0,0,0,55,1
1,0,0,102,1
1,0,0,128,1
1,0,0,102,1
1,0,0,288,1
1,0,0,1588,1
2,0,0,7543,0
1,0,0,763,0
1,0,0,788,0
1,0,0,172,1
1,0,0,152,1
0,0,0,1430,0
2,0,0,1007,1
6,1,0,1625,0
1,0,0,162,1
0,0,0,693,0
1,0,0,277,1
1,0,0,620,0
12,0,0,1757,0
1,0,0,251,1
0,0,0,817,0
0,0,0,642,0
0,0,0,104,1
1,0,0,265,1
1,0,0,87,1
1,0,0,364,1
1,0,0,192,1
2,0,0,150,1
0,1,0,255,0
1,0,0,182,1
1,0,0,190,1
2,0,0,144,1
0,0,0,101,1
3,0,0,1587,0
1,0,0,147,1
2,1,0,179,1
2,0,0,1743,0
2,0,0,398,0
2,0,0,425,0
0,0,0,950,0
2,0,0,4834,0
3,0,0,4165,0
0,0,0,1368,0
3,1,0,5641,0
0,0,0,34,1
1,0,0,74,1
1,0,0,175,1
1,0,0,375,1
1,0,0,336,1
1,0,0,862,0
1,0,0,70,1
1,0,0,280,1
1,1,0,226,1
1,1,0,226,1
1,0,0,290,1
1,0,0,294,1
1,0,0,170,1
1,0,0,77,1
1,0,0,958,0
1,0,0,207,0
1,0,0,194,1
1,0,0,254,1
6,5,0,9575,0
0,0,0,286,1
0,0,0,129,1
1,8,0,905,0
1,0,0,1052,0
0,0,0,193,0
1,0,0,560,0
0,0,0,430,0
1,0,0,1593,1
0,0,0,129,1
1,0,0,3559,0
1,1,0,171,1
1,0,0,149,1
2,0,0,864,0
0,0,0,856,1
0,0,0,120,0
1,1,0,438,0
1,0,0,102,1
0,0,0,1503,0
0,1,0,115,1
1,0,0,161,1
0,0,0,129,1
2,1,0,2838,0
0,0,0,590,1
1,0,0,1934,0
50,2,0,8678,0
2,0,0,375,0
0,0,0,106,1
0,0,0,6397,0
1,0,0,286,1
0,0,0,7873,0
1,0,0,178,1
0,1,0,139,1
1,0,0,1366,0
1,0,0,173,1
1,0,0,101,1
0,1,0,158,1
1,0,0,180,1
2,0,0,1016,1
1,0,0,177,1
1,0,0,955,0
0,0,0,581,0
3,1,0,7646,0
24,0,0,3893,1
1,0,0,177,1
2,0,0,1029,0
0,2,0,145,1
1,0,0,177,1
0,0,0,47,1
1,0,0,305,1
4,0,0,5444,0
1,0,0,352,1
1,0,0,858,0
24,0,0,3895,1
1,0,0,108,1
1,0,0,118,1
1,0,0,922,0
1,0,0,179,1
1,0,0,68,1
1,0,0,285,1
1,0,0,206,1
0,0,0,600,1
1,0,0,76,1
1,0,0,237,1
1,0,0,108,1
1,0,0,315,1
1,0,0,178,1
3,0,0,444,0
1,0,0,314,1
0,1,0,2375,0
0,0,0,120,1
1,0,0,297,1
8,1,0,2029,0
1,0,0,314,1
2,1,0,1016,1
3,1,0,2181,0
7,1,0,6221,0
0,0,0,1689,0
7,0,0,8685,0
8,2,0,4279,0
0,0,0,240,1
0,0,0,1398,0
1,0,0,278,1
0,0,0,362,1
0,0,0,564,0
2,0,0,1331,0
1,0,0,63,1
1,0,0,754,0
2,0,0,447,0
3,0,0,942,0
0,0,0,822,0
1,0,0,368,1
1,0,0,338,1
0,0,0,1129,0
2,0,0,1012,1
1,0,0,301,1
1,0,0,383,1
2,1,0,3096,0
1,0,0,379,1
2,0,0,1316,0
24,0,0,3895,1
0,1,0,2375,0
1,0,0,224,1
2,0,0,4115,0
0,0,0,1844,0
1,0,0,176,1
2,0,0,1986,0
2,0,0,1030,0
2,1,0,1716,0
11,1,0,2904,0
1,0,0,1026,0
2,1,0,1065,0
0,1,0,121,1
0,0,0,92,1
2,0,0,181,1
0,10,0,4749,0
1,0,0,295,1
1,0,0,209,1
0,0,0,1277,0
4,0,0,566,0
1,1,0,3893,0
1,0,0,365,0
3,6,0,6873,0
2,0,0,934,0
1,0,0,489,0
1,0,0,722,0
3,0,0,3583,0
0,0,0,430,0
0,0,0,246,1
1,0,0,85,1
0,1,0,901,0
2,3,0,5361,0
4,2,0,976,0
1,0,0,534,0
0,0,0,129,1
1,0,0,700,0
0,3,0,1286,0
0,0,0,844,1
2,0,0,760,0
1,0,0,148,1
3,0,0,744,0
3,0,0,634,0
3,0,0,1019,0
5,0,0,1424,0
7,0,0,1988,0
1,0,0,1092,0
2,0,0,5126,0
3,0,0,947,0
1,0,0,285,1
0,3,0,1315,0
1,0,0,271,1
1,1,0,920,1
3,0,0,1250,0
0,5,0,266,0
0,1,0,994,0
4,6,0,9189,0
3,3,0,3544,0
0,0,0,129,1
3,0,0,766,0
0,0,0,833,1
1,0,0,149,1
3,0,0,1252,0
0,7,0,403,0
0,1,0,2808,0
8,1,0,11382,0
0,0,0,1228,0
16,15,0,23470,0
0,0,0,89,1
3,1,0,5005,0
0,3,0,3793,0
33,11,0,16245,0
2,2,0,13965,0
0,0,0,129,1
2,0,0,3959,0
1,0,0,200,1
3,0,0,1383,0
1,0,0,180,1
0,0,0,46,1
0,0,0,1322,0
2,0,0,566,0
2,0,0,1034,0
5,0,0,2285,0
1,0,0,1514,0
1,0,0,180,1
3,0,0,2168,0
0,0,0,1526,0
2,0,0,656,0
2,0,0,260,0
3,0,0,3662,0
0,0,0,129,1
1,0,0,298,0
0,0,0,1483,0
1,0,0,222,1
14,2,0,4546,0
0,0,0,1526,0
0,0,0,289,1
6,0,0,3140,0
1,0,0,178,1
0,0,0,553,0
0,0,0,129,1
26,1,0,13990,0
0,0,0,293,1
2,0,0,704,0
0,5,0,3115,0
1,2,0,667,0
1,0,0,145,1
6,0,0,4498,0
1,0,0,517,0
0,0,0,1543,0
0,0,0,281,1
0,2,0,716,0
1,0,0,276,1
0,0,0,229,1
2,0,0,884,0
1,0,0,175,1
3,0,0,1344,0
1,0,0,167,1
4,0,0,1217,0
0,2,0,1170,0
8,0,0,2966,0
0,0,0,843,1
3,0,0,2303,0
1,0,0,997,0
1,0,0,317,1
0,0,0,292,1
1,0,0,275,1
1,0,0,178,1
2,0,0,543,0
1,0,0,295,1
2,0,0,4680,0
3,1,0,4834,0
2,0,0,345,0
1,0,0,257,1
0,1,0,1314,0
0,0,0,851,1
3,2,0,2144,0
1,2,0,770,0
2,0,0,1096,0
2,0,0,705,0
0,3,0,3443,0
0,0,0,284,1
1,0,0,163,1
1,0,0,1024,0
0,3,0,1225,0
0,0,0,317,1
7,9,0,5458,0
5,0,0,2990,0
1,0,0,431,0
0,0,0,1920,0
1,0,0,352,1
1,0,0,350,1
0,0,0,490,0
0,0,0,457,1
2,0,0,302,0
0,3,0,2683,0
0,0,0,718,0
2,0,0,180,1
2,0,0,976,0
2,0,0,531,0
0,0,0,1133,0
1,0,0,357,1
1,0,0,321,1
0,0,0,109,1
2,0,0,611,0
15,5,0,5782,0
2,0,0,683,0
0,0,0,804,1
1,0,0,180,1
1,1,0,214,1
0,0,0,978,0
0,0,0,1460,0
2,0,0,979,0
0,0,0,281,1
0,1,0,1689,0
8,0,0,5054,0
0,1,0,207,1
0,0,0,35,1
0,3,0,2321,0
1,0,0,231,1
0,0,0,30,1
0,0,0,7606,0
2,2,0,5528,0
1,0,0,1939,0
0,0,0,103,1
3,0,0,2803,0
0,0,0,635,0
1,0,0,378,0
1,7,0,1498,0
1,0,0,406,0
1,0,0,554,0
3,0,0,1089,0
1,0,0,218,1
2,0,0,653,0
0,0,0,104,0
2,1,0,870,0
2,0,0,560,0
1,0,0,175,1
0,0,0,241,1
2,0,0,972,0
4,2,0,2094,0
0,0,0,93,1
0,1,0,115,1
0,0,0,183,1
0,0,0,630,0
0,1,0,123,1
2,3,0,5030,0
2,0,0,173,1
0,1,0,115,1
0,0,0,741,0
1,1,0,191,1
0,0,0,414,0
2,0,0,1151,0
0,0,0,46,0
0,0,0,312,1
2,0,0,2358,0
2,0,0,771,0
0,0,0,184,1
0,0,0,6299,0
1,0,0,136,1
1,0,0,63,1
0,0,0,654,0
2,0,0,1303,0
2,0,0,695,0
52,3,0,21966,0
0,0,0,183,1
3,0,0,1423,0
0,1,0,126,1
1,0,0,468,0
2,1,0,1860,0
1,0,0,2261,0
0,0,0,427,0
1,0,0,114,1
2,0,0,365,0
2,0,0,364,0
1,0,0,134,1
4,1,0,3682,0
1,0,0,256,1
6,0,0,3599,0
3,0,0,1632,0
3,0,0,2455,0
4,1,0,3361,0
3,0,0,2426,0
1,0,0,335,1
4,2,0,2382,0
0,0,0,14130,0
3,0,0,982,0
1,3,0,3085,0
1,0,0,151,1
1,0,0,169,1
1,0,0,128,1
2,0,0,395,0
4,2,0,2356,0
1,0,0,70,1
7,3,0,5958,0
1,0,0,175,1
1,1,0,1483,0
1,0,0,366,0
3,3,0,6043,0
1,1,0,175,1
0,1,0,144,1
0,0,0,92,1
1,0,0,345,1
1,0,0,306,1
2,0,0,1361,0
1,0,0,636,1
1,0,0,175,1
0,0,0,1746,0
0,0,0,316,1
0,1,0,89,1
0,0,0,937,0
1,0,0,174,1
0,0,0,1261,0
2,0,0,860,0
2,0,0,165,1
5,0,0,1106,0
0,0,0,286,1
3,1,0,3794,0
0,0,0,462,0
0,0,0,526,1
2,2,0,1423,0
0,0,0,1006,0
3,1,0,14603,0
1,0,0,99,1
2,0,0,352,0
1,0,0,585,1
0,0,0,185,1
0,0,0,777,0
2,0,0,828,0
2,0,0,147,1
25,2,0,5878,0
1,0,0,426,1
0,0,0,283,1
1,0,0,82,1
1,0,0,269,0
1,0,0,151,1
1,1,0,266,1
1,0,0,351,1
1,13,0,4768,0
4,0,0,649,0
1,0,0,291,0
0,0,0,185,1
0,13,0,10786,0
3,1,0,2607,0
4,0,0,2094,0
2,0,0,4007,0
1,0,0,133,1
1,0,0,162,1
1,0,0,530,1
1,0,0,520,1
1,0,0,174,1
1,0,0,278,1
1,0,0,121,1
4,0,0,2763,0
0,2,0,1403,0
1,0,0,341,0
3,0,0,1431,0
4,0,0,654,0
1,0,0,156,1
1,0,0,272,1
1,1,0,255,1
1,0,0,144,1
1,0,0,291,1
0,0,0,724,0
1,0,0,282,1
1,0,0,285,1
1,0,0,414,1
1,5,0,836,0
2,0,0,970,0
2,0,0,1201,0
1,0,0,177,1
0,0,0,844,1
2,0,0,179,1
0,0,0,185,1
3,1,0,1646,0
1,0,0,263,1
1,0,0,309,1
3,1,0,1651,0
2,0,0,3531,0
1,0,0,1019,0
0,0,0,79,1
1,0,0,1584,1
2,1,0,1855,0
0,0,0,184,1
1,4,0,1708,0
1,0,0,481,1
0,0,0,320,1
3,0,0,333,1
3,0,0,347,1
0,4,0,1652,0
0,4,0,742,0
2,0,0,348,0
0,0,0,4215,0
1,0,0,1154,0
1,0,0,75,1
3,0,0,3846,0
1,0,0,1000,0
0,0,0,92,1
0,0,0,1216,0
2,1,0,1850,0
63,0,0,22152,0
0,1,0,786,0
0,1,0,115,1
0,0,0,160,1
0,0,0,950,1
0,0,0,185,1
1,0,0,791,0
0,0,0,281,1
0,2,0,140,1
3,0,0,2370,0
1,0,0,147,1
0,1,0,2023,0
0,5,0,586,0
0,0,0,1014,0
0,0,0,184,1
1,0,0,88,1
5,0,0,6576,0
2,0,0,1432,0
0,0,0,147,1
2,1,0,178,1
2,0,0,738,0
1,0,0,480,1
1,6,0,312,0
0,0,0,482,1
1,0,0,65,1
0,1,0,156,1
1,1,0,1144,0
2,1,0,3700,0
0,3,0,190,0
1,6,0,406,0
2,0,0,1427,0
2,0,0,471,0
1,0,0,476,1
1,0,0,137,1
0,0,0,90,1
1,1,0,340,1
1,0,0,280,1
1,5,0,1029,0
3,1,0,651,0
0,0,0,106,0
1,1,0,1948,1
0,0,0,184,1
1,0,0,362,1
0,0,0,2161,0
3,0,0,3179,0
3,3,0,1238,0
4,1,0,11552,0
1,0,0,2551,0
1,0,0,887,0
4,1,0,9212,0
0,4,0,6651,0
4,1,0,4966,0
1,0,0,59,1
0,0,0,285,1
1,0,0,638,0
7,5,0,2580,0
0,0,0,90,1
4,1,0,4961,0
0,0,0,415,1
4,0,0,2704,0
0,0,0,196,1
4,0,0,7119,0
1,0,0,221,1
1,0,0,507,1
3,0,0,389,0
1,0,0,74,1
5,0,0,3355,0
0,0,0,309,1
0,0,0,953,1
1,0,0,289,1
2,0,0,146,1
5,0,0,3350,0
1,0,0,295,1
1,0,0,163,1
0,2,0,600,0
1,0,0,558,1
0,0,0,857,1
2,0,0,657,0
0,0,0,1026,1
1,0,0,484,1
1,0,0,111,1
0,0,0,837,1
1,0,0,64,1
1,0,0,341,1
1,0,0,89,1
1,0,0,75,1
0,0,0,92,1
1,0,0,111,1
0,0,0,421,0
1,0,0,309,1
1,0,0,585,1
0,0,0,4820,0
1,0,0,176,1
2,0,0,12278,0
0,0,0,1756,0
1,0,0,186,1
2,0,0,403,0
0,0,0,185,1
0,2,0,3695,0
1,0,0,91,1
0,0,0,1370,0
0,0,0,1315,0
1,0,0,105,1
1,0,0,115,1
2,0,0,756,0
0,2,0,1007,0
0,0,0,316,1
0,0,0,1127,0
1,0,0,504,1
0,0,0,318,1
0,1,0,112,1
1,0,0,292,1
1,0,0,175,1
1,0,0,177,1
24,0,0,3894,1
2,0,0,474,1
1,0,0,72,1
0,1,0,136,1
0,0,0,336,1
1,0,0,206,1
1,0,0,140,1
1,0,0,90,1
1,0,0,373,1
1,0,0,70,1
1,7,0,2625,0
24,0,0,3918,1
1,0,0,176,1
1,0,0,442,1
2,0,0,181,1
1,0,0,321,1
2,1,0,1688,1
1,0,0,170,1
2,0,0,159,1
1,2,0,513,0
2,1,0,1040,0
3,1,0,3170,0
1,0,0,303,1
1,0,0,1021,0
24,0,0,3895,1
1,0,0,70,1
0,0,0,91,1
1,0,0,220,1
0,0,0,92,1
1,2,0,177,1
1,0,0,195,1
1,1,0,575,1
0,0,0,91,1
0,0,0,1576,0
1,1,0,658,1
0,0,0,198,1
0,0,0,1311,0
1,0,0,87,1
0,0,0,158,1
0,0,0,319,1
1,0,0,154,1
1,0,0,221,1
0,0,0,205,1
1,0,0,548,1
0,0,0,282,1
5,0,0,3075,0
0,0,0,462,0
0,1,0,958,0
0,0,0,82,1
0,0,0,94,0
1,0,0,377,1
2,3,0,5103,0
3,0,0,1256,0
0,2,0,141,1
1,0,0,294,1
0,0,0,3037,0
1,0,0,273,1
1,0,0,363,1
8,0,0,8569,0
2,0,0,144,1
0,0,0,129,1
3,0,0,1261,0
0,0,0,70,1
0,0,0,638,0
1,0,0,453,1
3,3,0,7540,0
0,0,0,979,0
2,0,0,157,1
0,0,0,240,1
1,6,0,532,0
0,0,0,318,1
0,0,0,318,1
1,0,0,267,1
1,0,0,258,1
3,1,0,2690,0
0,0,0,129,1
0,0,0,159,1
0,0,0,92,1
66,9,0,14183,0
2,0,0,3444,0
1,1,0,187,1
0,0,0,4353,0
0,1,0,137,1
0,0,0,6202,0
2,0,0,7078,0
1,0,0,177,1
1,0,0,156,1
0,0,0,92,1
0,1,0,1838,0
1,0,0,169,1
1,0,0,241,1
1,0,0,235,0
1,0,0,196,1
3,1,0,2695,0
2,1,0,2774,0
1,1,0,755,0
0,0,0,4353,0
4,0,0,956,0
1,0,0,169,1
4,0,0,951,0
0,0,0,854,1
0,0,0,58,1
1,0,0,287,1
1,0,0,178,1
1,0,0,161,1
0,0,0,319,1
1,0,0,209,1
2,0,0,159,1
1,0,0,113,1
1,0,0,273,1
1,0,0,91,1
4,0,0,1208,0
7,21,0,30510,0
2,0,0,499,0
2,0,0,870,0
0,0,0,91,1
1,0,0,296,1
0,0,0,854,1
0,0,0,487,0
0,0,0,325,1
1,0,0,862,0
1,6,0,786,0
0,0,0,159,1
0,0,0,129,1
1,0,0,69,1
2,0,0,1547,0
0,0,0,86,1
0,4,0,248,0
8,0,0,3861,0
1,0,0,181,1
1,0,0,181,1
1,0,0,180,1
0,0,0,93,1
0,0,0,313,1
1,2,0,3215,0
1,0,0,108,1
0,0,0,317,1
0,0,0,318,1
1,0,0,2503,0
1,0,0,89,1
1,0,0,180,1
2,0,0,1552,0
0,0,0,89,1
2,0,0,156,1
1,0,0,180,1
1,0,0,179,1
1,0,0,158,1
0,4,0,688,0
2,0,0,924,0
0,0,0,323,1
0,1,0,120,1
0,0,0,312,1
1,0,0,7551,0
5,0,0,2278,0
2,0,0,359,0
0,0,0,4237,0
2,0,0,929,0
1,0,0,139,1
1,0,0,487,1
1,6,0,546,0
0,0,0,481,1
1,0,0,172,1
1,0,0,1512,0
1,0,0,179,1
1,0,0,518,1
0,0,0,103,1
2,2,0,3746,0
0,0,0,314,1
1,0,0,93,1
2,0,0,163,1
1,0,0,148,1
1,0,0,295,1
0,0,0,838,1
1,0,0,103,1
1,0,0,100,1
1,0,0,1213,0
0,0,0,2103,0
1,0,0,77,1
0,0,0,546,0
1,0,0,306,1
0,0,0,534,1
0,0,0,275,0
1,0,0,181,1
1,0,0,188,1
0,0,0,557,1
1,0,0,100,1
2,0,0,4270,0
0,2,0,295,1
0,0,0,1669,0
0,5,0,2259,0
1,1,0,310,1
0,0,0,835,1
1,0,0,275,1
4,1,0,11681,0
2,0,0,189,1
2,0,0,1102,0
0,0,0,284,1
2,0,0,1097,0
1,0,0,75,1
0,6,0,504,0
0,0,0,59,1
3,0,0,992,0
1,0,0,102,1
1,0,0,764,1
1,0,0,197,1
1,0,0,184,1
0,0,0,853,1
0,6,0,804,0
1,0,0,2629,0
0,10,0,1051,0
1,0,0,260,1
1,0,0,165,1
0,3,0,3712,0
1,7,0,731,0
1,0,0,240,1
1,0,0,289,1
1,0,0,343,1
7,4,0,1258,0
4,0,0,2504,0
0,0,0,7386,0
0,0,0,91,1
0,2,0,1038,0
0,0,0,313,1
1,0,0,181,1
1,0,0,180,1
2,0,0,990,0
1,0,0,183,1
0,0,0,60,1
1,0,0,228,1
1,0,0,132,1
1,0,0,173,1
1,0,0,302,1
0,0,0,129,1
2,0,0,995,0
0,0,0,88,1
0,0,0,116,1
1,0,0,818,1
1,0,0,164,1
1,0,0,545,1
1,0,0,917,0
1,0,0,194,1
1,0,0,108,1
0,1,0,857,0
1,0,0,177,1
1,0,0,152,1
1,0,0,189,1
0,0,0,326,1
1,0,0,207,1
0,0,0,89,1
1,0,0,177,1
1,0,0,376,1
1,0,0,223,1
1,0,0,214,1
0,6,0,1904,0
1,0,0,70,1
0,6,0,1085,0
1,0,0,180,1
2,0,0,144,1
2,0,0,1121,0
1,0,0,263,1
1,0,1,87,1
0,0,0,92,1
0,1,0,116,1
2,0,0,1126,0
1,0,0,303,1
1,0,0,402,1
0,1,0,142,1
6,4,0,7622,0
1,0,0,281,1
1,0,0,183,1
1,0,0,351,1
0,0,0,312,1
2,0,0,1126,0
1,0,0,238,1
1,0,0,197,1
1,0,0,150,1
1,0,0,168,1
0,0,0,289,1
1,0,0,224,1
1,0,0,173,1
1,0,0,177,1
1,0,0,407,0
2,0,0,143,1
1,0,0,170,1
1,0,0,1283,0
1,0,0,871,1
0,6,0,1465,0
0,0,0,310,1
1,1,0,179,1
1,0,0,310,1
1,0,0,597,1
0,6,0,1021,0
1,0,0,131,1
0,1,0,809,0
2,0,0,1121,0
2,0,0,400,0
1,0,0,1529,0
0,0,0,1422,0
1,0,0,171,1
0,0,0,48,1
1,0,0,284,1
1,0,0,375,1
2,0,0,1758,0
1,0,0,226,1
2,0,0,1753,0
1,0,0,523,1
1,0,0,427,1
0,4,0,614,0
3,0,0,947,0
2,0,0,5808,0
0,1,0,157,1
0,1,0,485,1
1,0,0,109,1
1,0,0,338,1
1,0,0,736,1
0,0,0,1650,1
0,0,0,513,0
1,0,0,87,1
2,0,0,903,0
1,0,0,384,1
1,0,0,363,1
3,0,0,952,0
1,0,0,219,1
1,0,0,997,0
1,0,0,110,1
0,1,0,126,1
0,0,0,1695,0
0,1,0,1629,0
1,0,0,199,1
1,0,0,166,1
1,0,0,69,1
1,0,0,549,0
0,2,0,1482,1
5,0,0,2998,0
2,0,0,822,0
2,0,0,827,0
3,12,0,5124,0
5,1,0,8617,0
0,1,0,5524,0
0,0,0,553,0
1,0,0,278,1
1,0,0,129,1
2,0,0,1954,0
0,0,0,844,0
1,0,0,297,1
1,0,0,181,1
2,0,0,1959,0
1,0,0,119,1
1,1,0,196,1
0,1,0,142,1
0,2,0,143,1
1,0,0,181,1
1,0,0,271,1
1,0,0,309,1
1,1,0,430,0
0,0,0,151,1
0,0,0,1498,0
1,0,0,443,1
1,0,0,244,1
1,0,0,178,1
1,0,0,364,1
1,0,0,147,1
1,0,0,185,1
0,0,0,1227,0
1,0,0,68,1
1,0,0,159,1
1,0,0,331,0
1,0,0,288,1
1,0,1,180,1
0,4,0,799,0
2,0,0,1426,0
9,1,0,4367,0
0,1,0,336,0
2,0,0,1431,0
2,0,0,1809,0
0,0,0,91,1
1,0,0,529,1
1,2,0,3231,0
1,0,0,288,1
1,0,0,2202,0
1,0,0,70,1
1,0,0,172,1
1,0,0,292,1
1,0,0,167,1
4,0,0,2185,0
0,0,0,53,1
1,0,0,295,1
0,2,0,143,1
1,0,0,272,1
1,0,0,233,1
0,3,0,1396,0
1,0,0,201,1
1,0,0,199,1
4,0,0,2180,0
0,0,0,287,1
0,0,0,80,1
1,0,0,167,1
1,0,0,175,1
2,0,0,1743,0
1,0,0,276,1
3,0,0,571,0
0,0,0,317,1
1,0,0,224,1
7,5,0,20301,0
1,0,0,244,1
1,0,0,63,1
1,0,0,221,0
2,0,0,586,0
0,0,0,91,1
1,0,0,574,1
6,7,0,4137,0
1,0,0,368,1
1,0,0,566,0
3,0,0,842,0
2,0,0,2158,0
1,0,0,289,0
1,0,0,166,1
1,0,0,183,1
7,1,0,6826,0
1,0,0,536,0
6,0,0,1492,0
1,0,0,184,1
1,0,0,587,0
19,1,0,6810,0
0,0,0,8944,0
1,0,0,453,1
0,0,0,91,1
1,0,0,345,1
1,0,0,285,1
0,4,0,3842,0
1,0,0,337,1
1,0,0,363,1
1,0,0,336,1
1,0,0,338,1
1,0,0,380,1
2,0,0,1259,0
1,0,0,159,1
0,0,0,106,1
3,6,0,2438,0
0,1,0,134,1
0,0,0,1329,0
2,0,0,2098,0
2,0,0,1495,0
0,0,0,304,0
1,0,0,181,1
1,0,0,210,1
1,0,0,180,1
1,0,0,172,1
2,0,0,1500,0
1,2,0,274,1
1,0,0,566,0
2,0,0,2516,0
1,0,0,168,1
1,0,0,203,1
0,0,0,761,0
4,0,0,1103,0
1,0,0,385,1
1,0,0,149,1
1,0,0,414,1
8,0,0,5660,0
1,0,0,523,1
1,0,0,71,1
1,0,0,1739,0
1,0,0,277,1
1,0,0,252,1
2,0,0,2944,0
1,0,0,826,0
2,0,0,1588,0
1,0,0,2774,0
5,0,0,5249,0
1,0,0,694,0
2,0,0,495,1
2,0,0,740,0
2,0,0,1164,0
1,0,0,618,0
1,0,0,326,1
0,0,0,827,1
2,6,0,1172,0
0,1,0,154,1
0,0,0,108,1
3,0,0,2374,0
0,0,0,898,0
1,0,0,514,1
1,1,0,182,1
3,0,0,811,0
1,7,0,2873,0
3,0,0,2369,0
1,0,0,113,1
6,0,0,10210,0
0,0,0,836,1
1,0,0,36,1
9,5,0,46135,0
1,0,0,155,0
12,6,0,52804,0
2,0,0,621,0
0,0,0,1661,0
2,2,0,12935,0
1,16,0,10045,0
0,16,0,8635,0
1,0,0,292,1
0,1,0,546,0
0,0,0,978,1
2,0,0,741,0
0,0,0,946,0
1,0,0,193,1
0,0,0,43,1
1,0,0,1161,0
0,0,0,38,1
3,0,0,557,0
0,1,0,971,0
1,0,0,81,1
0,0,0,267,0
0,0,0,873,1
0,0,0,1263,0
0,1,0,542,1
1,0,0,87,1
1,0,0,693,0
1,0,0,168,1
5,0,0,1237,0
0,3,0,749,0
0,0,0,3654,0
7,0,0,1714,0
1,0,0,311,1
1,0,0,2166,0
1,0,0,98,1
0,1,0,138,1
1,0,0,408,1
1,1,0,405,1
2,0,0,147,1
1,2,0,758,0
3,3,0,15023,0
1,0,0,197,1
1,0,0,521,1
2,1,0,1460,0
0,0,0,257,0
1,0,0,491,1
0,1,0,116,1
1,0,0,150,1
1,0,0,324,1
1,0,0,334,1
0,0,0,33,1
0,2,0,143,1
2,0,0,662,0
1,0,0,806,0
1,0,0,103,1
2,0,0,504,0
3,2,0,1776,0
1,0,0,323,1
2,0,0,988,0
1,0,0,342,1
1,0,0,62,1
1,0,0,173,1
1,5,0,4298,0
3,0,0,341,0
1,0,0,184,1
1,0,0,188,1
5,0,0,1054,0
1,0,0,166,1
1,0,0,144,1
2,0,0,983,0
2,0,0,1965,0
1,0,0,667,0
2,0,0,1965,0
2,0,0,724,0
0,0,0,828,0
1,0,0,292,1
1,0,0,128,1
0,0,0,1169,0
1,0,0,161,1
1,0,0,246,1
1,0,0,121,1
2,0,0,2758,0
1,0,0,169,1
1,0,0,112,1
2,2,0,1111,0
1,0,0,234,1
1,0,0,392,1
1,0,0,257,1
0,0,0,421,0
1,0,0,419,1
0,1,0,144,1
1,0,0,186,1
1,0,0,186,1
1,0,0,217,1
1,0,0,100,1
0,0,0,603,0
1,0,0,241,1
1,0,0,234,1
1,0,0,202,1
0,0,0,379,1
1,0,0,190,1
1,0,0,179,1
1,0,0,168,1
0,1,0,118,1
1,0,0,214,1
1,0,0,187,1
0,0,0,428,1
0,0,0,377,0
1,0,0,231,1
1,0,0,343,1
1,0,0,167,1
0,0,0,536,0
1,0,0,259,1
1,0,0,327,1
1,0,0,297,1
1,0,0,253,1
1,0,0,248,1
1,0,0,169,1
1,0,0,209,1
1,0,0,168,1
1,0,0,189,1
1,0,0,192,1
0,1,0,1127,0
1,0,0,169,1
1,0,0,185,1
3,0,0,876,0
1,9,0,1935,1
1,0,0,185,1
1,0,0,259,1
1,0,0,229,1
3,0,0,1188,0
1,0,0,177,1
1,0,0,301,1
1,0,0,278,1
1,0,0,172,1
24,0,0,3895,1
5,0,0,1070,0
4,0,0,1513,0
2,0,0,148,1
1,0,0,183,1
1,0,0,172,1
1,0,0,209,1
0,0,0,342,0
1,0,0,195,1
1,0,0,175,1
1,0,0,241,1
3,0,0,672,0
1,0,0,170,1
1,0,0,258,1
1,0,0,163,1
0,0,0,377,1
1,0,0,166,1
1,0,0,197,1
3,0,0,667,0
1,0,0,217,1
1,0,0,178,1
0,0,0,586,0
1,0,0,163,1
1,0,0,212,1
133,138,0,32661,0
2,0,0,140,1
1,0,0,159,1
2,0,0,2831,0
5,0,0,3094,0
1,0,0,207,1
1,0,0,129,1
1,0,0,442,1
3,0,0,1265,0
1,0,0,365,1
1,0,0,1361,0
1,0,0,193,1
1,0,0,260,1
1,1,0,170,1
1,0,0,148,1
1,0,0,312,1
1,0,0,203,1
1,0,0,227,1
1,0,0,162,1
1,0,0,292,1
1,0,0,241,1
0,0,0,1253,0
0,0,0,113,1
1,0,0,170,1
1,0,0,219,1
1,0,0,242,1
1,0,0,258,1
0,0,0,2290,0
1,0,0,346,1
1,0,0,427,1
1,0,0,199,1
1,0,0,558,1
1,1,0,193,1
1,0,0,212,1
1,0,0,935,0
1,0,0,344,1
1,0,0,149,1
1,0,0,85,1
1,0,0,392,1
1,0,0,149,1
1,0,0,573,1
1,0,0,364,1
1,0,0,154,1
0,0,0,642,0
1,0,0,234,1
1,0,0,320,1
1,0,0,228,1
1,0,0,387,1
1,1,0,196,1
1,0,0,163,1
2,0,0,3529,0
1,0,0,199,1
1,0,0,292,1
1,0,0,196,1
1,0,0,151,1
1,0,0,597,1
1,0,0,175,1
1,0,0,375,1
1,0,0,345,1
1,0,0,5439,0
1,0,0,369,1
1,0,0,1251,0
0,4,0,887,0
2,2,0,3008,0
1,0,0,412,1
1,0,0,153,1
5,0,0,1851,0
1,0,0,247,1
1,0,0,177,1
1,0,0,278,1
1,0,0,169,1
2,0,0,1376,0
1,0,0,308,1
1,1,0,165,1
1,0,0,383,1
1,0,0,199,1
3,0,0,1840,0
7,0,0,31211,0
1,0,0,332,1
1,0,0,151,1
5,0,0,7379,0
1,0,0,780,0
7,0,0,33990,0
2,0,0,1118,0
2,0,0,1746,0
1,0,0,970,0
1,0,0,847,0
0,0,0,109,1
1,0,0,379,1
1,0,0,170,1
0,0,0,560,0
1,0,0,168,1
1,0,0,242,1
1,0,0,176,1
1,0,0,68,1
1,0,0,470,1
3,0,0,754,0
16,3,0,3547,0
0,0,0,291,1
1,0,0,312,1
1,0,0,243,1
0,1,0,787,1
1,0,0,278,1
5,0,0,3875,0
1,0,0,161,1
0,4,0,595,1
1,0,0,277,1
1,0,0,245,1
0,0,0,105,1
1,0,0,464,1
0,0,0,1650,1
1,0,0,186,1
0,0,0,310,1
1,0,0,3067,0
1,0,0,137,1
0,4,0,596,1
0,0,0,197,1
0,0,0,393,0
0,0,0,162,1
3,0,0,2402,0
1,0,0,150,1
2,0,0,554,0
3,0,0,1366,0
0,2,0,1831,0
4,0,0,2528,0
1,0,0,990,0
1,0,0,168,1
0,4,0,595,1
0,4,0,605,1
1,0,0,180,1
0,3,0,569,1
1,0,0,300,1
1,0,0,310,1
0,3,0,580,1
1,0,0,5989,0
0,0,0,129,1
1,0,0,285,1
1,0,0,310,1
0,0,0,1468,0
1,0,0,980,1
1,0,0,183,1
2,1,0,496,1
1,0,0,196,1
1,0,0,1611,0
1,0,0,139,1
0,2,0,1408,0
0,1,0,237,0
1,0,0,168,1
1,5,0,2752,0
4,1,0,661,0
1,0,0,255,0
2,0,0,1861,0
0,0,0,763,0
2,0,0,1678,0
1,0,0,327,0
0,0,0,107,1
0,0,0,505,0
1,0,0,282,1
1,0,0,211,1
0,1,0,155,0
1,0,0,558,1
0,0,0,844,1
1,0,0,215,1
87,6,0,29305,0
1,0,0,627,0
0,0,0,110,1
1,0,0,1933,0
1,0,0,331,1
2,0,0,1620,0
1,0,0,246,1
1,0,0,380,1
1,0,0,199,1
0,0,0,314,1
1,0,0,132,1
1,0,0,257,1
0,4,0,592,1
0,0,0,315,1
1,0,0,164,1
0,0,0,311,1
1,0,0,148,1
0,4,0,606,1
0,0,0,313,1
1,0,0,93,1
1,0,0,109,1
0,0,0,1093,0
1,5,0,769,0
0,0,0,320,1
1,2,0,2817,0
1,0,0,173,1
0,0,0,321,1
1,0,0,163,1
2,0,0,1384,0
1,0,0,94,1
0,2,0,1489,1
1,0,0,121,1
0,0,0,112,1
0,0,0,110,1
1,0,0,727,0
0,1,0,132,1
0,0,0,114,1
0,0,0,108,1
0,0,0,311,1
0,0,0,109,1
1,1,0,475,0
0,4,0,579,1
0,0,0,26,0
0,0,0,816,1
2,0,0,1818,0
1,0,0,436,1
0,4,0,584,1
2,0,0,1379,0
0,0,0,831,0
3,0,0,1333,0
0,0,0,287,0
5,0,0,8092,0
0,0,0,575,1
6,0,0,1398,0
1,0,0,414,1
0,3,0,585,1
0,0,0,317,1
2,0,0,2200,0
1,0,0,467,1
1,0,0,751,1
0,13,0,10762,0
0,0,0,286,1
0,0,0,1327,0
0,0,0,52,1
0,1,0,155,1
1,2,0,438,1
2,0,0,1932,0
1,0,0,128,1
2,0,0,2036,0
0,0,0,129,1
0,1,0,1565,0
0,0,0,317,1
2,1,0,176,1
0,0,0,95,1
3,0,0,1522,0
1,0,0,881,0
0,0,0,694,0
3,0,0,1792,0
4,0,0,8580,0
1,5,0,1354,0
1,8,0,13311,0
1,0,0,543,1
0,0,0,319,1
1,0,0,299,1
0,0,0,2907,0
0,0,0,43,1
2,0,0,155,1
5,0,0,1629,0
1,0,0,197,1
0,0,0,929,0
0,0,0,1650,1
1,0,0,350,1
1,0,0,98,1
1,7,0,2967,0
1,0,0,277,1
1,7,0,1606,0
0,0,0,315,1
0,0,0,312,1
1,0,0,202,1
0,0,0,320,1
0,0,0,314,1
0,0,0,312,1
0,0,0,314,0
3,0,0,1972,0
2,0,0,1789,0
2,0,0,587,0
0,0,0,544,0
0,0,0,311,1
0,0,0,309,1
0,0,0,320,1
0,0,0,319,1
2,0,0,502,0
1,0,0,71,1
1,0,0,746,0
2,0,0,3078,0
0,0,0,319,1
0,0,0,575,1
1,0,0,72,1
3,0,0,2531,0
1,0,0,84,1
7,0,0,2146,0
2,0,0,1939,0
0,0,0,316,1
5,0,0,2065,0
0,0,0,322,1
0,0,0,316,1
0,4,0,336,0
0,0,0,646,0
0,4,0,595,1
7,1,0,5873,0
0,0,0,255,0
0,0,0,314,1
1,0,0,456,1
1,0,0,177,1
0,0,0,315,1
8,0,0,18421,0
0,0,0,321,1
1,0,0,102,1
0,0,0,311,1
0,0,0,315,1
1,0,0,452,1
0,0,0,318,1
0,0,0,316,1
0,0,0,315,1
1,7,0,1042,0
0,3,0,597,1
2,0,0,4231,0
1,8,0,2388,0
0,0,0,1173,0
0,0,0,2739,0
2,0,0,1181,0
2,0,0,1059,0
0,0,0,642,0
0,0,0,313,1
0,0,0,83,1
1,0,0,154,1
1,0,0,318,1
0,0,0,310,1
1,0,0,162,1
0,8,0,5008,0
0,0,0,323,1
0,0,0,312,1
0,0,0,318,1
1,0,0,72,1
0,0,0,679,0
0,0,0,319,1
2,1,0,476,0
0,0,0,288,1
24,0,0,3894,1
2,0,0,1039,0
0,0,0,314,1
2,0,0,525,0
2,0,0,519,0
2,0,0,558,0
1,0,0,345,0
2,0,0,2013,0
0,6,0,614,0
0,0,0,169,0
2,0,0,4623,0
0,0,0,627,0
1,0,0,87,1
0,0,0,315,1
1,4,0,424,0
0,1,0,134,1
0,0,0,316,1
2,0,0,1099,0
0,0,0,310,1
0,1,0,156,1
2,0,0,690,0
3,0,0,569,0
0,0,0,34,1
0,3,0,579,1
6,0,0,1933,0
0,0,0,1252,0
0,0,0,232,0
0,0,0,315,1
8,1,0,11378,0
4,0,0,572,0
5,0,0,2603,0
0,11,0,5726,0
1,0,0,905,0
2,0,0,3058,0
2,0,0,480,0
1,0,0,95,1
0,0,0,310,1
1,3,0,5655,0
1,0,0,107,1
1,0,0,519,0
0,11,0,6674,0
2,0,0,782,0
0,0,0,315,1
1,0,0,346,1
0,0,0,1571,0
0,0,0,317,1
0,0,0,322,1
0,0,0,313,1
1,0,0,87,1
0,0,0,594,0
1,2,0,499,1
1,0,0,815,0
0,0,0,320,1
0,0,0,310,1
3,0,0,1309,0
0,0,0,316,1
0,0,0,319,1
1,2,0,486,1
3,0,0,1704,0
3,0,0,4338,0
3,0,0,3326,0
3,0,0,4341,0
1,1,0,463,1
3,0,0,1878,0
1,1,0,481,1
0,0,0,320,1
0,3,0,1698,0
0,0,0,310,1
1,0,0,5312,0
1,0,0,994,0
0,0,0,315,1
1,1,0,552,1
0,0,0,514,0
0,0,0,314,1
0,0,0,315,1
1,1,0,413,1
1,0,0,212,1
3,0,0,3706,0
1,1,0,312,1
0,0,0,58,1
0,0,0,319,1
0,0,0,309,1
7,0,0,3087,0
2,0,0,2031,0
7,0,0,2707,0
0,0,0,866,0
1,0,0,1272,0
0,0,0,445,0
0,0,0,315,1
1,0,0,62,1
0,0,0,108,1
0,0,0,313,1
3,0,0,3793,0
1,0,0,478,1
1,0,0,307,0
0,4,0,583,1
0,0,0,54,1
0,0,0,311,1
1,0,0,350,1
1,0,0,322,1
1,0,0,366,1
0,3,0,588,1
0,0,0,843,0
0,0,0,41,1
1,0,0,318,1
0,2,0,143,1
0,0,0,547,0
0,0,0,314,1
1,0,0,487,1
0,0,0,275,0
0,0,0,320,1
0,0,0,316,1
1,0,0,73,1
1,0,0,352,1
0,0,0,666,0
0,0,0,103,1
1,0,0,323,1
0,0,0,316,1
0,0,0,321,1
2,0,0,1635,0
0,4,0,598,1
0,3,0,587,1
3,0,0,638,0
1,0,0,1246,0
2,0,0,1284,0
0,0,0,601,0
0,0,0,317,1
1,0,0,544,1
0,0,0,321,1
0,0,0,316,1
0,3,0,592,1
0,0,0,314,1
2,0,0,1272,0
0,0,0,313,1
0,3,0,596,1
0,0,0,733,0
0,0,0,323,1
0,0,0,320,1
0,0,0,311,1
2,0,0,1267,0
0,0,0,284,1
1,0,0,416,1
1,0,0,276,1
0,0,0,938,0
0,0,0,314,1
2,0,0,1317,0
2,0,0,2837,0
0,0,0,300,0
2,0,0,2145,0
2,0,0,2107,0
2,0,0,1429,0
1,0,0,796,0
1,0,0,147,1
0,0,0,314,1
3,0,0,967,0
0,0,0,838,1
11,0,0,4524,0
0,0,0,319,1
5,1,0,1659,0
0,0,0,1815,0
0,0,0,319,1
0,0,0,314,1
1,0,0,548,0
1,0,0,171,1
0,0,0,1424,0
0,0,0,314,1
0,0,0,323,1
0,3,0,1251,0
3,0,0,572,0
4,0,0,4723,0
1,7,0,1339,0
2,0,0,1145,0
1,0,0,1060,0
1,1,0,2828,0
1,0,0,215,1
0,0,0,325,1
3,0,0,729,0
0,0,0,210,1
1,0,0,258,1
0,0,0,726,0
0,0,0,321,1
1,0,0,314,1
2,0,0,1569,0
1,0,0,464,1
20,1,0,5155,0
0,0,0,316,1
0,0,0,833,1
2,1,0,498,1
0,0,0,313,1
0,3,0,579,1
2,0,0,1170,0
1,0,0,535,0
1,0,0,1446,0
2,0,0,189,1
3,0,0,2190,0
0,0,0,313,1
2,0,0,1309,0
2,0,0,1411,0
0,0,0,307,1
0,0,0,846,0
3,0,0,3047,0
0,0,0,995,0
0,0,0,313,1
1,0,0,411,0
0,0,0,314,1
2,0,0,2729,0
0,0,0,357,1
1,1,0,458,1
0,4,0,613,1
0,0,0,1845,0
1,0,0,85,1
0,1,0,156,1
1,0,0,148,1
0,0,0,317,1
1,0,0,196,1
1,0,0,154,1
2,0,0,2100,0
1,0,0,319,1
1,0,0,64,1
3,0,0,3120,0
1,1,0,193,1
0,0,0,322,1
2,0,0,1287,0
1,0,0,1637,0
1,0,0,186,1
5,0,0,1271,0
2,1,0,1521,0
2,0,0,2317,0
5,0,0,1494,0
3,1,0,2080,0
1,1,0,212,1
0,0,0,315,1
1,0,0,650,0
0,0,0,317,1
0,0,0,316,1
1,0,0,69,1
2,0,0,901,0
1,0,0,519,0
0,0,0,224,1
0,1,0,224,0
2,0,0,1143,0
1,0,0,467,0
2,0,0,1134,0
1,0,0,303,1
1,0,0,306,1
0,0,0,2320,0
2,1,0,495,1
3,5,0,1705,0
0,0,0,863,1
2,0,0,1978,0
5,0,0,1850,0
3,0,0,1361,0
0,0,0,677,0
0,0,0,315,1
3,0,0,1457,0
3,0,0,808,0
8,1,0,17240,0
1,3,0,1134,0
0,0,0,312,1
0,0,0,319,1
3,0,0,3838,0
1,0,0,166,1
0,0,0,1632,0
1,0,0,312,1
2,0,0,5873,0
0,0,0,207,0
3,0,0,898,0
0,9,0,902,0
1,0,0,930,0
2,0,0,1995,0
0,0,0,1111,0
0,0,0,315,1
0,1,0,1361,1
0,0,0,644,0
24,0,0,3921,1
1,0,0,333,1
0,0,0,36,1
1,7,0,1627,0
24,0,0,3897,1
2,0,0,359,0
2,0,0,703,0
0,0,0,80,0
1,0,0,169,1
1,7,0,1925,0
2,5,0,2113,0
3,0,0,1030,0
0,0,0,315,1
1,0,0,209,1
1,0,0,96,1
1,1,0,484,1
2,0,0,462,0
1,0,0,467,1
24,0,0,3921,1
24,0,0,3921,1
24,0,0,3921,1
24,0,0,3921,1
24,0,0,3921,1
1,0,0,236,1
1,3,0,966,0
24,0,0,3921,1
0,0,0,528,1
1,1,0,437,1
24,0,0,3921,1
1,0,0,98,1
24,0,0,3921,1
1,0,0,930,0
24,0,0,3921,1
2,0,0,1823,0
1,0,0,147,0
2,0,0,839,0
0,0,0,621,0
0,0,0,512,0
0,0,0,167,0
1,0,0,74,1
24,0,0,3921,1
24,0,0,3921,1
2,0,0,2090,0
3,0,0,1092,0
0,1,0,1287,0
1,0,0,313,1
2,0,0,428,0
1,0,0,81,1
24,0,0,3921,1
24,0,0,3921,1
24,0,0,3921,1
0,0,0,548,0
24,0,0,3921,1
1,0,0,294,1
24,0,0,3921,1
0,0,0,206,0
0,0,0,1635,0
3,1,0,1314,0
2,1,0,3152,0
1,1,0,192,1
1,1,0,467,1
2,2,0,1078,0
24,0,0,3921,1
24,0,0,3921,1
1,0,0,451,1
0,0,0,311,1
24,0,0,3921,1
24,0,0,3921,1
24,0,0,3921,1
0,0,0,319,1
24,0,0,3921,1
0,0,0,315,1
1,0,0,166,1
0,0,0,315,1
2,1,0,1662,0
2,0,0,7708,0
0,0,0,816,0
1,0,0,883,0
24,0,0,3921,1
0,0,0,314,1
24,0,0,3921,1
2,1,0,2259,0
24,0,0,3921,1
0,0,0,316,1
5,4,0,21273,0
3,1,0,8396,0
24,0,0,3921,1
24,0,0,3921,1
1,0,0,1475,0
2,0,0,1700,0
24,0,0,3921,1
1,0,0,1988,0
28,6,0,19158,0
2,0,0,356,1
1,0,0,81,1
24,0,0,3921,1
1,0,0,2009,0
24,0,0,3921,1
2,0,0,3709,0
24,0,0,3921,1
24,0,0,3921,1
5,4,0,41700,0
3,0,0,5060,0
5,0,0,2735,0
1,0,0,833,0
1,0,0,644,0
9,0,0,13222,0
4,0,0,2885,0
1,0,0,1508,0
1,0,0,223,1
24,0,0,3921,1
0,0,0,2740,0
0,0,0,313,1
24,0,0,3921,1
0,0,0,317,1
0,0,0,314,1
1,0,0,142,1
0,0,0,44,1
0,0,0,819,0
0,0,0,311,1
4,0,0,4402,0
24,0,0,3921,1
24,0,0,3921,1
2,0,0,3011,0
0,0,0,315,1
0,0,0,318,1
1,0,0,146,1
0,4,0,578,1
0,0,0,316,1
24,0,0,3921,1
0,0,0,323,1
1,1,0,34439,0
0,0,0,315,1
0,0,0,311,1
1,0,0,485,1
0,0,0,315,1
0,0,0,503,0
0,0,0,317,1
24,0,0,3921,1
0,0,0,318,1
0,0,0,319,1
24,0,0,3921,1
24,0,0,3921,1
108,29,0,33342,0
1,0,0,686,0
5,0,0,6419,0
24,0,0,3921,1
0,0,0,319,1
0,0,0,70,0
1,0,0,161,1
2,1,0,1448,0
1,0,0,327,1
0,0,0,311,1
0,0,0,314,1
24,0,0,3921,1
24,0,0,3921,1
0,0,0,314,1
0,0,0,313,1
1,0,0,1327,0
0,0,0,317,1
24,0,0,3921,1
0,0,0,605,0
24,0,0,3921,1
0,0,0,293,1
1,0,0,1100,0
1,0,0,291,1
1,0,0,63,1
0,0,0,203,1
24,0,0,3921,1
0,0,0,319,1
24,0,0,3921,1
24,0,0,3921,1
1,2,0,476,1
1,0,0,197,1
24,0,0,3921,1
24,0,0,3921,1
4,0,0,1258,0
0,0,0,309,1
0,0,0,323,1
2,0,0,1294,0
24,0,0,3921,1
24,0,0,3921,1
3,2,0,1675,0
0,0,0,316,1
24,0,0,3921,1
0,0,0,1877,0
0,0,0,318,1
0,0,0,1881,0
24,0,0,3921,1
24,0,0,3921,1
2,0,0,2140,0
24,0,0,3921,1
24,0,0,3921,1
24,0,0,3921,1
0,0,0,314,1
0,0,0,1776,0
24,0,0,3921,1
24,0,0,3921,1
0,0,0,547,0
1,0,0,73,1
24,0,0,3921,1
6,5,0,2615,0
1,0,0,2684,0
2,0,0,1219,0
0,0,0,2700,0
2,1,0,849,0
0,0,0,1859,0
2,0,0,1496,0
1,0,0,284,1
2,1,0,883,0
0,0,0,200,0
0,0,0,84,1
0,2,0,1225,0
24,0,0,3921,1
1,0,0,203,1
1,1,0,3896,0
2,0,0,780,0
0,0,0,326,0
0,0,0,148,1
24,0,0,3921,1
1,0,0,174,1
8,1,0,2525,0
1,0,0,65,1
24,0,0,3921,1
0,0,0,81,1
24,0,0,3921,1
24,0,0,3921,1
24,0,0,3921,1
24,0,0,3921,1
3,2,0,2335,0
1,0,0,561,0
1,0,0,556,0
12,0,0,2762,0
1,0,0,976,0
1,0,0,903,0
24,0,0,3921,1
1,0,0,5311,0
1,1,0,3305,0
1,0,0,284,1
0,1,0,151,1
24,0,0,3921,1
24,0,0,3897,1
24,0,0,3921,1
0,0,0,314,1
24,0,0,3921,1
0,0,0,189,0
24,0,0,3921,1
3,2,0,457,0
1,0,0,1027,0
24,0,0,3921,1
0,1,0,119,1
1,0,0,143,1
1,0,0,404,0
24,0,0,3898,1
0,0,0,319,1
0,0,0,1863,1
24,0,0,3921,1
2,0,0,1012,1
24,0,0,3921,1
24,0,0,3921,1
0,0,0,131,1
0,0,0,313,1
24,0,0,3921,1
1,0,0,165,1
0,0,0,137,1
1,0,0,544,1
0,0,0,313,1
24,0,0,3898,1
24,0,0,3898,1
1,0,0,596,0
24,0,0,3898,1
4,0,0,1858,0
0,0,0,348,1
0,0,0,134,1
0,0,0,134,1
5,0,0,2414,0
24,0,0,3894,1
24,0,0,3921,1
1,0,0,2083,0
3,0,0,739,0
1,0,0,423,0
24,0,0,3921,1
24,0,0,3921,1
24,0,0,3921,1
3,1,0,3623,0
24,0,0,3921,1
0,0,0,133,1
24,0,0,3921,1
3,0,0,638,0
24,0,0,3921,1
0,0,0,314,1
0,0,0,135,1
1,0,0,106,1
24,0,0,3921,1
1,0,0,432,0
24,0,0,3921,1
1,0,0,487,1
24,0,0,3921,1
3,0,0,907,0
24,0,0,3921,1
1,0,0,559,1
0,3,0,586,1
24,0,0,3921,1
24,0,0,3921,1
0,0,0,312,1
0,0,0,316,1
3,1,0,1939,0
1,0,0,1404,0
1,0,0,550,0
5,0,0,1435,0
0,0,0,313,1
24,0,0,4229,1
3,0,0,820,0
0,2,0,1484,1
0,0,0,317,1
0,0,0,314,1
2,0,0,1454,0
0,0,0,314,1
0,0,0,313,1
0,0,0,310,1
24,0,0,3921,1
0,0,0,319,1
13,5,0,4124,0
0,0,0,134,1
24,0,0,3921,1
24,0,0,3897,1
0,1,0,6772,0
24,0,0,3921,1
0,1,0,6772,0
24,0,0,3921,1
0,0,0,321,1
24,0,0,3921,1
5,13,0,22617,0
0,0,0,314,1
24,0,0,3921,1
0,1,0,6772,0
24,0,0,3921,1
1,0,0,863,0
24,0,0,3921,1
0,0,0,313,1
0,0,0,315,1
2,2,0,4895,0
0,4,0,607,1
1,0,0,90,1
0,0,0,319,1
0,0,0,922,0
0,0,0,575,0
0,0,0,107,1
24,0,0,3898,1
1,1,0,182,1
24,0,0,3921,1
1,1,0,210,1
24,0,0,3921,1
2,0,0,148,1
1,1,0,6739,0
24,0,0,3921,1
24,0,0,3921,1
1,1,0,3623,0
24,0,0,3921,1
1,0,0,3011,0
2,0,0,2047,0
24,0,0,3921,1
0,0,0,320,1
0,3,0,600,1
1,0,0,405,1
24,0,0,3921,1
2,0,0,902,0
4,5,0,2065,0
2,1,0,4517,0
2,0,0,2792,0
0,0,0,730,0
1,1,0,7403,0
2,0,0,304,0
24,0,0,3921,1
7,0,0,2707,0
0,0,0,132,1
24,0,0,3921,1
3,3,0,619,0
0,0,0,321,1
7,0,0,2702,0
0,3,0,602,1
24,0,0,3921,1
0,0,0,316,1
1,0,0,939,0
0,0,0,323,1
1,0,0,69,1
2,2,0,11381,0
24,0,0,3921,1
1,0,0,546,1
2,0,0,1599,0
3,2,0,1200,0
2,0,0,761,0
0,0,0,317,1
1,0,0,224,1
0,4,0,768,0
1,0,0,115,1
0,4,0,605,1
1,0,0,405,1
1,0,0,3461,0
24,0,0,3921,1
0,4,0,578,1
24,0,0,3921,1
0,0,0,148,1
0,1,0,119,1
24,0,0,3921,1
0,0,0,402,0
0,1,0,135,1
0,0,0,291,0
1,0,0,227,1
1,0,0,1432,0
1,0,0,390,0
2,0,0,620,0
1,0,0,261,1
0,0,0,140,1
24,0,0,3921,1
0,0,0,835,1
0,2,0,1157,0
0,0,0,311,1
24,0,0,3921,1
1,0,0,98,1
24,0,0,3921,1
24,0,0,3921,1
24,0,0,3921,1
0,0,0,851,0
0,0,0,310,1
2,0,0,318,0
2,0,0,323,0
0,0,0,1210,0
0,3,0,285,0
0,0,0,315,1
2,0,0,625,0
0,0,0,315,1
24,0,0,3921,1
3,1,0,9075,0
0,1,0,146,1
24,0,0,3897,1
1,0,0,527,0
0,4,0,4743,0
2,1,0,696,0
2,1,0,1090,0
0,0,0,261,1
0,0,0,213,1
0,0,0,314,1
2,0,0,3496,0
24,0,0,3897,1
1,0,0,1254,0
0,0,0,1483,0
0,1,0,1890,0
5,1,0,1728,0
24,0,0,3921,1
1,0,0,121,1
24,0,0,3921,1
4,0,0,541,0
0,0,0,302,0
2,0,0,1473,0
24,0,0,3921,1
24,0,0,3921,1
0,0,0,308,1
0,0,0,285,1
0,1,0,117,1
0,0,0,313,1
24,0,0,3921,1
3,0,0,1734,0
0,0,0,779,0
3,0,0,993,0
24,0,0,3897,1
24,0,0,3898,1
0,0,0,879,0
1,0,0,486,1
0,1,0,120,1
0,0,0,313,1
24,0,0,3921,1
0,0,0,311,1
1,0,0,245,1
24,0,0,3921,1
24,0,0,3897,1
24,0,0,3921,1
0,0,0,129,1
0,0,0,314,1
0,0,0,129,1
24,0,0,3921,1
0,0,0,1418,0
24,0,0,3921,1
0,0,0,321,1
0,0,0,320,1
1,0,0,691,0
1,1,0,102,1
24,0,0,3921,1
1,0,0,213,1
24,0,0,3921,1
0,0,0,314,1
10,1,0,4494,0
2,0,0,1276,0
6,0,0,7036,0
6,1,0,2221,0
24,0,0,3898,1
24,0,0,3896,1
1,0,0,2186,0
1,0,0,647,0
24,0,0,3921,1
24,0,0,3921,1
4,1,0,904,0
24,0,0,3897,1
24,0,0,3921,1
1,0,0,64,1
1,0,0,107,1
3,0,0,4025,0
2,0,0,164,1
0,0,0,318,1
2,0,0,1054,0
24,0,0,3896,1
24,0,0,3898,1
2,0,0,1049,0
24,0,0,3921,1
24,0,0,3921,1
6,0,0,1309,0
4,0,0,697,0
24,0,0,3898,1
1,0,0,405,1
0,0,0,131,1
24,0,0,3897,1
0,0,0,315,1
1,0,0,566,1
2,0,0,164,1
24,0,0,3921,1
6,0,0,1491,0
4,0,0,2492,0
0,0,0,458,0
1,1,0,9975,0
1,0,0,479,1
95,14,0,31887,0
0,0,0,312,1
2,0,0,181,1
24,0,0,3897,1
24,0,0,3921,1
2,0,0,1259,0
0,0,0,317,1
24,0,0,3921,1
24,0,0,8871,0
2,0,0,174,1
1,0,0,255,1
1,0,0,256,1
0,0,0,130,1
2,0,0,1964,0
24,0,0,3921,1
1,0,0,251,1
24,0,0,3897,1
24,0,0,3897,1
24,0,0,3921,1
24,0,0,3921,1
24,0,0,3921,1
1,1,0,252,1
24,0,0,3921,1
2,0,0,1863,0
0,0,0,313,1
0,0,0,1609,0
3,0,0,1547,0
4,0,0,1206,0
1,1,0,1258,0
1,0,0,546,0
1,0,0,248,1
0,0,0,308,1
0,0,0,1129,1
1,2,0,3293,0
2,0,0,1360,0
2,0,0,1214,0
3,0,0,1358,0
1,0,0,780,0
0,0,0,313,1
24,0,0,3898,1
0,0,0,320,1
2,0,0,7137,0
0,0,0,319,1
24,0,0,3898,1
24,0,0,3897,1
24,0,0,3897,1
24,0,0,3898,1
0,0,0,43,1
0,0,0,315,1
24,0,0,3898,1
24,0,0,3921,1
1,0,0,373,1
0,2,0,4339,0
24,0,0,3921,1
3,0,0,908,0
0,0,0,138,1
24,0,0,3921,1
24,0,0,3897,1
24,0,0,3898,1
0,0,0,311,1
0,0,0,317,1
0,1,0,239,1
1,0,0,525,1
1,2,0,7059,0
0,0,0,1009,0
1,0,0,313,1
24,0,0,3898,1
2,0,0,640,0
24,0,0,3897,1
2,2,0,794,0
0,0,0,1489,0
2,0,0,778,0
3,0,0,2244,0
1,0,0,291,1
0,0,0,313,1
0,0,0,317,1
0,0,0,4772,0
24,0,0,3897,1
24,0,0,3921,1
24,0,0,3898,1
0,0,0,323,1
0,0,0,44,1
18,8,0,5848,0
1,1,0,1764,0
24,0,0,3898,1
24,0,0,3897,1
0,3,0,750,0
1,0,0,744,0
0,2,0,408,0
24,0,0,3898,1
0,0,0,320,1
0,0,0,189,1
0,0,0,312,1
0,0,0,318,1
0,0,0,317,1
2,0,0,1512,0
1,1,0,192,1
24,0,0,3898,1
0,0,0,315,1
1,0,0,361,1
0,0,0,311,1
1,0,0,303,1
1,0,0,377,1
0,0,0,317,1
0,0,0,316,1
0,0,0,314,1
0,0,0,692,0
1,3,0,5659,0
0,0,0,312,1
2,0,0,1729,0
0,0,0,319,1
1,0,0,359,1
0,0,0,313,1
0,0,0,56,1
0,0,0,242,1
0,0,0,314,1
1,0,0,1058,0
0,0,0,318,1
1,0,0,62,1
3,0,0,930,0
0,0,0,128,0
1,0,0,105,1
1,0,0,166,1
0,0,0,4453,0
24,0,0,3921,1
1,0,0,183,0
0,0,0,129,1
0,0,0,4211,0
2,1,0,686,0
24,0,0,3897,1
1,0,0,808,0
2,0,0,446,1
0,0,0,109,1
24,0,0,3921,1
2,4,0,37207,0
2,0,0,1140,0
1,0,0,780,0
2,0,0,721,0
0,2,0,777,0
0,0,0,316,1
0,0,0,317,1
24,0,0,3921,1
0,1,0,134,1
0,0,0,319,1
2,0,0,4207,0
0,0,0,200,1
0,0,0,107,1
1,0,0,74,1
0,1,0,159,1
24,0,0,3898,1
1,0,0,119,1
0,0,0,316,1
2,0,0,670,0
2,0,0,733,0
6,0,0,1279,0
0,1,0,746,0
0,1,0,125,1
2,0,0,1524,0
25,2,0,4077,0
1,0,0,313,1
2,0,0,1024,0
24,0,0,3898,1
1,0,0,1066,0
2,1,0,600,0
6,11,0,22635,0
2,0,0,1014,0
0,9,0,6738,0
1,0,0,313,1
1,0,0,298,1
1,0,0,271,1
1,0,0,334,1
24,0,0,3921,1
0,0,0,129,1
24,0,0,3921,1
0,0,0,490,1
1,0,0,488,1
0,0,0,791,0
2,0,0,638,0
1,0,0,544,1
1,0,0,313,1
1,0,0,223,1
24,0,0,3898,1
1,0,0,325,1
24,0,0,3898,1
24,0,0,3898,1
24,0,0,3898,1
1,0,0,329,1
2,1,0,176,1
0,0,0,317,1
1,0,0,306,1
1,0,0,328,1
24,0,0,3921,1
1,0,0,279,1
1,1,0,267,0
1,1,0,416,0
0,0,0,301,0
1,0,0,177,1
1,0,0,296,1
1,0,0,321,1
0,2,0,2986,0
1,0,0,314,1
24,0,0,3898,1
1,0,0,82,1
1,0,0,225,1
1,0,0,323,1
1,0,0,295,1
2,0,0,702,0
0,0,0,2719,0
1,0,0,459,0
1,0,0,294,1
1,0,0,102,1
1,1,0,312,1
2,0,0,3944,0
1,0,0,79,1
1,0,0,314,1
1,0,0,198,1
1,0,0,316,1
24,0,0,3898,1
1,0,0,338,1
1,0,0,317,1
1,0,0,318,1
0,0,0,325,1
3,1,0,2600,0
1,0,0,313,1
1,0,0,266,0
2,0,0,3949,0
7,1,0,13196,0
1,0,0,335,1
2,1,0,3248,0
1,0,0,349,1
0,0,0,664,0
1,0,0,313,1
1,0,0,172,1
1,0,0,282,1
1,0,0,321,1
1,0,0,315,1
1,0,0,333,1
0,0,0,321,1
24,0,0,3921,1
1,0,0,284,1
1,0,0,318,1
24,0,0,3921,1
24,0,0,3898,1
24,0,0,3898,1
24,0,0,3898,1
1,0,0,304,1
1,0,0,170,1
0,1,0,1027,0
3,0,0,1645,0
2,0,0,2841,0
1,0,0,430,0
2,0,0,1661,0
2,1,0,1176,0
2,0,0,3991,0
24,0,0,3898,1
5,1,0,1837,0
1,0,0,71,1
0,1,0,115,1
2,0,0,189,1
0,1,0,2176,0
5,1,0,2365,0
1,0,0,331,1
11,0,0,6043,0
1,0,0,390,0
1,0,0,522,0
0,0,0,657,0
1,0,0,103,1
24,0,0,3898,1
24,0,0,3898,1
24,0,0,3898,1
24,0,0,3898,1
1,0,0,909,0
1,0,0,103,0
24,0,0,3898,1
24,0,0,3897,1
3,0,0,820,0
3,0,0,2874,0
0,0,0,998,0
0,2,0,6927,0
24,0,0,3898,1
24,0,0,3898,1
24,0,0,3898,1
24,0,0,3897,1
0,0,0,203,0
24,0,0,3898,1
0,0,0,314,1
2,0,0,148,1
0,0,0,317,1
0,0,0,318,1
1,0,0,173,1
1,0,0,164,1
0,0,0,1045,1
2,0,0,1149,0
0,0,0,317,1
24,0,0,3897,1
24,0,0,3897,1
24,0,0,3921,1
1,0,0,1084,0
0,0,0,832,1
1,0,0,209,1
1,0,0,165,1
2,0,0,581,0
1,0,0,164,1
3,0,0,805,0
0,0,0,189,0
0,0,0,189,0
0,11,0,2284,0
24,0,0,3898,1
3,0,0,1950,0
1,0,0,344,1
3,0,0,2103,0
24,0,0,3921,1
1,0,0,233,1
0,0,0,1319,0
0,0,0,315,1
1,0,0,289,1
24,0,0,3921,1
24,0,0,3921,1
24,0,0,3898,1
1,0,0,162,1
1,0,0,165,1
1,0,0,164,1
0,0,0,49,1
2,0,0,1241,0
0,1,0,119,1
1,0,0,163,1
2,0,0,2931,0
0,1,0,1771,0
0,0,0,387,0
1,0,0,138,1
2,0,0,1334,0
4,0,0,1925,0
0,0,0,320,1
0,0,0,189,0
1,0,0,166,1
24,0,0,3898,1
24,0,0,3896,1
24,0,0,3897,1
2,0,0,148,1
1,1,0,457,1
1,0,0,337,1
4,0,0,2160,0
4,0,0,2155,0
1,0,0,2364,0
0,0,0,1610,0
1,0,0,462,0
1,0,0,180,1
1,1,0,395,1
1,0,0,88,1
0,1,0,899,1
2,0,0,1329,0
1,0,0,299,1
0,1,0,118,1
1,1,0,2477,0
1,0,0,87,1
2,0,0,1193,0
0,5,0,170,0
1,0,0,77,1
3,0,0,362,1
15,4,0,3114,0
1,0,0,641,0
0,0,0,619,0
2,0,0,1632,0
0,0,0,314,1
1,0,0,256,0
1,0,0,192,1
24,0,0,3898,1
0,1,0,185,1
1,0,0,391,0
2,0,0,493,0
0,0,0,315,1
0,0,0,1203,0
1,0,0,153,1
24,0,0,3898,1
0,0,0,1371,0
2,1,0,1028,0
3,0,0,962,0
0,0,0,832,0
24,0,0,3897,1
24,0,0,3897,1
4,0,0,1920,0
24,0,0,3898,1
24,0,0,3898,1
24,0,0,3897,1
24,0,0,3898,1
1,0,0,517,0
0,0,0,152,1
1,0,0,634,0
2,0,0,1426,0
1,0,0,98,1
2,0,0,393,0
0,0,0,7187,0
1,0,0,339,1
0,0,0,270,1
3,0,0,389,1
24,0,0,3898,1
0,0,0,1462,0
0,0,0,686,0
6,3,0,7810,0
2,0,0,363,0
2,0,0,354,0
2,0,0,362,0
0,0,0,4184,0
24,0,0,3897,1
1,0,0,170,1
24,0,0,3921,1
0,0,0,45,1
24,0,0,3921,1
24,0,0,3897,1
1,1,0,208,1
24,0,0,3898,1
0,0,0,478,0
24,0,0,3898,1
0,0,0,750,0
2,0,0,1213,0
1,0,0,350,1
1,0,0,323,1
2,0,0,1060,0
0,0,0,254,1
24,0,0,3896,1
3,0,0,2690,0
1,0,0,699,1
1,0,0,413,1
2,0,0,2026,0
0,3,0,3822,0
1,0,0,199,1
1,0,0,707,1
0,0,0,248,0
1,2,0,3520,0
0,0,0,1083,0
2,2,0,341,0
1,0,0,104,1
24,0,0,3898,1
1,0,0,681,0
0,0,0,254,1
0,0,0,873,0
24,0,0,3897,1
24,0,0,3897,1
24,0,0,3896,1
0,1,0,144,1
0,0,0,129,1
2,1,0,4340,0
24,0,0,3897,1
2,2,0,341,0
1,0,0,77,1
0,0,0,55,1
4,2,0,3153,0
0,0,0,1008,0
0,0,0,1362,0
1,0,0,195,1
0,1,0,115,1
4,0,0,2569,0
1,0,0,833,0
0,2,0,1170,0
4,0,0,2569,0
1,0,0,647,0
0,0,0,48,1
1,0,0,309,1
4,0,0,2569,0
0,0,0,494,0
1,0,0,174,1
1,0,0,966,0
0,0,0,144,1
1,0,0,979,0
1,0,0,2254,0
0,2,0,2830,0
24,0,0,3898,1
1,0,0,173,1
0,0,0,89,1
0,0,0,590,1
2,0,0,658,0
24,0,0,3921,1
24,0,0,3898,1
3,0,0,1194,0
2,0,0,774,0
1,0,0,164,1
2,0,0,707,0
0,0,0,1815,0
4,0,0,1362,0
1,0,0,2409,0
2,0,0,1358,0
1,0,0,238,1
3,0,0,797,0
1,0,0,956,0
24,0,0,3897,1
0,0,0,44,1
2,0,0,159,1
2,0,0,5099,0
1,0,0,363,1
1,0,0,522,1
1,0,0,496,1
24,0,0,3898,1
1,0,0,262,1
0,0,0,315,1
2,0,0,5257,0
1,0,0,280,1
1,0,0,247,1
1,0,0,352,1
1,0,0,290,1
1,0,0,301,1
1,0,0,292,1
1,0,0,294,1
3,0,0,1120,0
1,0,0,673,1
2,0,0,1527,0
1,0,0,321,1
0,0,0,279,0
0,0,0,573,1
2,0,0,1403,0
24,0,0,3921,1
2,0,0,322,1
0,0,0,92,1
1,0,0,317,1
1,0,0,145,1
0,0,0,129,1
3,0,0,1395,0
0,4,0,2144,0
0,0,0,50,1
2,4,0,5137,0
3,0,0,765,0
1,1,0,220,1
1,0,0,132,1
0,0,0,203,0
0,0,0,1191,0
4,1,0,2043,0
2,2,0,10352,0
1,0,0,262,0
4,0,0,1800,0
1,1,0,1149,0
0,0,0,219,1
0,0,0,91,1
0,0,0,1491,0
0,0,0,318,1
0,0,0,315,1
1,0,0,740,0
1,0,0,189,1
0,0,0,3665,0
2,0,0,180,1
1,0,0,72,1
1,0,0,198,1
0,0,0,690,0
1,0,0,173,1
24,0,0,3898,1
0,0,0,1573,0
1,0,0,336,1
1,0,0,209,1
1,0,0,383,1
0,3,0,4777,0
1,0,0,155,1
0,2,0,145,1
1,0,0,286,1
0,0,0,241,1
0,0,0,699,0
1,0,0,276,1
2,0,0,2285,0
0,1,0,121,1
0,0,0,2098,0
0,0,0,994,0
24,0,0,3898,1
24,0,0,3898,1
1,0,0,261,1
0,0,0,10052,0
1,0,0,2175,0
3,0,0,3147,0
3,0,0,1439,0
3,0,0,3345,0
1,0,0,163,1
0,0,0,219,1
1,0,0,444,1
1,0,0,432,1
2,0,0,973,0
1,0,0,267,1
1,0,0,265,1
2,2,0,1404,0
1,0,0,349,1
4,0,0,2213,0
1,0,0,210,1
1,0,0,170,1
6,0,0,4867,0
1,0,0,386,1
1,0,0,165,1
1,0,0,343,1
0,0,0,60,1
0,2,0,692,1
1,0,0,966,0
1,0,0,167,1
1,0,0,738,0
1,0,0,294,1
1,0,0,389,0
1,0,0,204,1
0,1,0,257,1
1,0,0,363,1
2,0,0,858,0
4,1,0,1077,1
0,0,0,315,1
2,1,0,4143,0
1,0,0,228,1
1,0,0,227,1
5,2,0,3691,0
7,0,0,2947,0
1,3,0,3188,0
4,0,0,527,0
1,0,0,359,1
1,0,0,203,1
1,0,0,389,1
7,0,0,2952,0
1,0,0,220,1
0,0,0,89,1
0,0,0,318,1
5,1,0,8277,0
1,0,0,165,1
1,0,0,325,1
1,0,0,119,0
1,0,0,248,1
1,0,0,305,1
1,0,0,320,1
1,0,0,350,1
1,0,0,296,1
0,1,0,118,1
1,0,0,276,1
1,0,0,175,1
0,0,0,1807,0
1,0,0,333,1
24,0,0,3921,1
3,0,0,1099,0
1,0,0,169,1
0,0,0,312,1
1,0,0,308,1
3,0,0,1152,0
2,0,0,1454,0
1,0,0,296,1
2,0,0,5609,0
24,0,0,3921,1
0,1,0,114,1
2,0,0,870,0
24,0,0,3921,1
1,0,0,820,0
1,0,0,217,1
0,0,0,129,1
2,0,0,871,0
5,0,0,960,0
3,0,0,1007,0
1,0,0,583,1
3,0,0,1012,0
1,0,0,740,0
0,1,0,1531,0
0,1,0,1819,0
0,0,0,1366,0
0,0,0,112,1
0,0,0,5683,0
24,0,0,3921,1
0,0,0,1696,0
1,0,0,396,1
24,0,0,3921,1
2,0,0,807,0
24,0,0,3921,1
24,0,0,3921,1
3,0,0,972,0
1,5,0,262,0
1,0,0,194,1
0,2,0,2257,0
0,0,0,316,1
3,0,0,1184,0
24,0,0,3921,1
0,0,0,2313,0
24,0,0,3921,1
2,28,0,4128,0
0,0,0,440,0
0,0,0,98,1
1,0,0,170,1
2,0,0,1270,0
1,0,0,373,1
1,0,0,315,1
1,0,0,441,0
0,1,0,145,1
1,0,0,64,1
0,0,0,276,1
2,0,0,1806,0
0,3,0,2450,0
1,0,0,1076,0
0,0,0,3912,0
3,0,0,1016,0
24,0,0,3921,1
24,0,0,3921,1
24,0,0,3897,1
24,0,0,3921,1
0,0,0,89,1
3,0,0,1468,0
24,0,0,3921,1
0,3,0,579,1
0,0,0,560,0
0,0,0,41,1
24,0,0,3921,1
0,0,0,969,0
0,1,0,144,1
24,0,0,3921,1
0,0,0,90,1
1,0,0,139,1
21,1,0,3342,0
0,0,0,101,1
24,0,0,3921,1
2,0,0,1107,0
0,0,0,106,1
24,0,0,3898,1
1,0,0,915,0
1,0,0,433,1
0,0,0,893,0
24,0,0,3898,1
1,0,0,322,1
1,0,0,302,1
1,0,0,332,1
1,0,0,297,1
2,0,0,1974,0
24,0,0,3921,1
1,0,0,364,1
1,0,0,419,1
3,0,0,4112,0
1,0,0,344,1
1,0,0,78,1
24,0,0,3921,1
24,0,0,3921,1
1,0,0,288,1
1,0,0,307,1
1,0,0,187,1
24,0,0,3921,1
2,5,0,1677,0
0,0,0,102,1
1,0,0,617,1
1,0,0,251,1
1,0,0,195,1
1,0,0,175,1
1,1,0,774,0
24,0,0,3921,1
24,0,0,3921,1
2,2,0,11102,0
1,0,0,637,0
24,0,0,3921,1
24,0,0,3921,1
1,0,0,453,1
0,0,0,280,0
1,0,0,316,1
0,1,0,351,0
3,0,0,2233,0
7,0,0,2575,0
24,0,0,3921,1
1,0,0,150,1
1,2,0,499,1
24,0,0,3921,1
0,0,0,1064,0
2,0,0,971,0
0,0,0,933,0
24,0,0,3897,1
3,1,0,1198,0
24,0,0,3897,1
3,0,0,765,0
24,0,0,3898,1
1,0,0,562,0
1,0,0,67,1
2,2,0,677,0
0,1,0,140,1
0,1,0,117,1
24,0,0,3921,1
0,0,0,424,0
24,0,0,3897,1
24,0,0,3898,1
24,0,0,3899,1
24,0,0,3898,1
3,0,0,5105,0
1,0,0,411,1
1,0,0,117,1
2,0,0,5285,0
1,1,0,317,1
0,0,0,145,1
90,8,0,33423,0
3,0,0,1699,0
24,0,0,3898,1
24,0,0,3897,1
0,1,0,126,1
1,0,0,403,1
2,0,0,10518,0
1,0,0,332,0
0,2,0,360,0
2,0,0,871,0
2,1,0,9524,0
1,0,0,180,1
24,0,0,3921,1
0,0,0,383,0
2,0,0,636,0
24,0,0,3898,1
0,1,0,131,1
24,0,0,3921,1
0,0,0,59,1
0,1,0,136,1
0,1,0,125,1
2,1,0,1147,0
24,0,0,3921,1
24,0,0,3897,1
2,0,0,1781,0
24,0,0,3898,1
24,0,0,3897,1
24,0,0,3895,1
1,0,0,145,1
24,0,0,3897,1
1,0,0,1290,0
2,0,0,244,1
24,0,0,3921,1
5,1,0,4572,0
2,0,0,5240,0
2,0,0,924,0
0,0,0,2129,0
2,0,0,1726,0
0,0,0,130,1
3,0,0,5895,0
24,0,0,3897,1
24,0,0,3898,1
18,4,0,4877,0
0,0,0,230,1
24,0,0,3921,1
1,0,0,264,1
2,0,0,485,0
24,0,0,3898,1
24,0,0,3895,1
0,0,0,202,1
0,0,0,732,0
1,0,0,330,1
2,0,0,1024,0
0,0,0,104,0
24,0,0,3890,1
4,0,0,1404,0
1,0,0,213,1
0,0,0,951,1
1,0,0,231,1
24,0,0,3897,1
4,0,0,1798,0
0,0,0,1180,0
2,0,0,559,0
4,1,0,8773,0
4,0,0,795,0
24,0,0,3921,1
1,0,0,301,1
0,0,0,1690,0
1,0,0,1120,0
0,0,0,358,0
24,0,0,3921,1
24,0,0,3921,1
0,0,0,942,0
24,0,0,3921,1
0,0,0,1164,0
24,0,0,3898,1
0,0,0,845,1
0,0,0,995,0
1,0,0,142,1
3,0,0,2035,0
24,0,0,3921,1
1,0,0,89,1
24,0,0,3921,1
1,0,0,175,1
1,0,0,478,1
1,2,0,1357,0
24,0,0,3921,1
24,0,0,3921,1
1,0,0,296,1
2,0,0,2276,0
2,0,0,857,0
1,0,0,437,0
2,0,0,1209,0
24,0,0,3898,1
1,0,0,2305,0
24,0,0,3921,1
24,0,0,3921,1
24,0,0,3932,1
1,0,0,159,1
1,0,0,289,1
1,1,0,554,1
0,8,0,2789,0
24,0,0,3921,1
0,0,0,1319,0
1,0,0,194,1
1,0,0,144,1
24,0,0,3921,1
24,0,0,3921,1
1,0,0,166,1
9,0,0,9090,0
24,0,0,3921,1
0,0,0,77,1
5,0,0,1839,0
0,3,0,867,0
5,0,0,2938,0
1,0,0,146,1
0,1,0,373,0
1,0,0,146,1
2,0,0,761,0
24,0,0,3921,1
2,0,0,949,0
24,0,0,3921,1
24,0,0,3921,1
0,0,0,702,0
24,0,0,3898,1
0,0,0,217,1
0,0,0,512,0
1,1,0,402,1
0,1,0,122,1
2,0,0,2116,0
1,0,0,147,1
1,0,0,469,1
1,0,0,215,1
24,0,0,3921,1
0,0,0,1238,0
0,0,0,103,1
2,0,0,1506,0
0,0,0,4524,0
5,3,0,1771,0
1,0,0,683,0
2,0,0,1423,0
3,0,0,1751,0
2,0,0,1914,0
2,0,0,140,1
1,0,0,256,1
24,0,0,3921,1
3,0,0,1025,0
1,0,0,83,1
1,0,0,79,1
1,0,0,79,1
1,0,0,79,1
24,0,0,3921,1
0,0,0,1215,0
1,0,0,85,1
1,0,0,850,0
1,0,0,342,1
1,0,0,344,1
1,0,0,77,1
9,2,0,4383,0
0,0,0,274,1
24,0,0,3921,1
0,0,0,325,1
0,0,0,384,0
1,0,0,75,1
1,0,0,82,1
0,0,0,224,1
1,0,0,90,1
24,0,0,3921,1
1,0,0,210,1
2,1,0,1565,0
0,0,0,907,1
24,0,0,3921,1
3,0,0,566,0
24,0,0,3921,1
24,0,0,3894,1
24,0,0,3895,1
24,0,0,3892,1
1,0,0,522,0
24,0,0,3921,1
1,0,0,245,1
24,0,0,3921,1
1,0,0,500,1
0,0,0,161,1
2,0,0,972,0
4,0,0,3094,0
0,0,0,796,0
0,0,0,2189,0
1,1,0,689,0
0,0,0,2343,0
0,0,0,39,1
0,0,0,42,1
1,0,0,475,1
1,0,0,1497,0
1,0,0,84,1
1,0,0,171,1
1,1,0,359,1
24,0,0,3921,1
2,1,0,1050,0
24,0,0,3921,1
24,0,0,3921,1
0,0,0,1118,0
1,0,0,354,1
0,0,0,161,1
4,1,0,16597,0
24,0,0,3921,1
0,0,0,464,0
3,1,0,1371,0
2,0,0,774,0
0,0,0,801,0
24,0,0,3897,1
24,0,0,3898,1
24,0,0,3921,1
24,0,0,3921,1
1,0,0,90,1
1,0,0,1475,0
24,0,0,3898,1
3,0,0,1525,0
1,0,0,76,1
1,0,0,85,1
24,0,0,3921,1
0,0,0,1007,0
24,0,0,3898,1
24,0,0,3898,1
24,0,0,3898,1
24,0,0,3898,1
24,0,0,3898,1
24,0,0,3898,1
24,0,0,3897,1
24,0,0,3897,1
0,0,0,51,0
1,0,0,768,0
0,0,0,633,0
24,0,0,3897,1
24,0,0,3897,1
24,0,0,3908,1
24,0,0,3898,1
24,0,0,3897,1
24,0,0,3893,1
24,0,0,3921,1
24,0,0,3897,1
24,0,0,3897,1
1,0,0,861,0
24,0,0,3898,1
1,0,0,320,1
24,0,0,3898,1
24,0,0,3897,1
1,0,0,186,1
0,14,0,6222,0
4,0,0,5645,0
8,14,0,11136,0
3,0,0,588,0
24,0,0,3898,1
24,0,0,3906,1
24,0,0,3897,1
1,0,0,166,1
0,0,0,3251,0
0,0,0,1732,0
2,0,0,690,0
1,0,0,172,1
1,0,0,79,1
1,0,0,81,1
2,0,0,855,0
1,0,0,83,1
24,0,0,3898,1
0,0,0,879,0
0,0,0,1006,0
87,6,0,31248,0
0,14,0,6752,0
11,29,0,29601,0
0,0,0,690,0
1,0,0,91,1
0,0,0,241,1
3,0,0,2066,0
24,0,0,3898,1
1,1,0,455,1
0,0,0,362,0
1,0,0,95,1
2,0,0,726,0
1,0,0,171,1
0,0,0,844,1
2,0,0,804,0
1,0,0,93,1
6,4,0,1212,0
1,0,0,264,1
0,1,0,925,0
0,0,0,106,1
1,0,0,363,1
3,0,0,723,0
1,0,0,421,1
0,0,0,575,1
1,0,0,365,1
24,0,0,3897,1
0,0,0,372,0
1,0,0,501,1
1,0,0,67,1
2,0,0,5272,0
0,0,0,258,1
0,0,0,59,1
1,0,0,533,0
1,0,0,496,1
24,0,0,3897,1
24,0,0,3898,1
1,3,0,3870,0
1,0,0,161,1
0,0,0,845,1
27,9,0,13340,0
15,1,0,4033,0
1,2,0,9519,0
2,0,0,2010,0
2,0,0,1988,0
1,0,0,258,1
24,0,0,3897,1
1,0,0,83,1
1,0,0,87,1
0,0,0,831,1
1,0,0,2004,0
2,1,0,3835,0
3,5,0,4406,0
0,0,0,293,1
24,0,0,3921,1
1,0,0,410,1
2,0,0,1121,0
0,0,0,1165,0
24,0,0,3921,1
1,0,0,475,1
1,0,0,89,1
24,0,0,3921,1
0,0,0,112,1
24,0,0,3921,1
1,0,0,207,1
1,0,0,608,0
1,0,0,262,1
1,0,0,763,0
0,0,0,136,1
1,0,0,515,1
6,2,0,17968,0
0,0,0,239,1
1,0,0,783,0
24,0,0,3921,1
1,0,0,88,1
3,0,0,2926,0
2,0,0,1626,0
2,0,0,1244,0
67,3,0,20907,0
1,0,0,2213,0
2,0,0,972,0
0,1,0,1203,0
1,0,0,155,1
24,0,0,3921,1
2,1,0,2760,0
1,0,0,236,1
3,1,0,2528,0
24,0,0,3894,1
1,0,0,146,1
0,0,0,692,0
2,0,0,1439,0
1,0,0,169,1
0,0,0,145,1
1,0,0,2647,0
1,0,0,309,1
24,0,0,3897,1
4,0,0,702,0
1,0,0,70,1
1,0,0,401,1
2,0,0,1246,0
1,0,0,403,1
0,0,0,404,0
1,0,0,169,1
0,0,0,557,1
3,0,0,2275,0
24,0,0,3898,1
24,0,0,3897,1
3,1,0,4320,0
24,0,0,3897,1
24,0,0,3898,1
24,0,0,3921,1
1,0,0,314,1
1,0,0,195,1
1,1,0,1619,0
3,0,0,1713,0
2,0,0,3200,0
2,0,0,379,0
1,0,0,3479,0
1,0,0,91,1
1,0,0,492,1
1,1,0,198,1
24,0,0,3898,1
0,0,0,111,1
24,0,0,3897,1
24,0,0,3898,1
24,0,0,3898,1
24,0,0,3898,1
1,0,0,310,1
24,0,0,3898,1
1,0,0,304,0
0,0,0,56,1
1,0,0,295,1
24,0,0,3898,1
24,0,0,3897,1
24,0,0,3897,1
24,0,0,3897,1
24,0,0,3898,1
24,0,0,3896,1
24,0,0,3898,1
1,0,0,85,1
1,0,0,216,1
2,0,0,353,1
1,0,0,106,1
0,0,0,1693,0
0,0,0,5976,0
1,0,0,283,1
24,0,0,3897,1
24,0,0,3898,1
24,0,0,3897,1
0,0,0,161,1
24,0,0,3897,1
1,0,0,116,1
1,0,0,3119,0
24,0,0,3898,1
24,0,0,3898,1
0,4,0,591,0
2,0,0,1443,0
24,0,0,3898,1
2,1,0,473,0
0,0,0,1946,0
2,0,0,6400,0
1,0,0,100,1
1,0,0,174,1
0,1,0,1451,0
24,0,0,3898,1
24,0,0,3897,1
0,0,0,903,0
1,0,0,117,1
24,0,0,3898,1
0,0,0,493,0
1,0,0,102,1
2,0,0,1314,0
3,0,0,1703,0
1,0,0,76,1
0,0,0,159,1
1,0,0,198,1
2,5,0,5195,0
2,0,0,2133,0
3,0,0,1509,0
3,3,0,741,0
1,0,0,176,1
1,0,0,408,0
24,0,0,3897,1
0,0,0,210,1
1,0,0,171,1
24,0,0,3898,1
1,0,0,97,1
24,0,0,3921,1
1,0,0,90,1
0,0,0,962,0
1,0,0,92,1
1,1,0,1516,0
24,0,0,3898,1
3,0,0,4550,0
1,0,0,89,1
1,1,0,206,1
24,0,0,3921,1
24,0,0,3921,1
1,0,0,3392,0
0,0,0,320,0
0,0,0,56,1
1,0,0,99,1
0,0,0,1772,0
1,0,0,91,1
2,0,0,745,0
1,0,0,921,0
0,1,0,2411,0
1,0,0,355,1
0,0,0,124,1
2,0,0,1014,0
1,1,0,240,1
4,0,0,850,0
3,0,0,1270,0
24,0,0,3898,1
24,0,0,3897,1
24,0,0,3898,1
2,0,0,4844,0
1,0,0,154,1
5,0,0,2278,0
2,1,0,2002,0
1,0,0,191,1
0,0,0,1310,0
2,0,0,1185,0
24,0,0,3896,1
0,0,0,249,1
4,0,0,2976,0
2,0,0,757,0
0,0,0,375,0
4,3,0,2979,0
1,0,0,1632,0
0,0,0,818,0
3,1,0,3565,0
1,0,0,166,1
24,0,0,3898,1
1,0,0,289,1
0,0,0,1842,0
1,0,0,278,1
1,0,0,494,1
1,1,0,1408,0
0,0,0,135,1
1,0,0,71,1
1,0,0,76,1
1,0,0,183,1
0,0,0,129,1
1,0,0,244,1
24,0,0,3921,1
0,0,0,48,1
24,0,0,3921,1
0,0,0,1446,0
0,0,0,268,0
1,0,0,309,1
0,1,0,1438,0
1,0,0,170,1
0,0,0,129,1
0,0,0,458,0
5,0,0,9973,0
3,0,0,1865,0
1,0,0,562,0
24,0,0,3897,1
0,0,0,1323,0
24,0,0,3897,1
0,0,0,213,1
0,1,0,137,1
24,0,0,3897,1
24,0,0,3896,1
24,0,0,3898,1
0,0,0,650,0
24,0,0,3897,1
24,0,0,3898,1
24,0,0,3898,1
24,0,0,3898,1
0,0,0,1524,0
0,1,0,125,1
24,0,0,3897,1
24,0,0,3897,1
0,0,0,790,0
0,1,0,126,1
0,0,0,1259,0
24,0,0,3895,1
3,0,0,2311,0
1,0,0,69,1
24,0,0,3898,1
24,0,0,3897,1
1,0,0,87,1
24,0,0,3898,1
6,1,0,975,0
2,0,0,8979,0
2,0,0,1184,0
0,1,0,2125,0
1,0,0,495,1
0,0,0,212,0
0,1,0,210,1
24,0,0,3921,1
24,0,0,3898,1
24,0,0,3898,1
0,2,0,270,0
24,0,0,3898,1
0,0,0,144,1
2,6,0,1622,0
0,0,0,552,0
24,0,0,3897,1
24,0,0,3898,1
24,0,0,3898,1
0,0,0,648,0
1,0,0,79,1
24,0,0,3897,1
3,0,0,1726,0
0,0,0,315,1
0,0,0,46,1
7,0,0,1546,0
24,0,0,3898,1
0,3,0,939,0
0,0,0,68,1
0,0,0,2569,0
24,0,0,3898,1
24,0,0,3897,1
0,0,0,171,0
0,1,0,2006,0
0,0,0,704,0
0,0,0,419,0
2,0,0,1263,0
2,0,0,535,0
0,1,0,121,1
0,0,0,293,1
0,1,0,345,1
2,0,0,947,0
24,0,0,3898,1
1,0,0,168,1
24,0,0,3898,1
24,0,0,3898,1
1,0,0,168,1
0,0,0,752,1
0,1,0,855,1
2,0,0,925,0
1,0,0,246,1
3,0,0,393,1
24,0,0,3898,1
2,2,0,1600,0
1,0,0,97,1
24,0,0,3921,1
0,0,0,238,1
24,0,0,3921,1
24,0,0,3898,1
24,0,0,3898,1
24,0,0,3896,1
24,0,0,3898,1
24,0,0,3898,1
0,0,0,357,1
3,0,0,7075,0
0,0,0,616,0
24,0,0,3904,1
24,0,0,3897,1
24,0,0,3897,1
24,0,0,3897,1
24,0,0,3898,1
24,0,0,3898,1
1,0,0,185,1
24,0,0,3897,1
0,1,0,1323,0
1,0,0,199,1
0,1,0,319,1
0,0,0,354,1
2,0,0,1325,0
1,0,0,178,1
2,0,0,1040,0
1,0,0,1040,0
1,0,0,814,0
2,0,0,764,0
0,3,0,832,0
24,0,0,3898,1
3,0,0,386,1
0,0,0,1541,0
1,0,0,72,1
2,0,0,1047,0
2,0,0,1398,0
0,0,0,1668,0
1,0,0,403,1
1,0,0,233,1
0,0,0,753,0
0,0,0,1711,0
0,0,0,129,1
2,0,0,683,0
24,0,0,3898,1
1,0,0,183,1
1,0,0,175,1
24,0,0,3915,1
0,0,0,1088,0
24,0,0,3898,1
0,0,0,825,1
3,0,0,1691,0
0,0,0,1079,0
0,0,0,775,0
1,1,0,1298,0
0,1,0,1978,0
1,0,0,369,0
1,0,0,166,1
1,0,0,283,1
0,0,0,107,1
0,0,0,110,1
0,0,0,190,1
1,0,0,271,1
0,0,0,2344,0
0,0,0,109,1
1,1,0,9732,0
1,0,0,293,1
1,0,0,173,1
1,0,0,178,1
1,0,0,2751,0
0,4,0,200,1
1,1,0,1952,0
3,0,0,801,0
3,3,0,1328,0
1,0,0,93,1
1,0,0,175,1
0,0,0,263,1
1,0,0,173,1
24,0,0,3921,1
9,0,0,6765,0
1,0,0,336,1
1,0,0,177,1
1,0,0,401,1
3,0,0,458,0
1,0,0,360,1
1,0,0,115,1
1,0,0,84,1
1,0,0,171,1
1,0,0,363,1
1,0,0,175,1
1,0,0,179,1
24,0,0,3921,1
0,0,0,216,1
24,0,0,3921,1
0,2,0,1925,0
4,2,0,6859,0
1,0,0,367,1
2,0,0,1985,0
2,0,0,2268,0
24,0,0,3897,1
0,0,0,2164,0
24,0,0,3921,1
3,0,0,1275,0
1,0,0,174,1
0,0,0,475,0
3,0,0,821,0
5,6,0,5002,0
0,0,0,129,1
0,0,0,2212,0
24,0,0,3897,1
2,0,0,1297,0
0,1,0,131,1
0,0,0,56,1
1,0,0,300,1
0,0,0,111,1
0,0,0,61,1
1,0,0,1312,0
1,6,0,3737,0
24,0,0,3921,1
1,0,0,316,1
1,0,0,85,1
1,0,0,172,1
24,0,0,3921,1
3,0,0,390,1
0,0,0,807,0
24,0,0,3921,1
1,0,0,4194,0
1,0,0,544,1
7,0,0,1036,0
1,0,0,519,1
24,0,0,3921,1
1,0,0,658,0
24,0,0,3921,1
24,0,0,3921,1
0,0,0,198,1
24,0,0,3894,1
1,1,0,502,0
3,0,0,520,0
5,0,0,12389,0
0,0,0,1623,0
2,0,0,1742,0
0,0,0,918,0
24,0,0,3906,1
24,0,0,3921,1
0,0,0,842,0
1,3,0,887,0
24,0,0,3899,1
4,0,0,5405,0
3,0,0,1351,0
24,0,0,3921,1
0,0,0,222,1
24,0,0,3921,1
0,0,0,173,1
1,0,0,173,1
2,2,0,3984,0
1,0,0,84,1
0,0,0,225,1
1,0,0,87,1
1,1,0,4940,0
24,0,0,3921,1
1,0,0,83,1
0,0,0,518,0
24,0,0,3921,1
24,0,0,3900,1
24,0,0,3899,1
29,6,0,6162,0
2,0,0,1786,0
24,0,0,3896,1
2,0,0,1919,0
3,0,0,668,0
2,0,0,2527,0
31,8,0,5986,0
2,0,0,459,0
2,0,0,819,0
0,0,0,107,1
0,0,0,88,1
1,0,0,549,0
0,0,0,109,1
0,0,0,111,1
3,0,0,873,0
7,0,0,1764,0
1,0,0,180,1
0,0,0,110,1
1,0,0,169,1
0,2,0,4911,0
6,1,0,6880,0
0,0,0,3844,0
24,0,0,3921,1
0,0,0,111,1
24,0,0,3921,1
0,5,0,4774,0
24,0,0,3895,1
2,0,0,6129,0
1,0,0,55,1
0,0,0,1527,0
24,0,0,3921,1
2,0,0,706,0
1,0,0,727,0
1,0,0,320,1
24,0,0,3921,1
24,0,0,3921,1
1,0,0,824,0
1,0,0,544,1
1,1,0,3152,0
2,0,0,4461,0
0,0,0,976,0
1,0,0,700,0
0,0,0,1343,0
1,0,0,217,1
1,0,0,691,0
4,0,0,1073,0
1,0,0,85,1
0,0,0,225,1
24,0,0,3921,1
1,1,0,407,1
2,0,0,982,0
0,0,0,202,1
0,0,0,164,1
1,0,0,142,1
2,0,0,2652,0
1,0,0,170,1
0,1,0,247,1
0,0,0,1136,0
1,0,0,420,1
0,1,0,135,1
1,0,0,286,1
1,0,0,175,1
0,0,0,299,1
1,0,0,321,1
2,0,0,1634,0
1,0,0,179,1
0,0,0,3247,0
0,1,0,631,0
0,0,0,397,0
0,0,0,765,0
1,0,0,1897,0
0,0,0,209,1
0,1,0,326,1
0,1,0,167,1
1,0,0,159,1
2,0,0,926,0
0,0,0,261,1
1,0,0,242,1
1,0,0,316,1
2,2,0,6894,0
1,0,0,252,1
62,2,0,23490,0
24,0,0,3921,1
1,0,0,177,1
1,0,0,90,1
0,0,0,271,1
0,0,0,706,0
1,0,0,225,1
1,0,0,112,1
24,0,0,3921,1
0,0,0,314,1
2,0,0,164,1
0,0,0,838,1
0,0,0,316,1
2,0,0,1266,0
2,0,0,1226,0
0,3,0,1166,0
3,1,0,3127,0
5,0,0,857,0
0,0,0,320,1
0,0,0,313,1
1,0,0,1595,0
1,0,0,83,1
0,0,0,726,0
1,0,0,171,1
1,0,0,327,0
1,0,0,392,1
0,0,0,118,1
5,0,0,566,0
0,0,0,76,0
24,0,0,3901,1
0,0,0,238,1
1,0,0,2129,0
24,0,0,3921,1
0,0,0,482,0
1,0,0,163,1
24,0,0,3898,1
24,0,0,3897,1
0,0,0,315,1
1,0,0,174,1
0,0,0,314,1
5,5,0,21868,0
2,0,0,994,0
2,0,0,824,0
3,2,0,11550,0
3,2,0,11550,0
1,0,0,877,0
3,3,0,1125,0
3,2,0,11550,0
4,1,0,2581,0
2,9,0,8285,0
1,0,0,50,1
1,0,0,342,1
0,0,0,129,1
0,8,0,4538,0
0,0,0,377,1
1,0,0,121,1
1,0,0,102,1
0,0,0,209,1
1,0,0,127,1
1,0,0,172,1
1,0,0,297,1
0,0,0,3678,0
1,0,0,338,1
1,0,0,179,1
0,2,0,137,1
0,1,0,158,1
2,0,0,5267,0
1,0,0,150,1
1,0,0,74,1
1,1,0,192,1
24,0,0,3921,1
1,0,0,351,1
2,0,0,2100,0
0,0,0,73,0
1,11,0,2105,0
0,8,0,4821,0
0,0,0,238,1
3,0,0,377,1
2,0,0,3739,0
1,0,0,130,1
1,0,0,336,1
1,0,0,573,1
0,0,0,2391,0
0,2,0,702,0
24,0,0,3921,1
1,0,0,275,1
1,0,0,172,1
1,0,0,455,1
1,0,0,562,1
4,0,0,1420,0
0,1,0,95,1
0,4,0,1139,0
0,0,0,224,1
0,0,0,240,1
1,4,0,2351,0
0,0,0,216,1
1,0,0,156,0
1,0,0,174,1
1,0,0,148,1
2,0,0,1304,0
2,0,0,558,0
0,0,0,1910,0
0,2,0,199,0
1,1,0,502,0
1,0,0,71,1
0,0,0,264,1
0,0,0,2012,0
0,0,0,226,0
24,0,0,3921,1
0,2,0,337,1
24,0,0,3921,1
24,0,0,3895,1
24,0,0,3896,1
1,0,0,173,1
0,2,0,1185,0
1,2,0,924,0
5,0,0,8537,0
2,0,0,867,0
0,0,0,311,1
0,1,0,155,1
4,1,0,919,0
1,0,0,173,1
3,0,0,4084,0
24,0,0,3921,1
1,0,0,166,1
0,0,0,999,0
0,0,0,316,1
1,4,0,815,1
1,0,0,172,1
8,0,0,1221,0
1,0,0,600,0
5,1,0,4951,0
4,0,0,1321,0
2,1,0,20568,0
0,0,0,2757,0
0,0,0,1088,0
24,0,0,3921,1
24,0,0,3897,1
1,0,0,164,1
6,0,0,8610,0
1,0,0,171,1
1,0,0,448,1
1,0,0,179,1
0,2,0,1035,0
1,0,0,308,1
0,0,0,57,1
2,0,0,716,0
1,0,0,130,1
1,0,0,564,1
1,0,0,72,1
1,0,0,170,1
1,0,0,307,1
2,0,0,854,0
0,0,0,217,1
5,0,0,2628,0
1,0,0,483,0
0,0,0,1491,0
1,0,0,1116,0
0,0,0,655,0
0,1,0,845,0
3,5,0,3271,0
0,0,0,150,0
1,0,0,339,1
2,0,0,553,0
2,0,0,1372,0
24,0,0,3921,1
0,0,0,1511,0
1,0,0,159,1
1,1,0,2140,0
1,0,0,172,1
0,0,0,970,0
1,0,0,171,1
1,0,0,186,1
24,0,0,3921,1
1,2,0,1026,0
2,0,0,674,0
0,0,0,463,0
2,0,0,1499,0
0,0,0,820,0
24,0,0,3921,1
0,0,0,222,1
24,0,0,3921,1
24,0,0,3921,1
0,4,0,746,0
6,2,0,2663,0
1,0,0,83,1
24,0,0,3898,1
4,1,0,1786,0
1,0,0,278,1
0,2,0,1106,0
1,0,0,282,1
1,0,0,383,1
0,1,0,113,1
1,0,0,73,1
2,0,0,180,1
2,0,0,812,0
0,1,0,670,0
1,8,0,1399,0
1,4,0,3189,0
1,0,0,179,1
24,0,0,3921,1
1,0,0,188,1
0,0,0,350,1
1,0,0,856,0
3,1,0,4991,0
2,2,0,1562,0
0,0,0,47,1
0,0,0,106,1
1,0,0,370,1
0,0,0,240,1
1,1,0,218,1
0,0,0,41,1
2,1,0,1065,0
1,0,0,673,1
1,0,0,355,1
1,0,0,3071,0
6,0,0,1710,0
0,5,0,525,0
1,0,0,193,1
1,0,0,282,1
1,0,0,425,0
0,0,0,47,1
0,0,0,106,1
1,0,0,621,0
1,1,0,317,1
1,0,0,206,1
0,0,0,799,1
0,1,0,132,1
1,0,0,545,1
2,0,0,1336,0
1,0,0,697,0
0,1,0,3121,0
0,1,0,2244,0
4,1,0,6743,0
2,2,0,2170,0
4,0,0,1063,0
2,0,0,1318,0
0,0,0,221,1
1,0,0,287,1
1,1,0,568,0
1,3,0,285,0
1,0,0,338,1
1,0,0,79,1
1,0,0,80,1
1,0,0,385,1
1,0,0,199,1
0,3,0,2652,0
2,0,0,1344,0
1,0,0,640,0
1,0,0,562,0
2,0,0,1428,0
1,0,0,81,1
1,0,0,179,1
0,0,0,47,1
5,0,0,8753,0
0,0,0,185,1
1,0,0,189,1
1,0,0,1203,0
1,0,0,95,1
3,0,0,7163,0
1,0,0,321,1
0,0,0,894,0
1,0,0,246,1
0,0,0,358,1
3,1,0,1878,0
1,0,0,174,1
3,1,0,2545,0
1,0,0,739,0
6,1,0,2374,0
2,1,0,1218,0
0,0,0,483,0
2,0,0,1151,0
1,0,0,76,1
1,0,0,235,1
1,0,0,224,1
2,0,0,4889,0
0,0,0,220,1
0,0,0,204,1
0,0,0,273,1
0,0,0,282,1
0,0,0,213,1
0,0,0,263,1
2,0,0,727,0
0,0,0,302,1
0,0,0,229,1
0,0,0,207,1
0,0,0,129,1
0,0,0,209,1
0,0,0,146,1
1,1,0,1382,0
0,0,0,231,1
1,1,0,323,1
0,0,0,234,1
2,0,0,1141,0
0,0,0,325,1
0,0,0,221,1
4,0,0,2470,0
0,0,0,269,1
0,0,0,224,1
2,0,0,685,0
0,0,0,470,0
0,0,0,1445,0
1,0,0,817,0
1,0,0,381,0
0,0,0,219,1
2,1,0,657,0
0,0,0,218,1
0,0,0,220,1
2,0,0,408,0
1,0,0,161,1
0,1,0,1848,0
2,0,0,2139,0
0,0,0,237,1
1,0,0,412,1
0,0,0,217,1
2,0,0,1873,0
1,0,0,182,1
6,0,0,2326,0
4,1,0,1077,1
24,0,0,3897,1
0,0,1,338,1
0,0,0,329,1
5,0,0,2374,0
0,0,0,1050,0
1,0,0,172,1
1,0,0,169,1
24,0,0,3921,1
1,0,0,1152,0
4,1,0,2128,0
5,0,0,4887,0
1,8,0,2322,0
5,1,0,6290,0
3,0,0,3371,0
0,0,0,52,1
4,0,0,1935,0
1,0,0,77,1
0,0,0,315,1
1,0,0,363,0
4,1,0,1077,1
2,0,0,335,1
24,0,0,3904,1
24,0,0,3896,1
2,0,0,1053,0
1,0,0,82,1
5,0,0,2052,0
2,0,0,891,0
5,0,0,1471,0
0,0,0,3165,0
1,3,0,609,0
1,0,0,207,1
1,0,0,75,1
0,0,0,56,1
1,0,0,240,1
0,0,0,680,0
1,0,0,80,1
2,1,0,3032,0
3,0,0,1499,0
1,0,0,169,1
1,0,0,169,1
1,0,0,1054,0
1,0,0,280,1
2,0,0,1021,0
0,0,0,1441,0
0,1,0,520,0
2,0,0,7177,0
2,0,0,2689,0
24,0,0,3897,1
1,0,0,169,1
0,0,0,1085,0
0,1,0,134,1
1,0,0,282,1
1,1,0,338,1
1,0,0,63,1
2,0,0,839,0
1,0,0,696,0
0,0,0,210,1
1,0,0,171,1
1,0,0,148,1
0,0,0,2008,0
1,0,0,172,1
0,0,0,198,1
0,0,0,907,0
0,0,0,219,1
2,0,0,5193,0
5,0,0,2401,0
5,1,0,2469,0
0,0,0,513,0
0,1,0,1061,0
1,0,0,66,1
0,0,0,209,1
1,0,0,606,1
2,0,0,904,0
1,0,0,169,1
1,0,0,171,1
5,0,0,2182,0
1,0,0,91,1
0,0,0,676,0
1,0,0,543,1
1,0,0,178,1
24,0,0,3897,1
0,0,0,49,1
0,0,0,199,1
2,2,0,2691,0
1,0,0,170,1
0,0,0,756,0
2,0,0,1967,0
0,0,0,739,0
1,0,0,729,0
2,2,0,2972,0
2,3,0,459,1
24,0,0,3921,1
1,0,0,182,1
2,0,0,964,0
1,0,0,173,1
0,0,0,45,1
1,0,0,258,1
0,0,0,1043,0
0,0,0,580,0
0,0,0,170,1
0,0,0,47,1
1,0,0,484,1
1,0,0,177,1
1,0,0,182,1
2,0,0,1300,0
1,0,0,169,1
0,0,0,39,1
3,1,0,1082,0
24,0,0,3921,1
1,0,0,168,1
0,0,0,273,0
1,0,0,65,1
0,0,0,1955,0
1,0,0,58,1
1,3,0,761,0
1,0,0,1107,0
6,1,0,1531,0
24,0,0,3921,1
0,0,0,106,1
1,0,0,869,1
3,0,0,2391,0
1,0,0,134,1
24,0,0,3921,1
0,0,0,313,1
1,0,0,199,1
0,1,0,2444,0
1,0,0,404,1
1,0,0,152,1
1,0,0,413,1
1,0,0,189,1
24,0,0,3921,1
24,0,0,3894,1
0,0,0,321,1
24,0,0,3921,1
14,0,0,4500,0
1,1,0,161,1
2,0,0,3033,0
24,0,0,3921,1
0,0,0,4399,0
1,1,0,1073,0
0,0,0,1401,0
3,0,0,1346,0
0,2,0,2023,0
3,0,0,967,0
1,0,0,172,1
24,0,0,3921,1
1,0,0,193,1
0,0,0,1474,0
1,0,0,71,1
1,0,0,301,1
1,0,0,262,1
3,2,0,1431,0
2,0,0,881,0
1,0,0,165,1
3,2,0,6360,0
1,0,0,303,1
1,2,0,715,1
0,0,0,1339,0
0,0,0,315,1
24,0,0,3921,1
1,0,0,785,0
0,0,0,1100,0
24,0,0,3921,1
1,0,0,86,1
1,0,0,492,0
1,0,0,271,1
0,0,0,84,1
6,0,0,3336,0
1,0,0,166,1
3,0,0,1005,0
0,0,0,50,1
1,0,0,481,1
24,0,0,3921,1
2,0,0,2548,0
1,0,0,716,0
1,0,0,523,1
0,4,0,14300,0
1,1,0,180,1
1,1,0,166,1
0,0,0,247,1
0,0,0,749,0
0,0,0,652,0
0,0,0,799,0
2,0,0,24534,0
24,0,0,3921,1
24,0,0,3921,1
3,0,0,4172,0
24,0,0,3921,1
0,0,0,212,1
24,0,0,3921,1
1,0,0,68,1
24,0,0,3921,1
2,0,0,470,0
24,0,0,3921,1
1,0,0,555,1
0,0,0,209,1
24,0,0,3921,1
1,0,0,785,0
1,0,0,478,1
0,0,0,229,0
3,0,0,859,0
2,0,0,744,0
0,0,0,688,0
2,0,0,1162,0
3,0,0,2392,0
3,0,0,1708,0
1,0,0,1691,0
1,0,0,340,1
24,0,0,3921,1
5,0,0,1320,0
24,0,0,3921,1
1,0,0,315,1
0,0,0,376,0
24,0,0,3921,1
24,0,0,3921,1
1,0,0,72,1
1,0,0,173,1
24,0,0,3921,1
1,0,0,86,1
24,0,0,3921,1
0,1,0,2303,0
0,3,0,1155,0
24,0,0,3921,1
1,2,0,2259,0
2,0,0,943,0
1,0,0,694,0
9,0,0,5568,0
2,0,0,439,0
0,0,0,990,0
5,0,0,1837,0
1,0,0,506,1
1,0,0,1215,0
4,2,0,3787,0
0,0,0,353,0
0,0,0,129,1
6,1,0,4302,0
1,0,0,63,1
1,0,0,491,1
0,0,0,282,1
0,0,0,36,1
1,0,0,171,1
2,0,0,189,1
24,0,0,3921,1
24,0,0,3921,1
1,0,0,223,1
0,0,0,848,1
1,0,0,1194,0
2,0,0,815,0
0,0,0,1940,0
1,0,0,242,1
1,0,0,1276,1
0,0,0,1328,0
1,0,0,178,1
2,1,0,1686,1
1,0,0,764,0
0,0,0,219,1
0,0,0,323,1
0,0,0,2694,0
24,0,0,3898,1
0,0,0,933,0
24,0,0,3921,1
0,0,0,203,1
1,0,0,171,1
1,0,0,866,0
6,0,0,2109,0
4,2,0,8450,0
0,0,0,1834,0
2,0,0,796,0
24,0,0,3921,1
24,0,0,3921,1
4,0,0,6573,0
0,0,0,260,1
1,0,0,415,1
2,0,0,1661,0
5,3,0,1314,0
1,0,0,164,1
0,0,0,375,1
0,0,0,268,1
24,0,0,3898,1
24,0,0,3898,1
24,0,0,3898,1
3,0,0,930,0
0,0,0,1180,0
1,0,0,2677,0
1,0,0,1205,0
3,0,0,2346,0
24,0,0,3921,1
0,0,0,316,1
3,0,0,1328,0
24,0,0,3898,1
24,0,0,3897,1
1,0,0,74,1
1,0,0,171,1
1,0,0,211,1
1,0,0,75,1
1,0,0,164,1
6,0,0,3210,0
24,0,0,3921,1
0,0,0,1151,0
24,0,0,3898,1
1,0,0,375,1
24,0,0,3898,1
1,0,0,260,1
1,0,0,666,0
1,0,0,62,1
24,0,0,3921,1
1,0,0,336,1
24,0,0,3921,1
3,0,0,2829,0
2,0,0,897,0
6,1,0,2890,0
2,1,0,3717,0
4,0,0,1255,0
0,0,0,1225,0
2,0,0,1221,0
24,0,0,3897,1
24,0,0,3898,1
1,0,0,169,1
24,0,0,3896,1
24,0,0,3898,1
24,0,0,3897,1
24,0,0,3921,1
1,0,0,1340,0
24,0,0,3898,1
24,0,0,3897,1
24,0,0,3898,1
2,0,0,1350,0
24,0,0,3897,1
1,0,0,289,1
0,0,0,1268,0
0,0,0,315,1
1,0,0,169,1
3,0,0,2958,0
1,0,0,266,1
24,0,0,3897,1
4,0,0,509,0
2,0,0,2456,0
3,0,0,1878,0
0,1,0,879,0
2,0,0,776,0
1,0,0,176,1
0,0,0,315,1
0,0,0,1129,0
0,0,0,210,1
24,0,0,3921,1
24,0,0,3921,1
0,0,0,412,0
1,0,0,279,1
1,0,0,175,1
3,0,0,1014,0
1,0,0,76,1
5,0,0,1400,0
1,0,0,92,1
1,0,0,94,1
0,0,0,1600,0
2,1,0,1119,0
0,0,0,374,0
0,2,0,397,1
24,0,0,3921,1
1,1,0,319,1
3,2,0,1726,0
1,0,0,405,1
1,0,0,553,1
0,0,0,657,0
24,0,0,3897,1
24,0,0,3895,1
2,0,0,830,0
1,0,0,327,1
2,0,0,831,0
2,1,0,4914,0
3,0,0,1940,0
0,0,0,414,0
3,0,0,1321,0
0,0,0,869,1
1,0,0,689,0
1,0,0,499,1
1,0,0,368,1
0,0,0,809,0
1,0,0,90,1
3,0,0,5261,0
0,0,0,221,1
0,0,0,861,1
24,0,0,3898,1
0,5,0,585,0
1,0,0,228,1
2,0,0,1406,0
1,0,0,195,1
24,0,0,3898,1
1,1,0,259,1
0,0,0,932,0
0,0,0,818,1
1,0,0,169,1
1,1,0,169,1
1,0,0,169,1
24,0,0,3921,1
1,1,0,66,1
24,0,0,3921,1
1,0,0,169,1
1,0,0,177,1
5,0,0,1830,0
1,0,0,470,1
2,0,0,1349,0
0,0,0,1913,0
0,0,0,893,0
0,0,0,845,0
1,0,0,1657,0
4,0,0,740,0
1,0,0,87,1
1,0,0,353,1
0,0,0,273,1
1,0,0,165,1
1,0,0,1681,0
1,0,0,502,1
1,0,0,479,1
1,0,0,80,1
0,0,0,878,0
1,1,0,227,1
0,0,0,313,1
1,0,0,237,1
5,0,0,7112,0
0,0,0,854,0
1,0,0,757,0
1,0,0,78,1
24,0,0,3921,1
1,0,0,204,1
1,0,0,94,1
4,0,0,588,0
1,0,0,172,1
0,0,0,1161,0
24,0,0,3898,1
24,0,0,3921,1
2,0,0,3544,0
1,0,0,76,1
2,0,0,804,0
3,2,0,1891,0
4,0,0,822,0
1,2,0,2141,0
0,0,0,580,0
1,0,0,1573,0
2,0,0,1023,0
24,0,0,3897,1
1,0,0,317,1
0,0,0,1854,0
0,0,0,252,1
1,0,0,227,1
24,0,0,3898,1
24,0,0,3897,1
1,0,0,234,1
3,0,0,796,0
1,0,0,364,1
1,1,0,258,1
1,0,0,677,1
1,0,0,235,1
5,0,0,2575,0
0,0,0,152,1
0,0,0,349,0
24,0,0,3897,1
24,0,0,3921,1
1,0,0,176,1
3,1,0,3784,0
3,0,0,1524,0
0,0,0,613,0
3,0,0,385,0
2,0,0,5990,0
0,0,0,1747,0
1,0,0,267,1
24,0,0,3898,1
0,0,0,315,0
1,0,0,251,1
1,0,0,209,1
2,0,0,661,0
1,0,0,260,1
0,0,0,208,1
24,0,0,3898,1
24,0,0,3909,1
1,0,0,461,1
3,0,0,1330,0
0,0,0,316,1
0,0,0,335,1
3,0,0,1089,0
1,0,0,565,1
1,0,0,1636,0
1,1,0,492,0
0,0,0,271,1
0,0,0,2654,0
1,1,0,493,0
7,1,0,6572,0
0,0,0,316,1
24,0,0,3897,1
24,0,0,3898,1
0,0,0,1759,0
24,0,0,3898,1
1,0,0,171,1
5,0,0,2118,0
0,0,0,188,0
0,0,0,129,1
24,0,0,3898,1
24,0,0,3921,1
1,0,0,251,1
2,0,0,2168,0
0,0,0,940,0
0,0,0,100,0
3,0,0,954,0
3,0,0,794,0
2,0,0,2326,0
0,0,0,192,1
24,0,0,3898,1
24,0,0,3897,1
0,0,0,102,1
4,1,0,1077,1
2,0,0,5605,0
24,0,0,3898,1
0,0,0,509,0
2,0,0,822,0
1,1,0,331,0
4,0,0,501,0
0,0,0,468,1
3,0,0,601,0
24,0,0,3898,1
24,0,0,3897,1
24,0,0,3898,1
0,0,0,1579,0
24,0,0,3921,1
1,0,0,2239,0
1,0,0,165,1
1,0,0,171,1
0,0,0,191,1
1,0,0,77,1
0,0,0,520,0
0,1,0,41,1
1,0,0,885,0
2,0,0,727,0
1,0,0,1488,0
1,0,0,3724,0
4,2,0,2088,0
0,0,0,1013,0
1,0,0,173,1
3,0,0,1532,0
1,0,0,170,1
24,0,0,3898,1
1,0,0,172,1
1,0,0,180,1
1,0,0,180,1
1,0,0,172,1
1,0,0,175,1
1,0,0,111,1
0,0,0,142,1
24,0,0,3898,1
1,0,0,173,1
0,0,0,184,0
3,2,0,1152,0
24,0,0,3898,1
0,0,0,1248,0
3,0,0,1425,0
1,0,0,236,1
0,0,0,189,1
24,0,0,3897,1
1,0,0,319,1
24,0,0,3898,1
5,0,0,996,0
7,0,0,2600,0
1,0,0,170,1
1,0,0,237,1
24,0,0,3898,1
24,0,0,3897,1
0,1,0,2498,0
1,0,0,60,1
0,0,0,1344,0
24,0,0,3898,1
7,0,0,1505,0
1,0,0,878,0
1,0,0,246,1
1,0,0,263,1
0,0,0,230,1
0,0,0,129,1
1,0,0,631,0
1,0,0,177,1
0,0,0,3110,0
24,0,0,3898,1
0,0,0,388,1
1,0,0,81,1
3,0,0,2110,0
2,0,0,813,0
2,0,0,663,0
1,0,0,582,0
1,5,0,571,0
0,0,0,544,0
1,0,0,70,1
24,0,0,3898,1
1,0,0,89,1
1,0,0,180,1
1,0,0,219,1
1,0,0,87,1
3,0,0,3726,0
0,0,0,528,0
0,0,0,501,0
1,0,0,180,1
24,0,0,3898,1
24,0,0,3898,1
0,1,0,1501,0
0,1,0,797,0
0,0,0,220,1
24,0,0,3898,1
24,0,0,3898,1
2,0,0,980,0
24,0,0,3921,1
1,0,0,4577,0
4,0,0,2182,0
0,0,0,714,0
2,0,0,767,0
0,1,0,3127,0
24,0,0,3898,1
4,0,0,7930,0
1,0,0,113,1
1,0,0,83,1
0,0,0,129,1
0,0,0,511,1
24,0,0,3897,1
0,0,0,352,1
0,0,0,225,1
1,0,0,79,1
0,0,0,836,0
1,0,0,171,1
0,0,0,772,0
24,0,0,3897,1
2,0,0,4390,0
24,0,0,3897,1
1,0,0,179,1
24,0,0,3898,1
2,0,0,662,0
0,0,0,226,1
1,0,0,898,0
1,0,0,154,1
1,0,0,174,1
24,0,0,3897,1
1,0,0,829,0
1,0,0,2903,0
0,0,0,946,0
0,0,0,3350,0
1,1,0,1034,0
1,0,0,182,1
24,0,0,3898,1
0,2,0,304,1
24,0,0,3921,1
1,0,0,275,1
24,0,0,3897,1
1,0,0,169,1
1,0,0,158,1
2,1,0,1512,0
1,0,0,392,1
1,0,0,280,1
1,0,0,248,1
1,0,0,212,1
1,0,0,178,1
24,0,0,3898,1
1,0,0,153,1
1,0,0,155,1
1,0,0,170,1
0,0,0,301,1
0,0,0,318,1
0,0,0,2791,0
1,0,0,337,1
1,0,0,328,1
4,0,0,3126,0
0,0,0,787,0
5,0,0,1979,0
1,3,0,1602,0
24,0,0,3897,1
24,0,0,3898,1
2,0,0,7371,0
1,0,0,296,1
1,0,0,351,1
24,0,0,3898,1
1,0,0,261,1
0,0,0,646,0
0,0,0,221,1
1,0,0,212,1
1,0,0,307,1
1,0,0,322,1
1,0,0,313,1
2,0,0,1633,0
1,0,0,346,1
1,0,0,76,1
1,2,0,1143,0
1,0,0,398,1
1,0,0,352,1
1,1,0,687,0
24,0,0,3897,1
1,0,0,455,1
1,0,0,308,1
24,0,0,3898,1
1,0,0,366,1
24,0,0,3898,1
1,0,0,263,1
2,0,0,648,0
1,0,0,318,1
1,0,0,295,1
24,0,0,3921,1
1,1,0,185,1
24,0,0,3921,1
1,0,0,575,0
1,0,0,255,1
1,0,0,132,1
0,0,0,318,0
1,0,0,183,1
2,0,0,726,0
1,0,0,258,1
1,0,0,340,1
1,0,0,372,1
24,0,0,3898,1
1,0,0,497,1
1,0,0,165,1
1,0,0,545,0
1,0,0,224,1
24,0,0,3921,1
1,0,0,260,1
1,0,0,279,1
1,0,0,321,1
1,0,0,190,1
0,0,0,148,1
24,0,0,3898,1
1,0,0,764,0
1,0,0,201,1
1,0,0,317,1
1,0,0,282,1
2,0,0,2580,0
1,0,0,736,0
1,0,0,1153,0
24,0,0,3897,1
0,2,0,1010,1
24,0,0,3897,1
1,0,0,170,1
1,0,0,267,1
1,0,0,265,1
1,0,0,309,1
1,1,0,309,1
0,0,0,2012,0
1,0,0,183,1
1,0,0,363,1
1,0,0,190,1
24,0,0,3898,1
1,0,0,274,1
4,1,0,2572,0
1,0,0,427,1
1,0,0,183,1
1,0,0,168,1
4,1,0,2577,0
3,0,0,5396,0
1,0,0,267,1
1,0,0,307,1
1,0,0,373,1
1,0,0,383,1
1,0,0,94,1
1,0,0,290,1
0,0,0,132,1
1,1,0,1066,0
1,0,0,232,1
1,0,0,326,1
0,0,0,2467,0
1,8,0,2438,0
0,0,0,4108,0
0,0,0,2093,0
1,0,0,283,1
1,0,0,155,1
1,0,0,158,1
1,0,0,311,1
1,0,0,789,0
1,0,0,304,1
6,3,0,1526,0
2,0,0,1036,0
24,0,0,3896,1
1,1,0,186,1
1,0,0,163,1
2,0,0,491,0
1,0,0,434,0
9,0,0,3292,0
2,0,0,158,1
1,0,0,668,0
1,0,0,162,1
0,0,0,212,1
0,0,0,871,0
1,0,0,155,1
24,0,0,3898,1
24,0,0,3898,1
24,0,0,3897,1
24,0,0,3894,1
1,0,0,187,1
5,1,0,6894,0
1,0,0,286,1
24,0,0,3897,1
1,0,0,312,1
0,0,0,222,0
2,0,0,1959,0
1,0,0,1951,0
2,0,0,514,0
1,0,0,330,1
1,0,0,225,1
1,0,0,233,1
1,0,0,420,0
1,0,0,492,1
1,0,0,91,1
1,0,0,335,1
1,0,0,333,1
1,1,0,211,1
2,0,0,893,0
1,0,0,159,1
3,0,0,1114,0
0,0,0,211,1
1,0,0,1527,0
1,0,0,190,1
2,0,0,4172,0
1,0,0,313,1
2,0,0,882,0
24,0,0,3897,1
1,0,0,238,1
3,2,0,1566,0
1,0,0,239,1
1,0,0,314,1
2,0,0,2606,0
1,0,0,334,1
1,0,0,292,1
2,0,0,392,0
1,0,0,231,1
24,0,0,3898,1
2,1,0,5960,0
24,0,0,3898,1
0,0,0,143,1
0,0,0,831,1
1,0,0,315,1
1,0,0,193,1
1,0,0,175,1
0,0,0,454,1
0,0,0,146,1
1,0,0,64,1
1,0,0,307,1
2,1,0,3925,0
24,0,0,3898,1
24,0,0,3896,1
0,0,0,200,1
24,0,0,3897,1
1,0,0,219,1
2,0,0,1364,0
1,0,0,380,1
1,0,0,176,1
1,5,0,5341,0
0,2,0,1139,0
2,0,0,1001,0
2,0,0,4605,0
1,0,0,379,1
24,0,0,3898,1
1,0,0,313,1
1,0,0,215,1
6,1,0,6396,0
1,0,0,378,1
3,0,0,1443,0
1,0,0,86,1
1,0,0,454,1
1,0,0,177,1
24,0,0,3898,1
24,0,0,3897,1
0,0,0,96,1
1,0,0,457,1
1,1,0,197,1
1,0,0,249,1
0,1,0,590,0
1,0,0,92,1
3,0,0,955,0
3,0,0,910,0
2,1,0,1790,0
3,0,0,1782,0
4,2,0,2326,0
24,0,0,3897,1
1,0,0,306,1
1,0,0,213,1
6,1,0,1011,0
0,0,0,5818,0
24,0,0,3898,1
24,0,0,3898,1
24,0,0,3897,1
1,0,0,175,1
0,0,0,1172,0
6,0,0,1412,1
1,0,0,332,1
24,0,0,3898,1
6,1,0,1016,0
0,0,0,238,1
2,0,0,1233,0
1,0,0,312,1
24,0,0,3898,1
24,0,0,3898,1
24,0,0,3898,1
0,0,0,504,1
0,0,0,1326,0
3,0,0,741,0
1,0,0,2212,0
2,0,0,710,0
1,0,0,157,1
1,1,0,174,1
1,0,0,326,1
1,0,0,258,1
24,0,0,3898,1
1,0,0,184,1
3,1,0,3262,0
1,0,0,396,0
3,1,0,3651,0
1,0,0,311,1
24,0,0,3898,1
1,0,0,498,1
6,1,0,1500,0
24,0,0,3897,1
24,0,0,3897,1
6,1,0,1505,0
1,0,0,189,1
1,0,0,316,1
24,0,0,3897,1
1,0,0,385,1
0,1,0,375,0
1,0,0,160,1
7,1,0,3568,0
0,0,0,473,0
1,0,0,170,1
24,0,0,3898,1
1,0,0,548,1
1,0,0,279,1
1,0,0,358,1
1,0,0,172,1
0,0,0,2575,0
24,0,0,3921,1
0,0,0,287,1
0,0,0,310,0
24,0,0,3904,1
1,0,0,203,1
24,0,0,3897,1
2,0,0,539,0
1,0,0,256,1
24,0,0,3897,1
24,0,0,3897,1
24,0,0,3898,1
24,0,0,3898,1
1,0,0,785,0
2,1,0,1113,0
0,0,0,133,0
1,0,0,456,0
5,0,0,7090,0
0,0,0,1991,0
0,0,0,611,0
0,0,0,68,1
0,0,0,22,1
1,0,0,305,0
1,0,0,57,1
0,0,0,103,1
1,0,0,79,1
0,0,0,332,0
1,0,0,88,1
1,0,0,197,1
24,0,0,3898,1
24,0,0,3898,1
24,0,0,3898,1
1,0,0,313,1
0,0,0,211,1
0,1,0,477,0
1,0,0,561,1
0,0,0,379,0
0,0,0,86,1
2,0,0,842,0
1,0,0,72,1
24,0,0,3898,1
1,0,0,359,1
1,0,0,91,1
2,0,0,690,0
3,0,0,2986,0
0,0,0,30,0
1,0,0,500,1
2,0,0,695,0
2,0,0,3707,0
0,0,0,1633,0
2,0,0,651,0
0,0,0,650,0
2,0,0,602,0
0,0,0,88,1
1,0,0,365,1
0,0,0,329,1
24,0,0,3898,1
2,0,0,646,0
24,0,0,3898,1
3,0,0,1086,0
1,0,0,211,1
1,0,0,246,1
24,0,0,3921,1
1,0,0,131,1
3,0,0,1783,0
0,0,0,75,0
24,0,0,3909,1
2,0,0,3206,0
1,2,0,706,0
2,0,0,1849,0
0,0,0,139,0
0,1,0,870,0
0,0,0,128,1
1,0,0,156,1
24,0,0,3897,1
24,0,0,3898,1
1,0,0,118,1
1,0,0,238,1
0,0,0,91,1
1,0,0,148,1
0,0,0,220,1
2,0,0,163,1
1,0,0,140,1
1,0,0,203,1
1,0,0,179,1
0,0,0,265,1
0,0,0,185,1
2,0,0,1038,0
24,0,0,3898,1
24,0,0,3898,1
1,0,0,301,1
3,0,0,289,0
1,0,0,168,1
1,0,0,180,1
1,0,0,151,1
1,0,0,173,1
0,0,0,198,1
1,0,0,273,1
0,0,0,143,1
1,0,0,191,1
1,0,0,252,1
1,0,0,187,1
1,0,0,157,1
24,0,0,3898,1
1,0,0,149,1
1,0,0,196,1
1,0,0,234,1
1,0,0,167,1
1,0,0,199,1
1,0,0,412,1
1,0,0,151,1
1,0,0,186,1
24,0,0,3898,1
1,0,0,173,1
24,0,0,3897,1
24,0,0,3898,1
1,0,0,464,1
1,0,0,160,1
1,0,0,484,1
1,0,0,151,1
1,0,0,178,1
1,0,0,178,1
1,0,0,125,1
1,0,0,228,1
0,0,0,43,1
2,0,0,1018,0
24,0,0,3898,1
1,0,0,153,1
1,0,0,172,1
1,0,0,223,1
1,1,0,191,1
1,0,0,427,1
1,0,0,213,1
1,0,0,208,1
1,0,0,292,1
24,0,0,3897,1
1,0,0,308,1
1,0,0,209,1
1,0,0,72,1
0,0,0,459,0
0,0,0,1156,0
3,0,0,1169,0
1,0,0,156,1
1,0,0,189,1
1,0,0,169,1
1,0,0,209,1
1,0,0,133,1
1,0,0,183,1
1,1,0,165,1
1,1,0,141,1
24,0,0,3897,1
24,0,0,3897,1
1,0,0,153,1
1,0,0,182,1
24,0,0,3897,1
1,0,0,259,1
1,1,0,271,1
1,0,0,198,1
1,0,0,315,1
1,0,0,189,1
1,0,0,319,1
1,0,0,187,1
1,0,0,214,1
1,0,0,227,1
1,0,0,250,1
3,0,0,1318,0
1,0,0,1114,1
1,0,0,182,1
1,0,0,455,1
1,0,0,1726,0
1,0,0,188,1
1,0,0,208,1
24,0,0,3898,1
2,0,0,1093,0
1,0,0,193,1
1,0,0,244,1
1,0,0,176,1
1,0,0,179,1
1,0,0,314,1
1,0,0,149,1
0,0,0,382,0
1,0,0,163,1
1,0,0,382,1
1,0,0,185,1
1,0,0,405,1
1,0,0,402,1
1,0,0,200,1
1,0,0,279,1
1,0,0,402,1
1,0,0,166,1
1,0,0,301,1
24,0,0,3896,1
1,0,0,220,1
1,0,0,236,1
1,0,0,175,1
1,0,0,124,1
1,0,0,151,1
1,0,0,150,1
2,1,0,2467,0
1,0,0,150,1
1,0,0,244,1
1,0,0,188,1
1,0,0,2129,0
1,0,0,244,1
1,0,0,240,1
1,0,0,150,1
24,0,0,3897,1
24,0,0,3897,1
1,0,0,414,1
1,0,0,187,1
1,0,0,184,1
1,0,0,201,1
2,0,0,414,0
1,0,0,261,1
1,0,0,313,1
1,0,0,205,1
0,0,0,1266,0
1,0,0,486,1
1,0,0,208,1
1,0,0,378,1
1,0,0,307,1
1,0,0,338,1
2,0,0,337,1
1,0,0,132,1
1,0,0,1565,0
24,0,0,3897,1
2,1,0,2168,0
1,0,0,304,0
0,0,0,225,1
1,0,0,265,1
1,0,0,414,1
3,0,0,581,0
1,0,0,409,1
1,0,0,330,1
1,0,0,221,1
1,0,0,184,1
1,1,0,488,0
1,0,0,329,1
1,0,0,218,1
1,0,0,336,1
1,0,0,195,1
7,0,0,2565,0
1,1,0,140,1
1,0,0,217,1
1,0,0,378,1
3,0,0,695,0
1,0,0,206,1
2,0,0,1362,0
1,0,0,306,1
1,0,0,230,1
0,0,0,1522,0
1,0,0,596,1
1,0,0,306,1
2,0,0,1621,0
1,0,0,206,1
1,0,0,184,1
24,0,0,3898,1
1,0,0,592,0
24,0,0,3898,1
1,0,0,320,1
1,0,0,383,1
1,0,0,244,1
1,0,0,279,1
1,0,0,182,1
1,0,0,237,1
24,0,0,3898,1
1,0,0,344,1
0,0,0,445,0
1,0,0,353,1
1,0,0,244,1
0,0,0,59,1
1,0,0,353,1
1,0,0,284,1
1,0,0,283,1
1,0,0,332,1
1,1,0,190,1
2,0,0,346,0
24,0,0,3898,1
24,0,0,3898,1
1,0,0,310,1
1,0,0,251,1
8,0,0,5647,0
1,0,0,219,1
1,0,0,287,1
1,0,0,249,1
1,0,0,124,1
2,0,0,3358,0
2,1,0,1482,0
1,0,0,254,1
1,0,0,174,1
1,0,0,2568,0
1,0,0,167,1
1,0,0,165,1
3,0,0,1281,0
0,0,0,256,1
1,0,0,500,1
2,0,0,1200,0
3,0,0,1077,0
1,0,0,171,1
1,0,0,219,1
1,0,0,585,1
2,0,0,662,0
1,0,0,163,1
4,0,0,2102,0
1,0,0,263,1
1,0,0,302,1
24,0,0,3898,1
1,0,0,178,1
0,0,0,313,1
2,0,0,1231,0
1,0,0,252,1
1,0,0,228,1
1,0,0,523,1
24,0,0,3898,1
0,0,0,491,0
1,0,0,80,1
1,0,0,165,1
0,0,0,598,0
1,0,0,127,1
2,0,0,3588,0
24,0,0,3921,1
2,0,0,1189,0
1,0,0,70,1
1,0,0,250,1
1,0,0,683,0
1,0,0,171,1
1,0,0,581,0
2,0,0,819,0
1,0,0,1950,0
1,2,0,890,0
0,0,0,960,0
1,0,0,193,1
1,0,0,161,1
0,0,0,314,1
1,0,0,529,1
1,0,0,162,1
0,0,0,321,1
1,0,0,160,1
2,0,0,874,0
1,0,0,215,1
1,0,0,160,1
1,0,0,326,1
2,0,0,883,0
1,0,0,107,1
4,2,0,5406,0
1,0,0,162,1
1,0,0,279,1
1,0,0,298,1
1,0,0,261,1
1,0,0,328,1
2,0,0,723,0
1,0,0,323,1
1,0,0,309,1
1,1,0,290,1
1,0,0,169,1
1,0,0,356,1
2,2,0,1516,0
1,0,0,84,1
1,0,0,280,1
1,0,0,327,1
1,0,0,162,1
2,0,0,336,1
2,0,0,524,0
0,0,0,1972,0
8,0,0,2781,0
24,0,0,3896,1
1,0,0,330,1
1,0,0,302,1
4,0,0,5706,0
1,0,0,288,1
0,0,0,202,1
1,0,0,328,1
1,0,0,314,1
5,0,0,6301,0
0,0,0,240,1
1,0,0,307,1
0,3,0,206,0
0,0,0,59,1
1,0,0,292,1
1,0,0,275,1
2,3,0,2937,0
1,0,0,327,1
1,0,0,160,1
1,0,0,513,0
1,0,0,975,0
1,0,0,279,1
1,0,0,83,1
0,0,0,484,0
1,0,0,668,0
4,0,0,6457,0
0,0,0,297,0
1,0,0,292,1
0,0,0,216,1
1,0,0,385,1
24,0,0,3921,1
0,0,0,273,1
0,0,0,958,0
0,0,0,40,1
0,0,0,414,0
0,0,0,283,1
0,0,0,823,0
0,1,0,2241,0
2,0,0,942,0
0,0,0,1002,0
3,0,0,1263,0
4,0,0,2400,0
0,0,0,44,1
2,0,0,933,0
0,0,0,234,1
1,0,0,163,1
1,0,0,176,1
24,0,0,3898,1
1,0,0,295,1
1,0,0,527,1
1,0,0,2033,0
0,0,0,173,0
1,0,0,1545,0
1,0,0,551,0
24,0,0,3897,1
24,0,0,3899,1
2,0,0,1457,0
1,0,0,229,1
0,0,0,1807,0
0,0,0,1056,0
0,0,0,89,1
1,0,0,163,1
1,0,0,289,1
0,0,0,65,1
0,0,0,50,1
1,0,0,108,1
0,0,0,251,1
1,0,0,110,1
0,0,0,323,1
1,0,0,99,1
2,0,0,1935,0
0,1,0,1501,0
8,0,0,6555,0
2,0,0,1964,0
0,0,0,51,1
1,0,0,166,1
0,0,0,245,1
0,4,0,2863,0
0,2,0,765,0
24,0,0,3898,1
0,0,0,247,1
0,0,0,97,1
2,0,0,4300,0
0,0,0,262,1
0,0,0,209,1
24,0,0,3921,1
2,0,0,1104,0
0,0,0,275,1
0,0,0,443,0
0,0,0,964,0
0,0,0,3076,0
2,0,0,583,0
3,0,0,4225,0
4,0,0,2366,0
2,0,0,1028,0
3,0,0,776,0
1,0,0,99,1
4,0,0,5418,0
0,0,0,1069,0
0,1,0,780,0
3,0,0,1255,0
24,0,0,3898,1
0,0,0,375,0
0,0,0,290,1
1,0,0,415,1
0,0,0,257,1
0,0,0,196,1
0,1,0,1067,0
24,0,0,3921,1
0,0,0,317,1
1,0,0,411,1
0,0,0,1853,0
24,0,0,3898,1
0,0,0,1268,0
24,0,0,3897,1
0,0,0,319,1
1,0,0,116,1
4,0,0,1001,0
0,0,0,204,1
1,0,0,173,1
0,0,0,2085,0
24,0,0,3897,1
1,0,0,171,1
45,0,0,36037,0
0,1,0,1177,1
0,0,0,951,0
24,0,0,3897,1
0,0,0,443,0
1,0,0,75,1
3,1,0,6743,0
3,0,0,1212,0
0,0,0,591,0
2,0,0,2804,0
4,0,0,2562,0
24,0,0,3898,1
0,0,0,1352,0
1,0,0,426,1
2,0,0,1011,0
1,0,0,177,1
24,0,0,3897,1
24,0,0,3921,1
1,0,0,88,1
8,0,0,1820,0
1,0,0,251,1
0,3,0,684,0
1,0,0,354,1
0,0,0,41,1
0,0,0,88,1
24,0,0,3898,1
0,0,0,416,0
0,0,0,26,0
2,0,0,1550,0
3,3,0,1670,0
4,6,0,7771,0
24,0,0,3898,1
0,0,0,91,1
24,0,0,3898,1
24,0,0,3898,1
2,0,0,1547,0
1,0,0,274,1
1,0,0,342,1
1,0,0,503,0
24,0,0,3897,1
73,10,0,26830,0
0,0,0,323,1
1,0,0,1518,0
1,0,0,52,1
2,0,0,1567,0
0,0,0,392,0
24,0,0,3898,1
5,0,0,980,0
2,0,0,6093,0
0,1,0,738,0
1,0,0,398,1
24,0,0,3898,1
24,0,0,3897,1
24,0,0,3898,1
4,0,0,1390,0
2,3,0,4268,0
7,3,0,4854,0
0,0,0,221,1
5,0,0,1396,0
0,0,0,1257,0
2,0,0,888,0
1,0,0,175,1
3,1,0,5283,0
0,0,0,311,1
1,0,0,164,1
1,0,0,265,1
2,0,0,1147,0
0,0,0,302,0
24,0,0,3898,1
5,0,0,13847,0
24,0,0,3897,1
24,0,0,3896,1
1,0,0,65,1
1,0,0,1802,0
1,1,0,694,0
0,1,0,1132,0
0,0,0,828,0
1,0,0,77,1
24,0,0,3897,1
0,0,0,194,1
1,0,0,325,1
1,0,0,89,1
1,0,0,201,1
0,0,0,33,1
8,0,0,8605,0
1,1,0,259,1
1,0,0,300,1
1,0,0,162,1
4,0,0,788,0
24,0,0,3897,1
1,0,0,296,1
1,0,0,293,1
1,0,0,308,1
0,0,0,37,1
0,0,0,1004,0
2,0,0,1097,0
2,0,0,1541,0
2,0,0,1579,0
1,0,0,285,1
1,0,0,286,1
24,0,0,3898,1
24,0,0,3899,1
1,2,0,923,0
1,0,0,163,1
1,0,0,163,1
1,0,0,211,1
2,0,0,812,0
3,0,0,2320,0
2,0,0,715,0
3,0,0,1228,0
2,1,0,1019,0
6,0,0,6189,0
2,0,0,1797,0
0,0,0,1439,0
1,0,0,337,1
1,0,0,359,1
0,0,0,117,1
24,0,0,3897,1
0,0,0,40,1
3,0,0,590,0
3,0,0,2693,0
2,0,0,1232,0
0,1,0,3658,0
2,0,0,1540,0
0,0,0,682,0
0,0,0,964,0
0,0,0,316,1
24,0,0,3894,1
0,0,0,324,1
3,2,0,4465,0
0,0,0,80,1
2,0,0,1009,0
7,0,0,1767,0
0,0,0,1044,0
10,1,0,11475,0
1,0,0,134,1
24,0,0,3898,1
2,0,0,2047,0
0,0,0,66,1
1,0,0,290,1
2,0,0,1770,0
0,0,0,539,0
0,0,0,243,1
3,3,0,1232,0
1,0,0,169,1
2,0,0,1623,0
24,0,0,3921,1
0,0,0,43,1
0,0,0,44,1
0,1,0,1992,0
24,0,0,3898,1
0,0,0,42,1
50,2,0,10592,0
2,0,0,1699,0
0,0,0,59,1
24,0,0,3896,1
3,0,0,4232,0
1,0,0,182,1
4,0,0,703,0
2,0,0,434,0
0,0,0,187,0
2,0,0,706,0
6,2,0,7030,0
0,0,0,1443,0
2,0,0,866,0
24,0,0,3921,1
3,3,0,1019,0
3,1,0,4935,0
1,0,0,288,1
3,0,0,396,0
11,3,0,1861,0
5,0,0,3816,0
24,0,0,3898,1
2,0,0,1157,0
1,0,0,68,1
1,0,0,308,1
2,0,0,815,0
0,0,0,97,1
0,0,0,107,1
0,0,0,2315,0
0,0,0,87,1
0,0,0,204,1
5,5,0,11926,0
0,0,0,2898,0
0,0,0,225,1
2,0,0,1557,0
1,0,0,409,1
0,0,0,44,1
0,0,0,624,0
4,0,0,1145,0
3,1,0,861,0
1,0,0,259,1
0,0,0,1039,0
1,0,0,146,1
2,0,0,1016,1
1,0,0,174,1
24,0,0,3897,1
2,0,0,1552,0
4,1,0,2858,0
1,0,0,3406,0
3,0,0,699,0
24,0,0,3908,1
2,0,0,468,0
2,0,0,1848,0
1,0,0,322,1
0,0,0,316,1
2,0,0,795,0
1,0,0,87,1
1,0,0,354,1
1,0,0,387,1
1,0,0,170,1
0,0,0,3343,0
1,1,0,1198,0
24,0,0,3898,1
24,0,0,3897,1
0,0,0,218,1
1,0,0,1721,0
1,0,0,367,1
1,0,0,888,0
2,0,0,962,0
2,0,0,800,0
0,0,0,227,1
1,0,0,674,0
0,0,0,107,1
0,0,0,1255,0
1,0,0,547,1
3,0,0,431,0
1,0,0,337,1
1,0,0,190,1
0,0,0,207,1
24,0,0,3897,1
2,0,0,656,0
0,0,0,266,1
2,0,0,454,0
1,0,0,190,1
1,0,0,268,1
1,0,0,279,1
0,0,0,45,1
0,0,0,129,1
1,0,0,283,1
0,0,0,309,1
1,0,0,260,1
0,0,0,317,1
1,0,0,159,1
0,0,0,1027,0
1,0,0,84,0
6,2,0,2260,0
2,0,0,2425,0
24,0,0,3897,1
2,0,0,1437,0
1,0,0,554,1
1,0,0,319,1
1,1,0,310,1
1,0,0,241,1
0,0,0,216,1
1,0,0,103,1
0,0,0,321,0
3,0,0,952,0
2,0,0,1174,0
24,0,0,3897,1
15,11,0,10643,0
24,0,0,3898,1
1,0,0,344,1
1,1,0,243,1
1,0,0,143,1
1,0,0,140,1
0,0,0,237,1
24,0,0,3897,1
24,0,0,3898,1
1,0,0,139,1
1,0,0,173,1
24,0,0,3898,1
1,0,0,751,0
2,0,0,1744,0
24,0,0,3897,1
1,0,0,62,0
2,0,0,1539,0
0,0,0,446,0
3,2,0,913,0
1,0,0,143,1
0,2,0,137,1
24,0,0,3897,1
24,0,0,3898,1
24,0,0,3897,1
1,0,0,562,0
0,2,0,144,1
0,1,0,159,1
1,0,0,2455,0
1,0,0,140,1
1,0,0,175,1
1,0,0,178,1
1,0,0,172,1
3,0,0,797,0
0,0,0,203,1
1,0,0,200,1
2,0,0,1544,0
1,0,0,390,1
1,0,0,140,1
24,0,0,3921,1
3,0,0,1744,0
2,0,0,2080,0
2,0,0,1408,0
2,0,0,1212,0
24,0,0,3898,1
6,0,0,2207,0
1,0,0,114,1
1,0,0,178,1
1,0,0,178,1
3,1,0,938,0
1,0,0,209,1
1,0,0,122,1
3,3,0,1180,0
1,0,0,212,1
2,0,0,831,0
0,0,0,1133,0
4,0,0,3474,0
1,0,0,139,1
2,0,0,1732,0
1,0,0,175,1
0,0,0,88,1
1,0,0,104,1
1,0,0,187,1
0,6,0,4051,0
1,0,0,276,1
2,2,0,5004,0
3,2,0,6525,0
3,0,0,3061,0
3,1,0,974,0
5,0,0,1664,0
2,0,0,761,0
0,0,0,295,1
2,3,0,1185,0
1,0,0,280,1
1,0,0,488,0
24,0,0,3921,1
0,0,0,219,1
1,0,0,142,1
0,0,0,103,1
1,0,0,166,1
1,0,0,196,1
0,0,0,366,0
0,0,0,88,1
3,0,0,432,0
0,0,0,1130,0
2,1,0,593,0
24,0,0,3897,1
24,0,0,3897,1
1,0,0,442,1
1,0,0,174,1
0,0,0,1236,0
24,0,0,3921,1
1,0,0,519,1
24,0,0,3898,1
0,0,0,197,0
1,0,0,152,1
24,0,0,3897,1
4,0,0,2945,0
1,0,0,2058,0
24,0,0,3898,1
1,0,0,408,1
1,0,0,399,1
0,0,0,351,0
0,0,0,841,1
0,0,0,317,1
1,0,0,672,1
1,0,0,207,1
0,0,0,217,1
0,0,0,1428,0
1,0,0,77,1
2,0,0,1006,1
1,0,0,453,1
0,0,0,205,1
1,0,0,139,1
0,0,0,172,0
2,0,0,1830,0
3,0,0,381,0
0,0,0,971,0
1,0,0,478,1
3,0,0,712,0
1,0,0,68,1
24,0,0,3898,1
0,1,0,5266,0
2,0,0,584,0
0,0,0,986,0
2,0,0,589,0
24,0,0,3898,1
0,0,0,862,0
1,0,0,165,1
0,0,0,211,1
1,0,0,71,1
0,0,0,238,1
0,0,0,36,1
0,1,0,890,0
1,0,0,483,0
6,0,0,4621,0
24,0,0,3898,1
3,2,0,1467,0
2,0,0,819,0
1,0,0,4030,0
1,0,0,337,1
2,0,0,1065,0
1,0,0,308,1
0,1,0,3053,0
0,1,0,1984,0
0,0,0,2485,0
6,0,0,1480,0
4,0,0,1115,0
1,0,0,212,1
1,0,0,342,1
1,0,0,62,1
0,0,0,485,1
1,0,0,262,1
7,0,0,1280,0
0,8,0,5407,0
0,0,0,110,1
1,0,0,267,1
2,0,0,1556,0
2,0,0,2774,0
1,0,0,4051,0
0,0,0,1929,0
4,0,0,1461,0
24,0,0,3921,1
1,0,0,391,1
0,0,0,210,1
1,0,0,333,1
1,0,0,311,1
1,0,0,297,1
0,0,0,305,1
1,0,0,179,1
4,0,0,2265,0
1,0,0,321,1
24,0,0,3898,1
2,0,0,717,0
0,0,0,309,1
2,0,0,357,0
2,0,0,140,1
1,0,0,155,1
1,0,0,348,1
1,0,0,736,0
1,0,0,391,1
4,0,0,2156,0
0,0,0,417,0
1,0,0,658,0
1,0,0,2513,0
0,0,0,210,1
2,0,0,1155,0
1,0,0,235,1
1,0,0,162,1
2,0,0,1255,0
2,0,0,1160,0
0,0,0,1072,0
2,6,0,2805,0
3,1,0,1269,0
0,0,0,231,1
1,0,0,66,1
3,0,0,2970,0
4,0,0,3349,0
0,0,0,556,1
0,0,0,1618,0
5,1,0,4718,0
4,0,0,1443,0
0,0,0,1670,0
2,0,0,972,0
1,0,0,149,1
1,0,0,249,1
1,0,0,349,1
1,0,0,1257,0
0,0,0,1602,0
0,2,0,1423,0
1,0,0,177,1
1,0,0,209,1
1,0,0,87,1
1,0,0,40,1
3,0,0,1163,0
0,0,0,230,1
1,0,0,442,1
26,2,0,13557,0
24,0,0,3897,1
2,0,0,922,0
4,0,0,852,0
2,0,0,923,0
2,0,0,1577,0
0,0,0,294,1
1,0,0,197,1
1,0,0,343,1
1,0,0,119,0
2,0,0,303,1
3,0,0,1205,0
24,0,0,3898,1
2,0,0,1572,0
0,0,0,941,0
6,0,0,1563,0
1,0,0,70,1
1,0,0,161,1
0,0,0,95,1
0,0,0,112,1
2,0,0,537,0
1,0,0,316,1
2,0,0,648,0
1,0,0,825,0
2,0,0,276,0
3,0,0,1357,0
1,0,0,1939,0
3,0,0,1363,0
1,0,0,292,1
0,0,0,301,1
0,0,0,36,1
24,2,0,8075,0
25,2,0,9094,0
1,0,0,307,0
2,0,0,4640,0
1,0,0,189,1
1,0,0,403,1
1,6,0,2804,0
1,0,0,427,1
2,0,0,401,0
2,0,0,1576,0
3,0,0,773,0
1,0,0,635,0
1,0,0,3625,0
1,0,0,252,0
24,0,0,3921,1
1,0,0,167,1
1,0,0,68,1
1,0,0,201,1
1,0,0,1546,0
1,0,0,75,1
1,0,0,79,1
1,0,0,252,1
1,0,0,79,1
0,0,0,146,1
24,0,0,3898,1
1,0,0,142,1
3,0,0,1886,0
1,0,0,149,1
0,0,0,39,1
1,0,0,142,1
1,0,0,567,0
0,0,0,37,1
0,1,0,333,0
1,0,0,451,0
3,0,0,1881,0
1,0,0,594,1
1,0,0,266,1
1,0,0,117,1
1,0,0,302,1
0,0,0,246,1
1,0,0,339,1
1,0,0,3391,0
1,0,0,642,0
1,0,0,179,1
12,0,0,2049,0
4,0,0,988,0
0,1,0,343,1
1,0,0,231,1
3,1,0,842,0
2,0,0,181,1
1,1,0,613,0
1,0,0,3346,0
1,0,0,339,1
1,0,0,179,1
1,0,0,177,1
1,0,0,73,1
2,0,0,2225,0
1,2,0,715,1
1,0,0,718,1
1,0,0,140,1
24,0,0,3892,1
0,0,0,726,0
2,0,0,294,1
0,0,0,1632,0
0,0,0,661,0
0,0,0,956,0
1,0,0,169,1
1,0,0,358,1
1,0,0,266,1
1,0,0,245,1
1,0,0,222,1
1,1,0,1342,0
1,0,0,449,1
1,0,0,169,1
2,0,0,1802,0
1,0,0,421,1
1,0,0,111,1
1,0,0,141,1
1,0,0,195,1
1,0,0,328,1
0,0,0,232,1
1,0,0,172,1
2,2,0,801,0
1,0,0,290,1
1,0,0,107,1
1,0,0,233,1
0,0,0,234,1
1,1,0,198,1
1,1,0,260,0
0,0,0,44,0
24,0,0,3921,1
1,1,0,100,1
8,4,0,4262,0
1,0,0,193,1
24,0,0,3897,1
0,0,0,839,1
4,0,0,5574,0
24,0,0,3921,1
1,0,0,130,1
1,0,0,459,0
4,0,0,6321,0
5,4,0,4433,0
0,0,0,1983,0
1,0,0,59,1
1,1,0,755,0
0,0,0,658,1
0,0,0,88,1
2,0,0,1240,0
1,0,0,164,1
1,0,0,476,1
0,0,0,17,1
2,0,0,4268,0
1,1,0,1271,0
0,0,0,223,1
2,0,0,1009,1
1,0,0,100,1
1,5,0,1008,0
11,3,0,16339,0
0,0,0,320,0
1,0,0,472,1
3,0,0,4813,0
2,0,0,4462,0
11,3,0,16339,0
1,0,0,254,1
1,1,0,2281,0
1,0,0,422,1
0,0,0,219,1
0,0,0,251,1
0,0,0,2073,0
1,0,0,78,1
1,0,0,170,1
1,0,0,108,1
2,3,0,1645,0
2,0,0,2309,0
4,1,0,2855,0
1,0,0,128,1
1,0,0,321,1
2,3,0,4233,0
1,0,0,175,1
1,0,0,397,1
1,0,0,304,1
1,0,0,180,1
2,0,0,2107,0
0,0,0,840,1
0,0,0,478,0
11,3,0,16339,0
2,5,0,5185,0
11,3,0,16339,0
2,0,0,756,0
1,0,0,86,1
1,0,0,138,1
1,0,0,70,1
0,0,0,744,0
1,0,0,79,1
1,0,0,80,1
1,0,0,153,1
1,0,0,157,1
1,9,0,2610,0
2,0,0,342,1
1,0,0,167,1
1,1,0,101,1
1,1,0,109,1
0,0,0,239,1
0,0,0,110,1
0,0,0,280,0
1,0,0,380,1
0,0,0,358,1
2,3,0,3738,0
5,4,0,3232,0
1,0,0,67,1
1,0,0,1007,0
24,0,0,3921,1
0,0,0,86,1
24,0,0,3921,1
0,0,0,112,1
1,0,0,164,1
0,0,0,228,1
1,0,0,74,1
0,0,0,133,0
1,0,0,205,1
0,0,0,90,1
24,0,0,3921,1
1,2,0,969,0
1,0,0,552,1
1,0,0,150,1
1,0,0,171,1
0,0,0,1051,1
3,0,0,960,1
1,0,0,182,1
1,0,0,148,1
0,0,0,2632,0
0,2,0,724,0
0,2,0,812,0
0,0,0,236,1
24,0,0,3898,1
0,0,0,501,0
1,0,0,166,1
24,0,0,3898,1
24,0,0,3897,1
1,0,0,200,1
3,0,0,1783,0
0,0,0,224,1
1,0,0,196,1
1,0,0,346,1
0,0,0,115,1
0,0,0,296,1
2,0,0,1678,0
0,0,0,213,0
1,1,0,226,1
1,0,0,174,1
0,0,0,175,1
1,0,0,140,1
2,0,0,140,1
3,0,0,1185,0
0,0,0,322,1
1,0,0,355,1
1,0,0,307,1
1,0,0,153,1
0,0,0,2862,0
0,0,0,828,1
1,0,0,167,1
0,0,0,929,0
1,0,0,232,1
5,0,0,1432,0
1,0,0,403,1
0,0,0,275,0
1,2,0,1406,0
0,0,0,271,0
0,0,0,44,1
0,1,0,5649,0
1,0,0,174,1
0,0,0,99,1
1,0,0,111,1
24,0,0,3921,1
1,0,0,166,1
0,0,0,110,1
1,0,0,171,1
0,0,0,196,1
2,0,0,442,0
2,0,0,181,1
1,0,0,169,1
1,0,0,330,1
0,0,0,38,1
1,0,0,226,1
1,0,0,462,1
4,0,0,5358,0
1,0,0,170,1
0,0,0,619,0
24,0,0,3921,1
0,0,0,467,0
3,3,0,6751,0
2,0,0,296,1
24,0,0,3921,1
0,0,0,1822,0
0,3,0,4736,0
1,0,0,253,0
1,0,0,192,0
1,0,0,172,1
0,0,0,54,1
0,0,0,1175,0
0,0,0,146,1
0,0,0,850,1
1,0,0,170,1
2,0,0,1239,0
0,0,0,174,1
1,0,0,322,1
2,0,0,2266,0
0,0,0,945,0
4,0,0,5359,0
2,0,0,2165,0
2,0,0,1263,0
0,0,0,83,1
3,0,0,1244,0
0,0,0,320,1
0,0,0,110,1
0,0,0,8994,0
0,0,0,85,1
1,0,0,268,1
24,0,0,3921,1
1,0,0,844,0
2,0,0,1210,0
2,0,0,1355,0
2,0,0,424,0
2,0,0,1075,0
24,0,0,3897,1
1,0,0,170,1
0,0,0,438,1
24,0,0,3921,1
1,0,0,270,1
1,0,0,319,1
0,0,0,73,0
0,0,0,110,1
0,0,0,110,1
0,0,0,110,1
0,0,0,107,1
1,0,0,112,1
1,0,0,197,1
0,0,0,4412,0
0,0,0,317,1
0,1,0,7188,0
0,0,0,110,1
0,0,0,85,1
1,0,0,649,0
2,0,0,141,1
1,0,0,551,1
0,1,0,1172,0
2,0,0,1381,0
0,1,0,6111,0
2,0,0,1697,0
4,0,0,6013,0
1,0,0,2560,0
24,0,0,3899,1
1,0,0,185,1
1,0,0,380,1
1,0,0,112,1
1,0,0,184,1
0,0,0,1259,0
2,0,0,1851,0
2,0,0,1834,0
1,0,0,171,1
1,0,0,496,1
0,1,0,1468,0
0,0,0,1133,0
1,0,0,178,1
1,0,0,252,1
1,0,0,536,1
1,0,0,202,1
0,0,0,57,1
24,0,0,3921,1
2,0,0,3475,0
1,0,0,75,1
1,0,0,340,1
1,0,0,200,1
0,0,0,554,0
1,0,0,313,1
24,0,0,3897,1
24,0,0,3898,1
1,0,0,305,1
1,0,0,174,1
0,0,0,780,0
1,0,0,175,1
1,0,0,187,1
1,0,0,516,1
24,0,0,3898,1
2,0,0,867,0
0,2,0,1832,0
0,1,0,1675,0
1,0,0,84,1
1,0,0,443,0
1,0,0,176,1
1,0,0,175,1
3,0,0,1285,0
1,0,0,175,1
24,0,0,3896,1
1,3,0,3850,0
1,0,0,165,1
1,0,0,583,0
0,0,0,58,1
1,0,0,346,1
1,1,0,350,1
1,0,0,343,1
2,0,0,740,0
1,0,0,287,1
1,0,0,331,1
1,0,0,523,0
1,0,0,350,1
1,0,0,61,1
0,0,0,43,1
0,0,0,729,0
0,0,0,45,1
1,0,0,125,1
1,0,0,313,1
24,0,0,3897,1
1,0,0,244,1
0,0,0,261,0
4,0,0,1937,0
1,0,0,199,1
24,0,0,3898,1
2,0,0,939,0
24,0,0,3897,1
1,0,0,545,1
0,0,0,68,1
1,0,0,163,1
3,0,0,1456,0
1,0,0,291,1
1,0,0,179,1
6,2,0,9506,0
2,0,0,1230,0
2,0,0,957,0
0,0,0,530,0
2,0,0,1014,0
0,0,0,330,0
1,0,0,387,1
0,0,0,922,1
0,1,0,274,0
0,0,0,586,0
1,0,0,223,1
0,0,0,219,1
4,1,0,6066,0
2,0,0,4874,0
1,0,0,178,1
0,1,0,114,1
1,0,0,2325,0
2,0,0,1124,0
4,0,0,5283,0
1,0,0,173,1
1,0,0,188,1
6,6,0,21653,0
2,0,0,6746,0
2,0,0,1129,0
0,0,0,50,1
3,0,0,2087,0
1,0,0,3101,0
1,0,0,739,0
0,1,0,1499,0
3,0,0,2082,0
2,0,0,1785,0
2,1,0,1875,0
1,0,0,103,1
2,0,0,1640,0
1,0,0,348,1
1,0,0,176,1
1,0,0,156,1
0,0,0,1731,0
2,0,0,1645,0
0,0,0,4287,0
8,4,0,7386,0
0,0,0,441,0
2,0,0,902,0
0,0,0,185,0
0,0,0,31,1
0,10,0,6126,0
0,0,0,72,1
0,0,0,219,1
1,0,0,275,1
1,0,0,318,1
1,0,0,322,1
1,0,0,289,1
1,0,0,308,1
0,0,0,241,1
1,0,0,278,1
0,2,0,144,1
2,1,0,804,0
1,0,0,315,1
4,5,0,3346,0
0,0,0,38,1
1,1,0,1423,0
4,6,0,10256,0
0,0,0,4384,0
0,0,0,4418,0
0,0,0,520,0
0,0,0,295,1
0,0,0,832,1
1,0,0,317,1
0,0,0,347,1
1,0,0,111,1
0,0,0,167,0
1,0,0,181,1
1,0,0,167,1
1,2,0,2444,0
1,0,0,180,1
0,0,0,90,1
0,0,0,3496,0
3,0,0,607,0
24,0,0,3898,1
24,0,0,3897,1
24,0,0,3898,1
1,0,0,165,1
1,0,0,288,1
0,0,0,51,1
0,0,0,763,0
0,1,0,9769,0
0,0,0,4269,0
1,0,0,94,1
24,0,0,3921,1
1,0,0,92,1
2,1,0,4060,0
0,5,0,4760,0
24,0,0,3897,1
0,1,0,2595,0
1,0,0,169,1
24,0,0,3897,1
24,0,0,3897,1
24,0,0,3898,1
0,0,0,223,1
2,0,0,1445,0
1,0,0,597,1
24,0,0,3898,1
1,0,0,184,1
0,0,0,3121,0
24,0,0,3898,1
1,0,0,194,1
1,0,0,310,1
24,0,0,3898,1
1,0,0,321,1
1,2,0,1449,0
1,0,0,108,1
1,0,0,151,1
1,0,0,381,1
2,0,0,498,0
1,0,0,781,0
1,0,0,2776,0
1,0,0,333,1
3,0,0,3227,0
1,0,0,65,1
1,0,0,284,1
1,0,0,1382,0
1,0,0,66,1
1,0,0,109,1
0,0,0,340,1
0,0,0,358,0
1,0,0,526,0
0,0,0,522,0
1,0,0,73,1
1,0,0,573,0
2,0,0,503,0
1,0,0,2102,0
1,0,0,169,1
24,0,0,3898,1
6,0,0,5941,0
2,0,0,1183,0
2,0,0,2495,0
2,0,0,1491,0
2,0,0,2013,0
8,2,0,2788,0
0,0,0,185,1
24,0,0,3898,1
0,0,0,52,1
0,0,0,186,1
1,0,0,74,1
1,0,0,268,1
0,1,0,120,1
24,0,0,3897,1
0,0,0,259,1
1,0,0,531,0
0,0,0,214,1
4,1,0,4126,0
5,1,0,2309,0
1,0,0,72,1
0,1,0,1436,0
1,0,0,929,0
0,0,0,223,1
2,1,0,978,0
2,0,0,3427,0
2,0,0,500,0
1,1,0,4293,0
0,0,0,19,1
1,0,0,93,1
1,0,0,1799,0
1,0,0,410,1
1,1,0,211,1
1,0,0,157,1
1,0,0,624,0
24,0,0,3896,1
1,0,0,167,1
0,0,0,507,0
0,0,0,232,1
2,0,0,959,0
1,0,0,933,0
24,0,0,3898,1
3,1,0,1662,0
24,0,0,3898,1
1,0,0,215,0
1,0,0,1111,0
0,0,0,186,1
1,0,0,178,1
2,0,0,832,1
24,0,0,3898,1
2,0,0,148,1
2,0,0,954,0
1,0,0,336,1
1,0,0,252,1
1,0,0,79,1
2,1,0,1043,0
1,0,0,241,1
2,0,0,148,1
1,0,0,311,1
1,0,0,357,1
1,0,0,664,0
0,0,0,236,1
0,0,0,1134,0
2,0,0,631,0
3,0,0,1636,0
2,0,0,929,0
2,1,0,2720,0
1,0,0,167,1
24,0,0,3898,1
2,1,0,1255,0
1,0,0,71,1
0,0,0,54,1
0,0,0,49,1
24,0,0,3897,1
1,0,0,180,1
0,0,0,52,1
24,0,0,3897,1
0,0,0,827,0
0,0,0,59,1
8,2,0,2334,0
1,0,0,250,1
0,0,0,618,0
0,0,0,43,1
1,0,0,360,1
2,0,0,1232,0
0,0,0,46,1
1,0,0,99,1
2,0,0,399,0
0,0,0,56,1
2,0,0,140,1
1,0,0,183,1
0,0,0,54,1
24,0,0,3897,1
1,0,0,75,1
24,0,0,3898,1
24,0,0,3899,1
0,0,0,208,1
1,0,0,357,1
0,0,0,217,1
0,0,0,259,0
6,3,0,6543,0
104,9,0,32133,0
12,2,0,2517,0
8,8,0,3588,0
0,0,0,187,0
0,0,0,217,1
2,0,0,387,0
1,0,0,3627,0
24,0,0,3897,1
0,0,0,45,1
1,0,0,182,1
2,0,0,1502,0
0,0,0,52,1
0,0,0,187,1
1,0,0,104,1
1,0,0,290,1
0,0,0,214,1
1,0,0,189,1
2,0,0,556,0
2,0,0,149,1
0,0,0,186,1
1,0,0,211,1
1,0,0,286,1
2,0,0,561,0
0,0,0,1063,0
0,0,0,1289,0
2,10,0,1410,0
2,0,0,141,1
1,1,0,109,1
0,0,0,150,1
1,0,0,326,1
1,0,0,284,1
2,0,0,147,1
1,0,0,170,1
1,0,0,382,1
1,0,0,75,1
1,0,0,167,1
24,0,0,3897,1
1,0,0,206,1
0,0,0,496,0
1,0,0,343,1
2,0,0,1230,0
0,0,0,297,0
2,0,0,2039,0
0,0,0,54,1
1,0,0,339,1
1,0,0,68,1
1,0,0,302,1
0,0,0,332,1
2,1,0,2557,0
24,0,0,3898,1
1,0,0,128,1
2,0,0,188,1
1,0,0,168,1
0,0,0,1192,0
1,0,0,174,1
1,0,0,1014,0
2,0,0,2044,0
1,0,0,231,1
24,0,0,3898,1
24,0,0,3898,1
2,2,0,4231,0
6,0,0,3746,0
2,0,0,889,0
1,2,0,3052,0
2,0,0,1167,0
0,0,0,383,0
24,0,0,3896,1
1,0,0,167,1
1,0,0,166,1
1,0,0,113,1
4,0,0,1817,0
1,0,0,172,1
1,1,0,99,1
1,1,0,188,1
0,0,0,239,1
0,0,0,120,1
0,0,0,4511,0
1,0,0,65,1
3,0,0,919,0
1,0,0,260,1
1,0,0,155,0
0,0,0,128,1
0,2,0,1762,0
1,0,0,898,0
24,0,0,3898,1
24,0,0,3898,1
0,0,0,1602,0
1,0,0,477,1
0,0,0,558,0
0,0,0,219,1
24,0,0,3898,1
0,0,0,294,1
0,0,0,461,1
0,0,0,425,1
2,4,0,3230,0
0,0,0,1374,0
3,0,0,924,0
0,0,0,1012,0
24,0,0,3898,1
1,0,0,187,1
1,1,0,242,1
1,0,0,202,1
0,0,0,429,1
0,0,0,1186,0
1,0,0,167,1
1,0,0,196,1
0,0,0,438,1
0,0,0,1414,0
0,0,0,524,0
1,0,0,292,1
1,0,0,1352,0
8,3,0,7424,0
24,0,0,3898,1
0,0,0,261,1
2,0,0,1177,0
5,0,0,1034,0
1,0,0,791,0
5,2,0,6335,0
0,0,0,839,1
24,0,0,3897,1
24,0,0,3898,1
1,0,0,165,1
0,0,0,21,1
1,0,0,166,1
2,0,0,1320,0
1,0,0,81,1
1,0,0,1430,0
24,0,0,3898,1
0,0,0,9494,0
1,0,0,257,0
2,0,0,1545,0
0,0,0,1659,0
2,0,0,1630,0
24,0,0,3897,1
1,0,0,326,1
2,0,0,490,0
1,0,0,168,1
0,0,0,62,1
1,0,0,554,0
1,0,0,171,1
3,0,0,7693,0
0,0,0,744,0
0,0,0,184,1
0,0,0,379,1
1,0,0,204,1
1,0,0,168,1
24,0,0,3898,1
1,0,0,384,1
24,0,0,3908,1
1,0,0,1446,0
1,0,0,104,1
1,0,0,90,1
2,0,0,495,0
0,0,0,899,0
0,0,0,899,0
24,0,0,3897,1
24,0,0,3898,1
2,0,0,518,0
1,0,0,286,1
1,0,0,167,1
1,0,0,360,1
0,1,0,2415,0
1,0,0,165,1
0,1,0,222,1
1,0,0,315,1
1,0,0,278,1
6,1,0,4360,0
0,0,0,2095,1
24,0,0,3898,1
24,0,0,3897,1
6,1,0,4360,0
6,1,0,4360,0
1,0,0,122,1
1,0,0,175,1
1,0,0,167,1
0,0,0,5358,0
24,0,0,3898,1
6,1,0,4360,0
6,1,0,4360,0
1,1,0,890,0
0,0,0,751,0
0,0,0,866,0
0,0,0,123,0
3,0,0,995,0
24,0,0,3897,1
2,0,0,968,0
1,0,0,173,1
0,0,0,223,1
1,0,0,314,1
1,0,0,982,0
0,1,0,134,1
0,0,0,827,1
1,0,0,1727,0
1,0,0,400,1
1,0,0,289,1
1,0,0,179,1
1,0,0,286,1
1,0,0,164,1
1,1,0,216,1
4,0,0,5173,0
2,2,0,1882,0
3,0,0,955,0
24,0,0,3898,1
2,0,0,963,0
1,0,0,209,1
0,0,0,48,1
24,0,0,3898,1
0,0,0,869,0
1,0,0,201,1
1,0,0,474,0
1,0,0,550,1
1,0,0,295,1
24,0,0,3898,1
0,0,0,762,0
0,3,0,7130,0
0,0,0,692,0
0,0,0,176,0
0,0,0,255,1
0,0,0,168,0
1,0,0,182,1
1,0,0,66,1
0,0,0,186,1
0,0,0,187,1
3,0,0,1190,1
1,0,0,195,1
2,0,0,718,0
0,0,0,1719,0
2,2,0,2139,0
2,0,0,398,0
2,0,0,3879,0
3,0,0,4372,0
1,0,0,158,1
0,0,0,323,1
0,0,0,823,1
1,0,0,176,1
0,0,0,313,1
1,0,0,132,1
0,0,0,857,0
1,0,0,78,1
24,0,0,3897,1
2,0,0,1238,0
5,0,0,4538,0
0,2,0,1086,1
3,0,0,1457,0
0,0,0,291,0
3,0,0,699,0
24,0,0,3898,1
3,0,0,963,0
24,0,0,3898,1
2,0,0,937,0
2,0,0,1404,0
1,0,0,69,1
1,0,0,8623,0
1,0,0,168,1
0,0,0,249,1
0,0,0,201,1
1,0,0,187,1
1,0,0,172,1
1,0,0,226,1
0,0,0,1700,0
5,0,0,4469,0
1,0,0,147,1
24,0,0,3897,1
1,0,0,323,1
1,0,0,346,1
2,0,0,579,0
127,132,0,30057,0
2,0,0,1400,0
2,0,0,1960,0
1,0,0,171,1
1,0,0,197,1
1,0,0,115,1
1,0,0,171,1
0,0,0,32,1
3,1,0,4906,0
5,0,0,5576,0
1,0,0,231,1
1,0,0,103,1
5,0,0,1965,0
3,0,0,484,0
4,2,0,5092,0
2,1,0,5838,0
2,0,0,666,1
1,0,0,72,1
5,0,0,11169,0
1,1,0,214,1
1,0,0,145,1
1,0,0,71,1
1,0,0,116,1
4,0,0,4213,0
0,0,0,1868,0
0,0,0,471,0
28,29,0,11937,0
0,0,0,320,1
0,0,0,424,0
24,0,0,3898,1
1,0,0,328,1
1,1,0,338,1
1,0,0,353,1
0,0,0,204,1
1,0,0,195,1
1,0,0,351,1
0,0,0,812,1
2,1,0,2487,0
0,0,0,285,1
0,0,0,186,1
4,0,0,1006,0
2,0,0,528,0
5,0,0,2880,0
2,0,0,1581,0
24,0,0,3897,1
2,0,0,2270,0
0,0,0,1080,0
1,1,0,297,0
3,0,0,1461,0
3,0,0,4302,0
0,0,0,411,0
1,0,0,317,1
0,0,0,38,1
1,0,0,396,1
1,0,0,323,1
0,0,0,632,0
3,0,0,1598,0
24,0,0,3897,1
1,2,0,1621,0
1,0,0,269,1
24,0,0,3896,1
0,0,0,312,1
1,0,0,302,1
0,0,0,316,1
0,0,0,327,0
9,0,0,856,0
3,0,0,3672,0
0,0,0,376,0
2,0,0,3694,0
0,0,0,2211,0
24,0,0,3898,1
24,0,0,3897,1
0,0,0,110,1
1,0,0,203,1
2,0,0,5057,0
0,0,0,85,1
0,0,0,50,1
1,0,0,179,1
0,0,0,1900,0
1,0,0,281,1
13,6,0,4242,0
1,0,0,364,1
0,0,0,1365,0
2,0,0,7372,0
0,0,0,558,0
4,0,0,8314,0
0,0,0,37,1
1,0,0,198,1
0,0,0,185,1
1,0,0,172,1
1,0,0,109,1
4,0,0,1689,0
1,0,0,977,0
2,0,0,1677,0
4,0,0,914,0
0,0,0,664,0
17,1,0,2457,0
1,0,0,277,1
1,1,0,351,1
0,0,0,315,1
0,0,0,77,1
1,0,0,338,1
1,0,0,174,1
1,0,0,362,1
1,0,0,167,1
24,0,0,3897,1
1,0,0,174,1
0,0,0,591,0
24,0,0,3897,1
24,0,0,3898,1
24,0,0,3897,1
24,0,0,3897,1
0,0,0,1795,0
24,0,0,3898,1
0,0,0,49,1
1,2,0,5430,0
1,1,0,5964,0
2,0,0,2813,0
1,0,0,428,1
2,0,0,193,0
1,0,0,165,1
1,1,0,548,0
0,0,0,905,0
1,0,0,164,1
0,0,0,185,1
1,0,0,212,1
1,0,0,597,1
0,0,0,212,1
0,1,0,3275,0
2,0,0,798,0
24,0,0,3897,1
0,0,0,699,0
4,2,0,2705,0
1,0,0,362,1
1,0,0,193,1
1,0,0,171,1
17,1,0,2457,0
0,0,0,289,1
1,0,0,383,1
24,0,0,3898,1
1,0,0,302,1
0,0,0,317,1
2,0,0,349,1
0,0,0,279,0
0,0,0,183,1
0,0,0,317,1
1,0,0,879,0
1,0,0,162,1
0,0,0,220,1
1,0,0,1060,0
1,0,0,165,1
3,4,0,1515,0
51,2,0,7714,0
49,2,0,7805,0
0,4,0,1624,0
3,0,0,807,0
24,0,0,3897,1
0,0,0,2868,0
0,0,0,343,1
0,0,0,2071,0
1,0,0,104,1
0,0,0,67,1
1,0,0,335,1
2,0,0,4005,0
0,0,0,186,1
0,1,0,1322,0
0,0,0,401,0
0,0,0,3325,0
0,8,0,7515,0
1,0,0,312,1
0,0,0,45,1
1,0,0,384,1
1,0,0,174,1
1,0,0,154,1
47,2,0,7133,0
1,0,0,230,1
0,4,0,1932,0
2,0,0,561,0
0,3,0,1237,0
0,0,0,630,0
1,0,0,975,0
3,0,0,1995,0
0,0,0,217,1
2,0,0,5141,0
0,0,0,205,1
2,1,0,576,0
0,0,0,199,1
0,0,0,442,1
2,0,0,557,0
5,0,0,1120,0
0,0,0,733,0
2,1,0,2036,0
1,0,0,272,1
3,0,0,558,0
1,0,0,171,1
1,1,0,191,1
2,0,0,714,0
0,1,0,123,1
1,0,0,440,0
0,0,0,231,1
4,0,0,2741,0
1,0,0,176,0
3,0,0,1334,0
1,0,0,384,1
86,9,0,30111,0
3,0,0,676,0
0,0,0,409,1
0,0,0,186,1
1,0,0,150,1
0,0,0,668,0
0,0,0,109,1
1,0,0,260,1
1,0,0,173,1
1,1,0,188,1
1,0,0,3211,0
3,0,0,1603,0
1,1,0,4043,0
1,0,0,798,0
1,1,0,526,0
1,0,0,195,1
1,0,0,170,1
0,0,0,88,1
0,0,0,216,1
1,2,0,472,0
2,1,0,2252,0
1,0,0,193,1
1,0,0,304,1
1,0,0,116,1
1,1,0,512,0
0,1,0,986,0
1,0,0,108,1
24,0,0,3898,1
0,0,0,824,1
1,0,0,184,1
3,0,0,515,0
1,1,0,207,1
3,4,0,1557,0
2,0,0,1892,0
1,0,0,167,1
3,1,0,1239,0
1,0,0,1097,0
1,0,0,566,0
0,0,0,304,1
2,0,0,429,0
3,0,0,401,1
1,0,0,167,1
2,0,0,745,0
1,0,0,160,1
0,0,0,849,1
0,0,0,854,1
1,0,0,177,1
1,0,0,739,0
1,0,0,632,0
3,0,0,919,0
1,0,0,1006,0
2,0,0,1070,0
2,0,0,1394,0
24,0,0,3897,1
2,0,0,740,0
1,0,0,905,0
1,0,0,224,1
3,0,0,398,1
2,0,0,1541,0
1,0,0,330,1
2,0,0,4847,0
0,0,0,58,1
3,0,0,1730,0
1,0,0,197,1
2,0,0,822,0
0,1,0,749,0
1,0,0,896,0
24,0,0,3898,1
1,0,0,201,1
1,1,0,208,1
1,0,0,258,1
1,0,0,134,1
1,0,0,66,1
3,23,0,2109,0
4,0,0,5731,0
1,0,0,924,0
1,0,0,200,1
1,0,0,329,1
1,1,0,4115,0
1,0,0,167,1
5,22,0,2290,0
2,0,0,578,0
3,1,0,541,0
0,0,0,769,0
1,0,0,1133,0
1,0,0,366,1
2,0,0,1369,0
1,0,0,240,1
2,0,0,534,0
1,1,0,314,1
2,0,0,1738,0
3,0,0,1560,0
6,1,0,3299,0
3,0,0,1516,0
3,0,0,3012,0
0,0,0,286,1
0,0,0,935,0
1,0,0,162,1
1,0,0,80,1
0,0,0,228,1
0,0,0,351,0
1,0,0,1214,0
1,0,0,224,1
1,1,0,308,1
0,0,0,213,1
1,0,0,307,1
2,0,0,550,0
24,0,0,3921,1
1,0,0,825,0
24,0,0,3894,1
1,0,0,300,1
1,0,0,205,1
2,0,0,320,0
2,0,0,1585,0
2,0,0,2803,0
2,0,0,796,0
1,5,0,6086,0
1,0,0,185,1
1,1,0,300,1
1,0,0,171,1
1,0,0,334,1
1,0,0,160,1
3,0,0,435,0
1,0,0,96,1
24,0,0,3921,1
1,0,0,174,1
1,0,0,486,1
0,0,0,204,1
1,0,0,941,0
1,0,0,151,1
4,2,0,5084,0
0,0,0,419,0
1,0,0,1167,0
0,0,0,561,0
2,0,0,527,0
1,0,0,277,1
2,0,0,6231,0
3,0,0,1008,0
24,0,0,3894,1
1,0,0,69,1
1,0,0,161,1
1,0,0,209,1
0,0,0,45,1
1,0,0,205,1
0,0,0,552,1
0,0,0,110,1
1,0,0,1036,0
0,1,0,173,0
1,1,0,2901,0
0,1,0,715,0
3,0,0,3063,0
0,0,0,466,0
24,0,0,3899,1
24,0,0,3900,1
0,0,0,119,1
0,0,0,91,1
0,0,0,91,1
1,0,0,252,1
0,0,0,435,0
1,0,0,64,1
2,0,0,953,0
1,0,1,169,1
1,0,0,281,1
3,0,0,6099,0
1,11,1,3001,0
0,0,0,1804,0
2,0,0,4486,0
4,0,0,893,0
1,1,0,10120,0
1,0,0,167,1
0,0,0,254,1
24,0,0,3921,1
1,0,0,175,1
0,2,0,1725,1
1,0,0,265,1
1,0,0,230,1
1,0,0,170,1
0,0,0,706,1
1,0,0,173,1
1,0,0,1738,0
24,0,0,3895,1
2,0,0,1478,0
3,0,0,1328,0
1,1,0,179,1
1,0,0,241,1
2,0,0,1491,0
1,0,0,311,1
24,0,0,3921,1
0,0,0,584,0
0,0,0,386,1
1,0,0,446,1
8,4,0,7502,0
0,0,0,1021,0
0,0,0,90,1
1,0,0,207,1
1,0,0,246,1
0,0,0,47,1
0,0,0,192,0
0,0,0,3321,0
0,0,0,620,0
1,0,0,1583,0
24,0,0,3921,1
0,0,0,699,0
0,0,0,94,1
2,0,0,1343,0
1,0,0,4401,0
0,2,0,1351,0
1,0,0,1144,0
1,2,0,339,0
2,0,0,1183,0
0,0,0,1227,0
2,0,0,173,1
0,0,0,258,1
1,0,0,94,1
0,0,0,266,0
1,1,0,1280,0
4,0,0,2761,0
0,0,0,49,1
2,0,0,1708,0
1,0,0,67,1
1,0,0,167,1
0,0,0,275,1
1,0,0,225,1
1,0,0,177,1
1,0,0,938,0
1,0,0,1020,1
0,0,0,608,0
2,0,0,1562,0
1,0,0,832,0
1,1,0,100,1
2,0,0,2094,0
0,0,0,243,1
0,0,0,1871,0
1,2,0,4152,0
1,0,0,1598,0
0,0,0,541,0
0,0,0,275,0
6,2,0,6994,0
1,0,0,366,1
1,0,0,173,1
1,0,0,374,1
1,0,0,284,1
0,0,0,1842,0
1,0,0,179,1
5,2,0,3370,0
1,0,0,983,0
0,0,0,983,0
1,0,0,87,1
1,0,0,172,1
2,0,0,1466,0
24,0,0,3897,1
1,0,0,64,1
1,0,0,171,1
1,0,0,223,1
0,0,0,2207,0
0,0,0,222,1
1,0,0,173,1
1,0,0,223,0
1,0,0,172,1
0,0,0,1098,0
10,5,0,3051,0
24,0,0,3897,1
7,2,0,1456,0
3,0,0,2078,0
1,0,0,285,1
0,0,0,958,1
24,0,0,3921,1
0,0,0,70,1
0,0,0,71,1
1,4,0,2255,0
4,0,0,7265,0
24,0,0,3898,1
1,0,0,87,1
1,0,0,83,1
1,0,0,171,1
0,0,0,149,1
0,0,0,2588,0
2,1,0,1443,0
0,0,0,840,0
3,0,0,528,0
0,0,0,274,1
5,0,0,1411,0
1,0,0,168,1
1,0,0,172,1
4,0,0,806,0
0,0,0,432,1
1,0,0,113,1
0,0,0,438,1
0,0,0,670,0
0,0,0,88,1
1,0,0,170,1
1,0,0,146,1
1,0,0,173,1
1,0,0,173,1
3,1,0,2290,0
0,0,0,1844,0
1,0,0,87,1
0,1,0,1549,0
24,0,0,3898,1
24,0,0,3898,1
1,0,0,91,1
0,0,0,255,1
0,0,0,523,0
0,0,0,698,0
1,0,0,635,0
0,0,0,89,1
1,0,0,1252,0
1,0,0,170,1
0,0,0,92,1
1,0,0,86,1
2,0,0,546,0
1,0,0,321,0
1,0,0,456,1
1,0,0,521,0
10,3,0,3019,0
3,0,0,2072,0
2,0,0,4428,0
1,0,0,124,0
5,6,0,6621,0
1,1,0,225,1
1,0,0,158,1
3,0,0,5870,0
1,0,0,108,1
0,0,0,320,1
1,0,0,172,1
0,0,0,308,1
1,12,0,6748,0
5,0,0,954,0
0,0,0,1907,0
2,1,0,617,0
1,0,0,76,1
1,0,0,172,1
1,0,0,243,1
0,0,0,1347,0
0,0,0,600,1
2,2,0,1179,0
1,0,0,272,1
1,0,0,253,1
3,0,0,1508,0
0,0,0,628,0
0,0,0,421,0
3,0,0,672,0
1,0,0,190,1
1,0,0,346,1
1,0,0,173,1
0,0,0,311,1
0,0,0,102,1
1,1,0,268,1
0,0,0,222,1
1,0,0,294,1
2,2,0,2412,0
1,0,0,33,1
2,0,0,411,0
2,2,0,1481,0
8,0,0,5271,0
3,0,0,2097,0
1,0,0,172,1
2,2,0,341,0
1,0,0,161,1
4,0,0,1201,0
1,0,0,201,1
1,0,0,220,1
1,0,0,94,1
1,0,0,170,1
0,0,0,91,1
0,0,0,61,1
2,2,0,9351,0
1,0,0,164,1
0,0,0,414,0
1,0,0,831,0
0,0,0,206,1
2,2,0,341,0
2,0,0,1668,0
1,0,0,330,1
3,0,0,5917,0
0,0,0,354,1
1,0,0,326,1
1,0,0,92,1
1,0,0,319,1
0,1,0,1264,0
0,0,0,100,1
2,0,0,814,0
0,0,0,2937,0
1,0,0,73,1
3,0,0,1025,0
1,0,0,86,1
1,0,0,79,1
1,0,0,88,1
1,0,0,86,1
0,7,0,1982,0
1,1,0,230,1
0,0,0,876,0
0,0,0,89,1
1,0,0,77,1
1,0,0,308,1
1,0,0,83,1
1,0,0,71,1
1,0,0,209,1
2,3,0,1105,0
1,0,0,77,1
1,0,0,83,1
1,0,0,74,1
1,0,0,418,0
1,0,0,83,1
1,0,0,78,1
1,0,0,85,1
1,0,0,86,1
1,0,0,79,1
1,0,0,77,1
1,0,0,75,1
2,0,0,2713,0
1,0,0,93,1
1,0,0,818,0
1,0,0,72,1
1,0,0,76,1
1,0,0,87,1
1,0,0,84,1
1,0,0,87,1
1,0,0,91,1
1,4,0,4875,0
1,0,0,73,1
1,0,0,75,1
4,0,0,1029,0
2,0,0,1266,0
3,0,0,861,0
1,0,0,75,1
1,1,0,2621,0
1,0,0,91,1
1,0,0,84,1
1,0,0,75,1
1,0,0,181,1
1,0,0,77,1
1,1,0,532,0
1,0,0,100,1
1,0,0,76,1
0,0,0,213,1
0,0,0,831,0
1,0,0,78,1
1,0,0,75,1
1,0,0,83,1
1,0,0,76,1
1,0,0,85,1
1,0,0,81,1
5,3,0,7504,0
1,0,0,75,1
1,0,0,282,1
1,0,0,297,1
1,1,0,3235,0
1,0,0,93,1
1,0,0,156,1
0,0,0,535,0
1,0,0,86,1
10,3,0,7949,0
0,0,0,316,1
0,0,0,1304,0
91,6,0,30784,0
2,0,0,1351,0
6,0,0,5508,0
1,1,0,1389,0
1,0,0,323,1
1,1,0,213,1
1,1,0,2378,0
1,0,0,165,1
1,0,0,244,1
0,0,0,250,1
0,0,0,394,0
1,0,0,75,1
0,0,0,55,1
1,0,0,705,0
0,0,0,313,1
1,0,0,594,0
1,0,0,313,1
5,0,0,1932,0
2,1,0,2051,0
0,0,0,51,1
1,0,0,170,1
1,0,0,157,1
0,0,0,57,1
24,0,0,3898,1
7,1,0,1240,0
1,3,0,2375,0
3,0,0,3079,0
3,0,0,1515,0
1,0,0,92,1
1,0,0,96,1
0,0,0,4598,0
0,0,0,94,1
0,0,0,343,1
1,0,0,266,1
1,0,0,162,1
0,0,0,219,1
1,1,0,148,1
1,0,0,154,1
0,0,0,288,1
0,2,0,1153,0
1,0,0,85,1
1,0,0,677,0
24,0,0,3898,1
0,0,0,793,0
1,0,0,2217,0
3,0,0,1047,0
1,0,0,183,1
1,0,0,175,1
2,0,0,788,0
1,0,0,176,1
1,0,0,270,1
1,0,0,441,1
1,0,0,86,1
1,0,0,174,1
1,0,0,271,1
1,0,0,188,1
1,0,0,107,1
24,0,0,3897,1
2,0,0,1625,0
1,0,0,1346,0
2,0,0,1252,0
2,0,0,548,0
5,0,0,1354,0
5,1,0,19910,0
24,0,0,3898,1
1,0,0,208,1
1,0,0,170,1
1,0,0,299,1
0,0,0,71,1
0,0,0,537,0
1,0,0,174,1
3,0,0,984,0
1,1,0,178,1
1,0,0,160,1
0,0,0,2919,0
3,0,0,1144,0
1,0,0,247,1
24,0,0,3898,1
3,0,0,1104,0
3,1,0,1311,0
2,0,0,2646,0
1,0,0,102,1
1,0,0,189,1
1,1,0,4247,0
1,0,0,238,1
1,0,0,92,1
24,0,0,3898,1
1,0,0,273,1
1,0,0,190,1
1,0,0,161,1
1,0,0,165,1
1,0,0,279,1
1,0,0,152,1
1,0,0,1090,0
1,0,0,299,1
1,0,0,353,1
1,0,0,400,1
1,0,0,398,1
2,0,0,397,0
3,0,0,409,0
2,0,0,1702,0
0,1,0,1500,0
1,0,0,171,1
0,0,0,97,1
2,0,0,1634,0
1,1,0,166,1
1,0,0,375,1
0,0,0,60,1
1,0,0,310,1
1,0,0,345,1
1,0,0,284,1
0,0,0,188,1
1,0,0,303,1
1,0,0,664,0
2,0,0,3030,0
1,0,0,479,1
1,0,0,344,1
1,0,0,161,1
1,0,0,162,1
0,0,0,1200,0
0,0,0,773,1
1,0,0,122,0
0,0,0,703,0
1,0,0,571,0
0,0,0,221,1
24,0,0,3898,1
1,0,0,322,1
1,0,0,145,1
1,2,0,4175,0
0,0,0,91,1
1,0,0,148,1
1,0,0,138,1
1,1,0,3806,0
0,0,0,437,0
1,0,0,120,1
1,0,0,177,1
0,3,0,1324,0
1,0,0,188,1
1,0,0,425,1
1,0,0,364,1
1,0,0,88,1
0,0,0,629,0
3,0,0,679,0
2,0,0,217,0
3,0,0,1354,0
1,0,0,900,0
1,0,0,259,1
1,0,0,189,1
1,0,0,213,1
1,0,0,181,1
1,0,0,185,1
0,0,0,609,0
1,0,0,183,1
0,0,0,295,1
1,0,0,119,1
1,0,0,146,1
0,0,0,734,0
1,1,0,1446,0
2,0,0,539,0
24,0,0,3898,1
0,0,0,285,0
1,2,0,987,0
1,0,0,1517,0
1,0,0,216,1
1,0,0,312,1
1,0,0,168,1
1,1,0,208,1
1,0,0,197,1
0,0,0,586,0
1,0,0,345,1
1,0,0,382,1
14,4,0,4321,0
0,0,0,1698,0
2,1,0,1106,0
1,1,0,2484,0
24,0,0,3898,1
1,0,0,170,1
1,0,0,159,1
0,0,0,294,1
0,0,0,476,0
1,0,0,199,1
1,0,0,232,1
5,4,0,8216,0
1,1,0,2843,0
1,0,0,443,0
0,0,0,965,0
1,0,0,1518,0
2,0,0,1832,0
1,0,0,183,1
1,0,0,1064,0
2,0,0,2569,0
1,0,0,595,1
1,0,0,362,1
24,0,0,3897,1
1,0,0,219,1
1,0,0,220,1
0,0,0,3494,0
24,0,0,3898,1
1,0,0,179,0
1,0,0,605,0
21,8,0,5779,0
0,0,0,3001,0
0,0,0,2030,0
1,0,0,242,1
1,0,0,161,1
0,0,0,215,1
2,0,0,1045,0
1,0,0,82,1
0,0,0,411,1
0,0,0,539,0
2,0,0,421,0
0,1,0,226,1
0,1,0,1331,0
1,0,0,250,0
2,1,0,483,0
2,0,0,742,0
0,0,0,321,1
1,0,0,78,1
1,1,0,183,1
1,0,0,166,1
4,1,0,2737,0
1,0,0,80,1
1,0,0,157,1
1,0,0,117,1
2,0,0,534,0
2,0,0,1978,0
2,0,0,2645,0
1,3,0,17560,0
0,2,0,2051,0
1,0,0,561,0
1,0,0,262,1
1,0,0,82,1
0,0,0,83,0
9,0,0,3945,0
2,0,0,850,0
4,1,0,2967,0
3,0,0,776,0
4,2,0,3170,0
0,1,0,2291,0
1,0,0,76,1
0,0,0,2835,0
0,0,0,229,1
24,0,0,3897,1
2,0,0,318,1
0,0,0,158,1
1,0,0,78,1
1,0,0,77,1
1,0,0,71,1
0,2,0,1573,0
1,0,0,94,1
1,12,0,1591,0
0,0,0,302,0
0,0,0,221,1
1,0,0,2053,0
0,0,0,224,1
1,0,0,85,1
1,0,0,92,1
1,0,0,295,1
1,0,0,358,1
2,0,0,586,0
24,0,0,3898,1
1,0,0,415,0
3,0,0,916,0
0,0,0,43,0
1,2,0,916,0
1,0,0,139,1
1,0,0,87,1
0,0,0,90,1
0,0,0,137,1
4,0,0,8326,0
0,0,0,142,1
2,0,0,1064,0
0,0,0,579,0
0,1,0,718,0
2,0,0,5081,0
9,3,0,2751,0
0,0,0,21,1
1,2,0,1569,0
1,0,0,83,1
2,0,0,646,0
2,0,0,593,0
1,0,0,86,1
1,0,0,71,1
1,0,0,74,1
0,0,0,1031,0
3,0,0,876,0
1,2,0,1927,0
1,0,0,2670,0
1,0,0,105,1
1,0,0,278,1
2,0,0,599,0
1,0,0,355,1
1,0,0,79,1
4,0,0,1482,0
6,2,0,3253,0
2,0,0,3525,0
87,26,0,33762,0
1,0,0,155,1
9,3,0,2751,0
0,0,0,530,0
1,0,0,140,1
0,1,0,2254,0
1,0,0,178,1
1,0,0,87,1
1,0,0,206,1
10,0,0,2939,0
2,0,0,3167,0
1,0,0,1229,0
0,0,0,354,0
0,0,0,90,1
0,0,0,206,1
0,0,0,146,1
0,0,0,546,0
1,0,0,104,1
3,0,0,871,0
0,3,0,997,0
24,0,0,3897,1
0,0,0,7486,0
1,0,0,150,1
1,0,0,324,1
1,1,0,2368,0
1,0,0,71,1
1,0,0,174,1
24,0,0,3898,1
0,0,0,292,1
69,0,0,2514,0
0,0,0,288,1
1,0,0,179,1
1,0,0,162,1
4,0,0,1636,0
1,0,0,79,1
7,0,0,6050,0
1,0,0,208,1
1,0,0,277,1
1,0,0,151,1
1,1,0,182,1
1,0,0,218,1
24,0,0,3898,1
3,1,0,2049,0
4,1,0,2966,0
189,17,0,46441,0
189,17,0,46441,0
1,0,0,663,0
1,0,0,240,1
1,0,0,487,1
189,17,0,46441,0
0,0,0,51,1
0,0,0,161,0
1,0,0,170,1
1,0,0,138,1
1,0,0,167,1
1,0,0,340,0
1,0,0,179,1
1,1,0,215,1
1,0,0,452,1
1,0,0,167,1
1,0,0,222,1
1,0,0,160,1
1,0,0,164,1
1,0,0,176,1
1,3,0,12700,0
1,0,0,217,1
1,0,0,131,1
1,0,0,362,1
1,0,0,216,1
0,0,0,265,1
1,0,0,138,1
11,0,0,4702,0
1,0,0,155,1
1,0,0,140,1
1,0,0,153,1
1,0,0,244,1
1,0,0,151,1
1,0,0,181,1
1,0,0,330,1
4,1,0,4661,0
6,0,0,1497,0
1,0,0,199,1
1,0,0,180,1
1,0,0,419,1
1,0,0,59,1
1,0,0,134,1
1,0,0,163,1
1,0,0,172,1
1,0,0,124,1
1,0,0,163,1
1,0,0,180,1
24,0,0,3898,1
1,1,0,1180,0
0,0,0,331,1
1,0,0,226,1
1,0,0,346,1
1,0,0,178,1
5,0,0,1761,0
0,0,0,250,0
1,0,0,164,0
1,0,0,58,1
1,0,0,203,1
1,0,0,169,1
1,0,0,209,1
5,0,0,8165,0
1,0,0,181,1
1,0,0,129,1
1,0,0,201,1
1,0,0,195,1
1,0,0,172,1
1,0,0,212,1
3,0,0,4500,0
1,0,0,249,1
1,0,0,225,1
0,0,0,628,0
1,0,0,478,1
1,1,0,170,1
1,0,0,178,1
1,0,0,157,1
1,0,0,201,1
1,0,0,128,1
1,0,0,186,1
1,1,0,162,1
1,0,0,176,1
1,0,0,191,1
6,0,0,1773,0
1,0,0,145,1
1,0,0,193,1
1,0,0,82,1
1,0,0,165,1
1,0,0,192,1
5,1,0,2048,0
1,0,0,220,1
0,2,0,690,1
1,0,0,364,1
1,0,0,245,1
2,0,0,193,0
1,1,0,207,1
1,0,0,176,1
1,0,0,139,1
1,0,0,210,1
1,0,0,597,1
0,0,0,154,0
1,0,0,212,1
1,0,0,365,1
1,0,0,543,1
1,0,0,166,1
0,0,0,234,1
1,0,0,178,1
1,0,0,411,1
1,0,0,274,1
1,0,0,980,0
56,12,0,21485,0
1,0,0,192,1
1,0,0,243,1
1,0,0,344,1
1,1,0,171,1
1,0,0,113,1
2,0,0,1951,0
1,0,0,383,1
1,0,0,265,1
1,0,0,113,1
24,1,0,7716,0
1,0,0,308,1
1,0,0,189,1
1,0,0,312,1
1,0,0,454,1
1,0,0,130,1
1,0,0,225,1
1,0,0,278,1
1,0,0,447,1
1,0,0,142,1
1,0,0,619,1
1,0,0,378,1
1,0,0,164,1
1,0,0,129,1
1,0,0,203,1
0,0,0,527,1
2,0,0,1740,0
1,0,0,160,1
1,0,0,257,1
1,0,0,215,1
1,0,0,324,1
0,0,0,734,0
1,0,0,162,1
1,0,0,208,1
1,0,0,414,1
1,0,0,150,1
1,0,0,397,1
1,0,0,441,1
2,0,0,884,0
1,0,0,128,1
1,0,0,170,1
1,0,0,156,1
1,0,0,106,1
1,0,0,149,1
1,0,0,1854,0
1,0,0,116,1
1,0,0,111,1
1,0,0,107,1
1,0,0,106,1
1,0,0,116,1
3,0,0,3255,0
1,0,0,380,1
1,0,0,1360,0
2,1,0,5938,0
1,0,0,3433,0
0,0,0,849,0
1,0,0,313,1
1,0,0,361,1
2,0,0,812,0
1,0,0,329,1
1,0,0,291,1
12,3,0,3874,0
1,0,0,355,1
1,0,0,380,1
1,0,0,340,1
1,0,0,382,1
1,0,0,317,1
1,0,0,292,1
1,0,0,250,1
1,0,0,124,0
1,0,0,174,1
1,0,0,261,1
0,0,0,92,1
0,0,0,78,1
1,0,0,239,1
1,0,0,207,1
1,0,0,1580,0
0,0,0,316,1
0,0,0,1923,0
2,0,0,1023,0
3,0,0,1081,0
3,0,0,1076,0
0,0,0,423,0
1,0,0,309,1
2,1,0,1969,0
1,0,0,265,1
1,0,0,414,1
2,0,0,1203,0
0,0,0,26,1
1,0,0,182,1
0,0,0,53,1
1,1,0,156,1
0,1,0,1136,0
1,0,0,148,1
0,0,0,295,0
0,1,0,1678,0
2,0,0,1543,0
3,0,0,1328,0
1,0,0,188,1
2,0,0,1007,0
0,0,0,96,1
1,0,0,188,1
1,0,0,828,0
1,0,0,337,1
0,0,0,637,0
1,0,0,555,1
1,0,0,1997,0
3,0,0,1372,0
1,0,0,304,1
5,0,0,2951,0
2,2,0,1198,0
2,0,0,1333,1
1,0,0,314,1
3,0,0,2614,0
0,0,0,91,1
0,0,0,358,1
0,0,0,869,0
0,1,0,3284,0
0,1,0,5135,0
0,0,0,1823,0
2,0,0,1609,0
0,0,0,628,0
4,0,0,2841,0
1,1,0,233,1
1,0,0,285,1
1,0,0,174,1
1,1,0,209,1
3,1,0,3621,0
0,0,0,92,1
0,1,0,125,1
0,0,0,626,0
4,2,0,2565,0
0,0,0,267,1
0,0,0,115,1
3,0,0,970,0
2,2,0,855,0
0,0,0,80,1
1,0,0,118,1
3,0,0,4005,0
0,1,0,106,1
0,0,0,933,0
1,0,0,209,1
1,0,0,2254,0
3,2,0,4302,0
3,0,0,698,0
3,0,0,1393,0
1,0,0,554,0
1,0,0,479,1
1,0,0,171,1
3,0,0,831,0
2,0,0,164,1
1,0,0,311,1
1,0,0,317,1
3,0,0,421,0
1,7,0,4060,0
0,0,0,778,0
2,0,0,1361,0
0,0,0,267,0
3,0,0,651,0
0,0,0,171,1
0,0,0,256,1
0,0,0,900,0
0,0,0,80,1
1,0,0,174,1
1,0,0,364,1
1,0,0,735,0
1,1,0,1005,0
4,0,0,3159,0
1,1,0,1506,0
0,0,0,1586,0
1,0,0,163,1
0,0,0,244,0
4,0,0,5872,0
0,0,0,747,1
3,0,0,1475,0
1,0,0,221,1
0,0,0,636,0
1,0,0,211,1
0,0,0,3331,0
3,0,0,1470,0
2,0,0,853,0
1,3,0,267,0
3,0,0,3623,0
0,0,0,618,0
4,0,0,802,0
0,0,0,1060,0
0,0,0,694,0
8,0,0,3640,0
0,0,0,1437,0
1,0,0,435,1
2,0,0,357,0
3,1,0,2434,0
4,0,0,1128,0
0,0,0,573,0
4,0,0,1709,0
3,0,0,2760,0
0,0,0,339,1
1,0,0,322,1
1,1,0,1113,0
9,3,0,4277,0
1,3,0,613,0
0,1,0,1341,0
4,1,0,1028,0
0,0,0,859,1
0,0,0,314,1
0,0,0,184,0
1,0,0,99,1
2,0,0,2389,0
0,0,0,584,0
0,0,0,958,0
0,0,0,762,0
1,0,0,806,0
4,0,0,4150,0
4,0,0,609,0
1,3,0,1311,0
1,0,0,392,0
5,0,0,4875,0
0,0,0,52,1
0,0,0,862,1
1,0,0,3259,0
1,0,0,165,1
23,3,0,6896,0
1,0,0,115,1
3,2,0,2035,0
5,0,0,7630,0
3,1,0,3448,0
3,4,0,1776,0
0,0,0,317,1
1,1,0,173,0
0,0,0,315,1
1,0,0,169,1
2,0,0,1770,0
1,0,0,87,1
2,0,0,4254,0
1,0,0,8439,0
0,1,0,3486,0
1,0,0,90,1
0,2,0,650,0
1,0,0,87,1
2,0,0,593,0
3,7,0,8730,0
1,0,0,411,0
2,0,0,1161,0
1,1,0,403,1
2,0,0,748,0
1,0,0,270,1
0,3,0,312,0
1,0,0,905,0
0,0,0,190,0
0,0,0,559,0
0,0,0,149,1
2,1,0,2074,0
1,0,0,328,0
1,2,0,9434,0
3,0,0,762,0
3,0,0,3690,0
2,0,0,753,0
4,0,0,3976,0
2,0,0,1333,0
0,1,0,736,1
0,0,0,199,0
2,8,0,1058,0
61,4,0,20739,0
0,0,0,924,0
8,0,0,1552,0
1,0,0,673,1
0,0,0,742,0
2,0,0,3341,0
0,0,0,706,0
5,0,0,4861,0
1,0,0,172,1
1,0,0,400,1
1,0,0,1042,0
1,1,0,99,1
0,2,0,1645,0
1,0,0,455,1
3,0,0,682,0
1,2,0,2560,0
0,0,0,927,0
0,0,0,234,1
24,0,0,3921,1
0,0,0,100,1
0,0,0,163,1
2,9,0,1329,0
3,9,0,2002,0
1,0,0,780,0
0,0,0,1146,0
0,0,0,358,1
1,0,0,180,1
0,0,0,973,0
3,1,0,2860,0
2,0,0,1341,0
1,0,0,62,1
1,0,0,1535,0
0,0,0,1563,0
2,12,0,3250,0
1,0,0,230,1
4,0,0,2127,0
3,0,0,2800,0
0,0,0,573,0
2,0,0,6636,0
1,0,0,170,1
2,1,0,1197,0
5,0,0,8161,0
3,0,0,3732,0
2,0,0,2152,0
2,0,0,2132,0
5,1,0,1826,0
0,0,0,203,1
1,0,0,1284,0
3,0,0,373,1
2,0,0,917,0
3,0,0,681,0
24,0,0,3893,1
0,3,0,1515,0
3,0,0,387,1
1,0,0,203,1
1,0,0,488,0
1,0,0,163,1
4,0,0,1283,0
1,0,0,512,1
0,0,0,442,0
2,0,0,734,0
1,0,0,107,1
5,1,0,2787,0
0,0,0,324,1
9,0,0,4825,0
0,0,0,483,0
9,1,0,10872,0
2,0,0,779,0
5,2,0,6868,0
1,0,0,2477,0
1,0,0,163,1
1,5,0,2957,0
3,1,0,1084,0
0,0,0,187,0
1,0,0,85,1
0,0,0,251,1
1,0,0,382,1
0,0,0,92,1
0,0,0,99,1
2,0,0,896,0
1,0,0,77,1
0,0,0,354,0
1,2,0,4268,0
2,1,0,5528,0
0,0,0,1054,0
1,0,0,79,1
1,0,0,159,1
4,5,0,1985,0
1,0,0,180,1
1,0,0,162,1
0,0,0,51,1
2,0,0,647,0
1,0,0,377,1
2,2,0,3145,0
2,0,0,1057,0
0,0,0,1359,1
2,0,0,3047,0
0,1,0,1769,0
4,0,0,1479,0
1,0,0,172,1
0,1,0,3711,0
0,0,0,357,0
3,0,0,1477,0
2,0,0,654,0
0,0,0,869,0
1,0,0,168,1
1,0,0,864,0
0,0,0,279,1
1,0,0,3780,0
5,0,0,1575,0
0,2,0,3853,0
1,1,0,325,1
1,1,0,4998,0
0,0,0,60,0
0,0,0,481,0
1,0,0,57,1
0,0,0,240,1
1,0,0,164,1
0,0,0,89,1
6,6,0,2880,0
1,0,0,111,1
0,0,0,656,0
1,0,0,177,1
1,0,0,287,1
2,0,0,731,0
0,0,0,5464,0
0,1,0,717,0
5,2,0,2622,0
1,0,0,204,1
2,0,0,362,1
0,0,0,779,1
2,0,0,3262,0
1,0,0,165,1
0,0,0,614,0
0,0,0,5034,0
0,0,0,4930,0
2,0,0,1294,0
1,0,0,9454,0
1,0,0,163,1
1,0,0,453,1
1,0,0,871,0
0,0,0,1124,0
0,1,0,1052,0
0,0,0,1850,0
1,0,0,242,1
1,0,0,263,1
3,0,0,3435,0
1,0,0,241,1
1,0,0,165,1
1,0,0,317,1
0,0,0,5603,0
1,3,0,4220,0
2,0,0,801,0
1,0,0,177,1
3,0,0,2103,0
1,0,0,166,1
4,0,0,1117,0
0,0,0,529,0
24,1,0,7726,0
70,5,0,27197,0
3,2,0,3043,0
1,3,0,4393,0
2,0,0,1610,0
0,0,0,1261,0
0,0,0,39,1
0,2,0,1486,1
1,0,0,170,1
1,0,0,1224,0
2,0,0,375,0
0,0,0,1418,0
0,0,0,187,1
1,0,0,313,1
2,0,0,607,0
1,0,0,1130,0
0,0,0,231,1
0,0,0,675,0
0,0,0,1667,0
3,0,0,5625,0
0,0,0,219,1
3,3,0,1103,0
1,0,0,2026,0
0,0,0,2181,0
1,0,0,201,1
0,0,0,369,0
13,0,0,3149,0
1,0,0,93,1
13,0,0,3144,0
3,0,0,1686,0
0,0,0,220,1
0,0,0,234,1
1,0,0,161,1
2,0,0,2620,0
1,0,0,404,1
0,0,0,262,1
1,0,0,356,1
1,0,0,175,1
0,0,0,179,1
1,0,0,211,1
1,0,0,376,1
0,0,0,259,0
2,0,0,4680,0
0,0,0,940,0
0,1,0,225,1
0,0,0,318,1
0,0,0,312,1
1,0,0,191,1
0,0,0,299,1
0,0,0,582,0
5,2,0,8098,0
1,0,0,522,1
0,0,0,245,1
1,0,0,187,1
0,1,0,1015,0
0,0,0,464,0
0,0,0,332,0
1,1,0,1948,1
3,0,0,1691,0
0,0,0,228,1
1,0,0,258,1
1,0,0,169,1
0,0,0,831,0
0,0,0,111,1
0,0,0,313,1
0,0,0,315,1
1,0,0,148,1
1,0,0,104,1
1,0,0,302,1
1,0,0,271,1
1,0,0,86,1
1,0,0,245,1
1,0,0,278,1
0,0,0,115,1
3,0,0,1078,0
0,0,0,2463,0
3,0,0,1298,0
2,0,0,4976,0
0,0,0,4154,0
1,0,0,312,1
3,0,0,1542,0
1,0,0,342,1
1,0,0,289,1
0,0,0,1514,0
0,0,0,1103,0
2,0,0,468,0
0,0,0,1114,0
4,5,0,6388,0
1,2,0,321,1
0,0,0,847,1
4,12,1,2813,0
0,0,0,1941,1
0,0,0,1940,1
3,0,0,1087,0
3,0,0,752,0
1,1,0,1516,0
0,0,0,267,1
1,0,0,62,1
1,0,0,281,1
1,0,0,184,1
0,0,0,4858,0
1,0,0,150,1
3,1,0,2078,0
5,0,0,575,0
0,0,0,311,0
24,0,0,3896,1
2,0,0,148,1
1,0,0,99,1
3,1,0,3344,0
1,0,0,214,1
1,0,0,102,1
5,0,0,1275,0
1,0,0,743,0
0,0,0,391,0
2,1,0,2998,0
0,0,0,91,1
1,0,0,1592,0
1,0,0,183,1
1,0,0,93,1
5,0,0,4877,0
1,0,0,52,1
0,1,0,1004,0
2,0,0,2691,0
3,0,0,1207,0
1,0,0,237,0
0,0,0,276,0
0,0,0,39,1
0,0,0,100,1
0,0,0,256,1
0,0,0,1204,0
2,0,0,190,1
12,0,0,2350,0
2,2,0,2202,0
1,0,0,141,0
5,0,0,1897,0
3,0,0,642,0
1,0,0,285,1
1,0,0,114,1
1,0,0,103,1
0,0,0,316,1
1,0,0,1752,0
1,0,0,70,1
1,0,0,1345,0
1,0,0,159,1
5,0,0,846,0
5,0,0,851,0
3,0,0,723,0
2,0,0,904,0
0,0,0,778,0
2,0,0,578,0
2,0,0,1540,0
0,1,0,233,1
1,1,0,105,1
0,0,0,1227,0
1,0,0,150,1
6,2,0,12366,0
4,0,0,825,0
2,0,0,1080,0
0,0,0,208,0
0,0,0,365,0
0,0,0,261,1
1,0,0,64,1
1,0,0,249,1
0,0,0,92,0
1,0,0,128,1
1,0,0,169,1
2,0,0,433,0
0,0,0,258,1
3,0,0,4145,0
2,0,0,1907,0
4,0,0,496,0
0,0,0,1090,0
0,0,0,207,1
24,0,0,3921,1
3,1,0,1108,0
2,0,0,147,1
1,0,0,82,1
3,0,0,2572,0
1,0,0,300,1
1,0,0,166,1
0,0,0,175,1
2,0,0,1883,0
0,0,0,956,0
2,0,0,2254,0
3,0,0,922,0
1,0,0,2256,0
1,0,0,82,1
1,0,0,130,1
0,1,0,1166,0
1,0,0,324,1
1,0,0,304,1
1,0,0,387,1
4,0,0,672,0
1,0,0,362,0
1,0,0,925,0
2,0,0,884,0
3,0,0,2419,0
1,0,0,165,1
0,0,0,240,1
1,0,0,101,1
1,0,0,101,1
3,0,0,385,0
0,1,0,106,1
0,0,0,240,0
1,2,0,12128,0
4,1,0,3569,0
2,0,0,2397,0
5,0,0,2050,0
5,0,0,1702,0
1,0,0,255,1
1,1,0,119,1
1,0,0,289,1
0,0,0,110,1
4,0,0,1890,0
1,0,0,277,1
1,0,0,105,1
1,0,0,120,1
1,0,0,63,1
1,0,0,141,1
1,0,0,742,0
2,0,0,4425,0
0,0,0,54,1
1,0,0,89,1
0,1,0,2339,0
4,0,0,1885,0
1,0,0,406,1
0,0,0,50,1
1,0,0,389,0
1,0,0,194,1
1,0,0,276,1
0,0,0,46,1
5,0,0,2099,0
0,0,0,1092,0
0,0,0,320,1
0,0,0,230,1
1,0,0,165,1
3,0,0,1009,0
1,0,0,184,1
5,0,0,1389,0
1,0,0,80,1
1,1,0,105,1
4,0,0,1217,0
0,0,0,871,0
2,0,0,827,0
1,0,0,503,0
0,0,0,429,0
2,0,0,503,0
1,0,0,142,1
1,1,0,136,1
5,0,0,1741,0
24,0,0,3921,1
0,0,0,45,1
2,0,0,498,0
1,0,0,562,0
0,0,0,546,0
1,0,0,119,1
24,0,0,3921,1
1,1,0,103,1
0,1,0,111,1
1,0,0,78,1
24,0,0,3921,1
0,1,0,2618,0
1,0,0,1331,0
24,0,0,3911,1
2,0,0,1033,0
3,0,0,1346,0
1,0,0,173,1
0,0,0,119,0
24,0,0,3897,1
24,0,0,3898,1
1,0,0,278,1
24,0,0,3921,1
2,0,0,5038,0
0,0,0,537,0
0,0,0,912,0
1,0,0,280,1
1,0,0,116,1
1,0,0,114,1
1,0,0,151,1
1,0,0,479,0
2,0,0,2814,0
0,0,0,312,0
3,0,0,1351,0
0,0,0,149,1
3,0,0,1327,0
1,0,0,92,1
0,0,0,96,1
5,2,0,11511,0
3,0,0,9157,0
1,0,0,822,0
5,2,0,11511,0
5,2,0,11511,0
5,2,0,11511,0
2,0,0,595,0
1,0,0,94,1
3,0,0,1322,0
0,0,0,319,1
24,0,0,3921,1
1,13,0,16821,0
0,0,0,100,1
0,0,0,98,1
1,0,0,244,1
1,0,0,356,1
1,0,0,6871,0
5,0,0,713,0
1,0,0,1799,0
0,0,0,1789,0
0,0,0,839,1
2,0,0,1028,0
1,0,0,1868,0
1,0,0,727,0
7,0,0,5118,0
2,0,0,757,0
1,0,0,324,1
1,0,0,211,1
0,0,0,638,0
0,0,0,568,0
2,0,0,2774,0
5,0,0,831,0
0,0,0,442,0
1,0,1,90,1
1,0,0,178,1
2,0,0,677,0
3,0,0,1512,0
5,1,0,6461,0
2,0,0,1116,0
2,0,0,141,1
0,0,0,78,1
0,0,0,1553,0
1,0,0,71,1
1,1,0,593,0
1,0,0,4119,0
0,0,0,695,0
1,3,0,3611,0
0,0,0,319,1
0,0,0,318,1
0,0,0,210,1
1,0,0,188,1
1,0,0,180,1
0,0,0,312,1
0,0,0,310,1
0,0,0,54,1
1,0,0,154,1
0,0,0,121,1
1,0,0,103,1
0,0,0,210,1
1,0,0,643,0
0,0,0,309,0
2,0,0,965,0
1,0,0,350,1
2,0,0,443,0
1,0,0,163,1
3,1,0,6058,0
1,0,0,359,1
1,0,0,477,1
0,0,0,318,0
4,3,0,2699,0
0,0,0,1111,0
1,0,0,141,1
0,1,0,216,1
13,0,0,3469,0
0,0,0,305,0
6,0,0,1452,0
0,0,0,204,1
1,0,0,143,1
24,1,0,7720,0
2,0,0,140,1
1,0,0,74,1
0,1,0,750,0
0,0,0,466,0
0,0,0,353,0
1,0,0,129,1
1,0,0,297,1
0,0,0,228,1
0,0,0,450,1
1,0,0,78,1
1,0,0,268,1
4,0,0,6090,0
0,0,0,725,0
1,0,0,64,1
1,0,0,275,1
1,0,0,233,1
1,0,0,152,1
1,0,0,138,1
6,1,0,1238,0
0,1,0,915,0
0,3,0,1500,0
0,0,0,431,1
1,0,0,346,1
0,0,0,450,1
1,0,0,343,1
0,0,0,579,0
2,0,0,1705,0
0,0,0,2039,0
0,0,0,710,0
2,8,0,2258,0
1,0,0,419,1
1,0,0,187,1
0,0,0,317,1
0,0,0,464,0
1,0,0,105,1
0,0,0,97,1
2,0,0,846,0
1,0,0,289,1
0,0,0,660,0
1,0,0,596,0
2,0,0,851,0
1,0,0,772,0
1,0,0,87,1
2,0,0,349,1
0,1,0,1214,0
4,1,0,4535,0
2,1,0,5283,0
24,0,0,3898,1
0,0,0,809,0
2,0,0,4667,0
1,0,0,185,1
1,0,0,397,1
0,0,0,2000,0
0,0,0,501,0
0,1,0,1819,0
1,0,0,284,1
1,4,0,1454,0
1,0,0,63,1
1,0,0,252,1
2,4,0,3035,0
24,0,0,3898,1
1,0,0,1069,0
5,0,0,2873,0
24,0,0,3898,1
0,0,0,1930,0
0,0,0,229,1
1,0,0,131,1
1,0,0,130,1
1,1,0,2178,0
0,0,0,904,0
3,0,0,3447,0
4,0,0,1259,0
6,0,0,2256,0
0,0,0,255,1
0,0,0,266,0
1,0,0,163,1
0,0,0,240,1
5,3,0,1737,0
0,0,0,2194,0
0,0,0,298,0
1,0,0,834,0
24,0,0,3898,1
0,1,0,1486,0
0,0,0,844,1
2,0,0,583,0
2,0,0,664,0
1,0,0,466,0
2,0,0,643,0
2,0,0,1002,0
24,0,0,3898,1
2,0,0,1631,0
4,0,0,6059,0
1,0,0,331,1
1,0,0,167,1
0,1,0,1397,0
0,0,0,200,1
2,1,0,3139,0
1,0,0,2374,0
3,1,0,4418,0
3,0,0,488,0
2,0,0,140,1
0,0,0,781,0
1,0,0,79,1
1,0,0,1090,0
4,0,0,1240,0
1,0,0,1901,0
1,0,0,1046,0
2,0,0,1488,0
1,0,0,1238,0
1,0,0,139,0
2,0,0,2862,0
1,0,0,191,1
1,0,0,460,1
0,0,0,221,1
0,0,0,186,0
1,0,0,181,1
1,1,0,213,1
8,0,0,3640,0
1,0,0,165,1
1,0,0,166,1
1,0,0,161,1
24,0,0,3897,1
0,1,0,796,0
5,2,0,6907,0
1,0,0,80,1
1,0,0,243,1
0,0,0,313,1
0,0,0,316,1
11,0,0,3070,0
0,0,0,315,1
1,0,0,558,0
0,1,0,1890,0
1,1,0,7506,0
1,0,0,93,1
1,0,0,196,1
0,0,0,311,1
3,0,0,485,0
0,0,0,212,1
0,1,0,247,1
1,0,0,142,1
5,0,0,2990,0
0,2,0,1405,0
0,0,0,5857,0
1,0,0,555,0
1,0,0,304,0
0,0,0,439,0
1,0,0,129,1
1,0,0,111,1
1,0,0,163,1
0,0,0,212,1
2,0,0,1846,0
3,0,0,512,0
0,0,0,644,1
0,0,0,867,0
0,0,0,534,0
1,0,0,74,1
0,1,0,272,1
1,0,0,310,1
1,0,0,450,0
2,0,0,849,0
1,0,0,671,0
1,0,0,3188,0
1,0,0,178,1
1,0,0,118,1
1,0,0,362,1
1,0,0,155,1
1,0,0,339,1
1,0,0,469,1
7,1,0,6944,0
13,1,0,10638,0
5,0,0,639,0
6,1,0,5238,0
2,1,0,637,0
4,0,0,2557,0
7,0,0,5420,0
1,0,0,79,1
1,0,0,189,1
7,1,0,6944,0
1,0,0,58,1
1,0,0,438,0
2,0,0,1206,0
1,0,0,399,0
3,0,0,2271,0
3,0,0,733,0
1,0,0,79,1
3,0,0,657,0
1,0,0,59,1
2,0,0,746,0
1,0,0,253,0
1,1,0,183,0
0,0,0,1097,0
1,0,0,166,1
1,0,0,96,1
1,1,0,100,1
1,0,0,133,1
0,0,0,358,0
24,0,0,3898,1
2,0,0,1380,0
0,0,0,863,0
0,0,0,425,0
1,0,0,192,1
1,0,0,106,1
2,0,0,1547,0
0,0,0,664,0
8,0,0,4435,0
2,0,0,897,0
5,0,0,1774,0
3,0,0,891,0
3,0,0,1179,0
1,0,0,104,1
2,0,0,172,1
1,0,0,1021,0
1,0,0,323,0
2,0,0,645,0
1,0,0,163,1
1,0,0,163,1
1,0,0,216,1
1,0,0,986,0
1,0,0,282,1
24,0,0,3897,1
1,0,0,183,1
0,1,0,3167,0
1,0,0,3616,0
1,0,0,622,0
2,0,0,1166,0
1,0,0,283,1
1,0,0,383,1
1,0,0,369,1
0,0,0,237,1
1,0,0,304,1
1,0,0,241,1
3,0,0,6197,0
1,0,0,830,0
5,2,0,5933,0
0,0,0,90,1
3,0,0,1375,0
6,1,0,1920,0
0,0,0,267,1
1,0,0,178,1
1,0,0,101,1
0,0,0,2141,0
1,0,0,861,0
3,0,0,526,0
1,0,0,123,1
1,0,0,364,1
1,0,0,976,0
1,1,0,367,1
1,0,0,168,1
0,0,0,503,0
0,0,0,1318,0
3,0,0,1017,0
0,0,0,4172,0
1,0,0,663,0
2,4,0,2262,0
1,0,0,581,0
2,1,0,2909,0
1,0,0,198,1
0,0,0,233,1
0,2,0,1404,0
1,0,0,114,1
24,0,0,3897,1
0,0,0,845,1
1,0,0,222,1
0,0,0,217,1
0,0,0,647,0
1,0,0,289,0
0,0,0,857,0
1,0,0,251,1
1,0,0,101,1
0,0,0,670,0
0,0,0,377,0
1,0,0,1258,0
1,0,0,1839,0
0,0,0,97,1
1,0,0,765,0
1,0,0,90,1
1,0,0,69,1
1,0,0,116,1
1,0,0,407,0
0,0,0,187,0
1,0,0,174,1
1,0,0,476,1
1,1,0,1553,0
24,0,0,3897,1
0,0,0,972,0
2,1,0,1092,0
1,0,0,286,1
1,0,0,172,1
6,0,0,1404,1
4,1,0,4650,0
2,0,0,1044,0
2,0,0,339,0
65,21,0,43479,0
24,0,0,3897,1
4,0,0,778,0
1,0,0,96,1
0,0,0,740,0
0,0,0,1580,0
4,0,0,909,0
4,0,0,941,0
0,0,0,405,0
1,1,0,130,1
1,0,0,78,1
3,0,0,5974,0
2,0,0,555,0
0,1,0,464,0
2,2,0,5218,0
0,0,0,1344,0
2,0,0,424,0
0,0,0,1429,0
0,0,0,270,0
1,0,0,61,1
1,0,0,2488,0
4,0,0,936,0
2,0,0,1215,0
24,0,0,3898,1
0,0,0,67,1
1,0,0,65,1
0,1,0,879,0
1,0,0,86,1
0,0,0,1312,0
24,0,0,3898,1
0,0,0,2545,0
1,0,0,1577,0
1,1,0,1176,0
1,0,0,1850,1
1,0,0,102,1
2,0,0,1744,0
2,0,0,696,0
0,0,0,837,0
1,0,0,1354,0
1,0,0,129,1
0,0,0,1904,0
2,0,0,312,0
0,0,0,462,0
0,7,0,11664,0
6,0,0,3472,0
0,0,0,261,1
3,0,0,1291,0
3,1,0,469,0
1,0,0,81,1
0,0,0,76,1
3,0,0,1286,0
0,0,0,2306,0
6,0,0,1884,0
4,0,0,1364,0
1,0,0,83,1
1,0,0,562,0
1,0,0,279,1
0,0,0,319,1
0,0,0,321,1
4,0,0,1359,0
0,0,0,237,1
1,0,0,154,1
1,0,0,115,1
1,0,0,923,0
5,0,0,647,0
4,0,0,1724,0
1,0,0,174,1
1,0,0,267,1
0,0,0,99,1
2,0,0,1104,0
1,0,0,357,1
0,0,0,418,0
0,0,0,887,0
2,0,0,986,0
2,0,0,840,0
0,0,0,80,0
1,0,0,545,1
5,0,0,1068,0
1,0,0,255,1
0,0,0,883,0
6,0,0,1409,1
0,0,0,2106,0
0,0,0,599,0
1,0,0,251,1
0,0,0,218,1
0,0,0,56,1
2,0,0,1452,0
1,0,0,1015,0
2,0,0,381,0
1,0,0,209,1
0,0,0,90,1
1,0,0,142,1
1,0,0,143,1
1,0,0,112,1
0,0,0,2468,0
1,0,0,76,1
2,0,0,1628,0
0,0,0,2731,0
24,0,0,3898,1
2,0,0,1351,0
1,0,0,755,0
1,0,0,143,1
1,0,0,89,1
0,0,0,231,1
83,6,0,32326,0
1,0,0,94,1
1,0,0,141,1
1,0,0,60,1
1,0,0,95,1
1,0,0,336,1
1,0,0,451,0
1,0,0,686,0
1,0,0,1319,0
0,0,0,63,1
1,0,0,181,1
1,0,0,143,1
1,0,0,144,1
0,1,0,3275,0
0,0,0,84,1
1,0,0,306,1
0,0,0,2095,0
1,0,0,595,0
1,0,0,778,0
0,0,0,273,0
3,0,0,1140,0
0,0,0,1300,0
1,0,0,145,1
1,0,1,186,1
1,0,0,333,0
0,0,0,106,0
0,0,0,1911,0
12,0,0,5681,0
1,0,0,142,1
0,0,0,455,0
1,0,0,171,1
1,0,0,245,1
1,0,0,200,1
0,0,0,100,1
0,0,0,1368,0
2,0,0,202,0
4,0,0,4053,0
3,1,0,4202,0
2,0,0,5486,0
1,0,0,144,1
1,0,0,169,1
1,0,0,131,1
1,0,0,89,1
1,1,0,8369,0
4,3,0,2537,0
0,0,0,978,0
1,0,0,163,1
0,1,0,220,1
1,0,0,238,1
2,0,0,616,0
2,0,0,528,0
0,0,0,602,0
1,0,0,1155,0
1,0,0,1858,0
0,0,0,3881,0
0,0,0,611,0
24,0,0,3897,1
1,0,0,433,0
0,0,0,212,1
0,0,0,5144,0
0,0,0,1522,0
0,0,0,1588,0
1,0,0,4636,0
2,0,0,1181,0
1,0,0,109,1
0,0,0,52,1
2,0,0,860,0
2,0,0,1064,0
9,0,0,6815,0
0,0,0,1648,0
0,0,0,95,1
1,0,0,171,1
2,0,0,148,1
0,0,0,221,1
0,0,0,88,1
0,0,0,553,0
1,0,0,373,1
1,0,0,2735,0
2,0,0,556,0
3,0,0,788,0
1,0,0,105,1
1,0,0,170,1
2,0,0,1715,0
0,0,0,2180,0
1,0,0,307,1
0,0,0,1410,0
2,2,0,5295,0
0,0,0,2792,0
2,0,0,1379,0
0,0,0,89,1
1,0,0,86,1
2,0,0,1157,0
0,0,0,579,0
0,0,0,1230,0
4,0,0,2250,0
13,1,0,2778,0
4,0,0,884,0
1,0,0,127,1
0,0,0,220,1
0,0,0,340,0
1,0,0,352,1
1,0,0,74,1
0,0,0,315,1
1,1,0,1803,0
1,1,0,4102,0
2,1,0,483,0
2,21,0,3527,0
3,0,0,4223,0
3,0,0,4721,0
0,0,0,89,1
1,0,0,172,1
2,1,0,917,0
1,0,0,85,1
0,0,0,314,1
0,0,0,321,1
4,0,0,2255,0
2,0,0,156,1
1,2,0,3446,0
1,1,0,1313,0
0,0,0,132,0
1,0,0,185,1
0,0,0,80,1
1,0,0,40,1
1,0,0,115,1
2,0,0,481,0
2,0,0,960,0
3,0,0,618,0
129,12,0,13297,0
4,4,0,1328,0
1,0,0,46,1
2,0,0,188,1
0,2,0,957,1
0,0,0,2387,0
0,0,0,268,0
8,2,0,2666,0
1,1,0,271,1
0,0,0,871,0
0,0,0,212,1
1,0,0,94,1
1,0,0,6265,0
0,0,0,338,0
3,0,0,1104,0
0,0,0,2456,0
1,0,0,195,1
1,0,0,257,1
0,0,0,229,1
0,0,0,3176,0
1,0,0,167,1
2,0,0,559,0
2,0,0,1487,0
4,4,0,6749,0
0,1,0,777,0
2,0,0,3304,0
24,0,0,3921,1
0,0,0,251,0
4,0,0,1393,0
1,0,0,154,1
1,0,0,310,1
0,4,0,2832,0
0,0,0,2108,0
0,0,0,636,0
1,0,0,168,1
2,0,0,7341,0
1,0,0,171,1
0,0,0,229,1
1,0,0,139,1
1,0,0,89,1
1,0,0,172,1
1,0,0,344,1
4,0,0,3766,0
4,0,0,1215,0
1,0,0,1893,0
51,3,0,10916,0
6,0,0,1038,0
1,0,0,111,1
0,0,0,234,1
0,0,0,3251,0
1,0,0,2195,0
4,2,0,5768,0
0,1,0,1523,0
1,0,0,216,1
6,1,0,896,0
1,0,0,112,1
0,0,0,315,1
0,0,0,318,1
3,0,0,397,1
1,0,0,70,1
1,0,0,143,1
2,1,0,2805,0
1,0,0,374,0
2,0,0,1053,0
0,1,0,1341,0
1,0,0,309,1
1,1,0,186,1
1,0,0,456,1
1,0,0,77,1
1,0,0,360,1
1,0,0,349,1
0,2,0,4374,0
1,0,0,338,1
1,0,0,177,1
1,0,0,364,1
1,0,0,389,1
1,0,0,347,1
2,12,0,1822,0
0,1,0,1504,0
0,0,0,360,0
1,0,0,88,1
1,0,0,108,1
0,0,0,97,1
0,0,0,321,1
0,0,0,822,0
1,0,0,412,0
2,0,0,429,0
9,0,0,1284,0
2,0,0,434,0
0,0,0,235,1
0,0,0,1405,0
0,0,0,357,1
0,0,0,2349,0
0,0,0,95,1
12,5,0,4085,0
0,0,0,1261,0
1,17,0,2107,0
0,0,0,1508,0
1,0,0,113,1
2,0,0,502,0
3,0,0,881,0
2,2,0,4435,0
3,0,0,2076,0
2,2,0,1258,0
0,0,0,75,1
1,0,0,119,1
1,0,0,125,1
1,0,0,1622,0
0,0,0,489,0
0,0,0,79,0
0,0,0,951,0
1,0,0,215,0
0,0,0,74,1
0,0,0,225,1
24,0,0,3921,1
133,1,0,29504,0
0,0,0,584,0
1,0,0,417,0
3,3,0,3746,0
0,1,0,258,1
0,0,0,420,0
2,0,0,5288,0
1,0,0,859,1
0,0,0,350,1
2,0,0,1230,0
2,0,0,579,0
1,0,0,358,1
2,0,0,584,0
2,0,0,773,0
2,0,0,1118,0
2,0,0,812,0
2,0,0,1017,0
1,0,0,96,1
1,0,0,107,1
1,1,0,2544,0
1,0,0,249,0
2,0,0,1501,0
1,0,0,1132,0
1,1,0,781,0
1,1,0,3196,0
2,0,0,817,0
0,0,0,97,1
1,0,0,1210,1
1,0,0,166,1
2,0,0,1458,0
0,0,0,550,0
2,0,0,334,0
4,0,0,4040,0
0,0,0,523,0
0,1,0,107,1
24,0,0,3898,1
1,0,0,357,1
0,0,0,1377,0
0,0,0,837,0
1,0,0,611,0
2,0,0,1628,0
1,0,0,107,1
0,0,0,337,1
1,0,0,356,1
2,0,0,1636,0
0,0,0,714,0
0,0,0,1473,0
1,2,0,623,0
24,0,0,3897,1
1,0,0,326,1
24,0,0,3898,1
0,0,0,858,0
0,0,0,1263,0
0,1,0,1159,0
0,2,0,2073,0
0,0,0,2283,0
3,0,0,1139,0
2,0,0,588,0
2,0,0,1438,0
0,0,0,769,0
1,0,0,188,1
1,0,0,169,1
1,0,0,169,1
4,0,0,7431,0
1,1,0,190,1
2,0,0,1276,0
0,0,0,431,0
2,0,0,938,0
12,1,0,1728,0
1,1,0,101,1
0,0,0,1369,0
2,0,0,900,0
22,3,0,5193,0
4,2,0,1952,0
1,0,0,326,1
1,0,0,131,1
1,0,0,181,1
1,0,0,165,1
0,0,0,693,0
2,0,0,1764,0
2,0,0,1769,0
0,1,0,1930,0
1,0,0,112,1
1,0,0,72,1
1,0,0,93,1
2,0,0,144,1
1,0,0,109,1
0,0,0,195,1
0,0,0,58,1
3,0,0,846,0
0,0,0,738,0
0,0,0,241,1
0,0,0,237,0
8,0,0,4171,0
1,0,0,80,1
1,0,0,138,1
0,5,0,15803,0
0,0,0,1396,0
1,0,0,84,1
0,0,0,700,0
2,0,0,1370,0
2,0,0,1194,0
2,0,0,4525,0
3,0,0,908,0
1,0,0,155,1
2,0,0,2546,0
0,0,0,690,0
0,1,0,786,1
1,0,0,1064,0
6,0,0,1387,0
0,0,0,101,1
0,0,0,656,0
0,0,0,1693,0
2,0,0,3823,0
0,0,0,244,1
1,1,0,2119,0
2,0,0,3889,0
3,2,0,2044,0
1,0,0,84,1
0,1,0,354,1
2,0,0,1539,0
1,0,0,310,1
0,0,0,279,1
1,0,0,132,1
1,1,0,376,1
1,0,0,306,1
1,0,0,472,1
0,0,0,2096,0
12,0,0,1662,0
1,0,0,2400,0
3,0,0,462,0
1,1,0,3058,0
1,0,0,116,1
1,0,0,98,1
0,0,0,233,1
0,0,0,797,0
0,0,0,231,0
2,0,0,957,0
0,0,0,647,0
1,0,0,511,0
1,0,0,1317,0
7,0,0,3549,0
1,0,0,98,1
2,0,0,664,0
0,0,0,505,0
2,0,0,847,0
2,0,0,500,0
0,0,0,682,0
1,0,0,78,1
1,0,0,66,1
0,0,0,2719,0
1,0,0,273,1
0,0,0,282,1
0,0,0,712,1
1,0,0,166,1
0,0,0,109,1
0,1,0,1701,0
4,0,0,946,0
2,1,0,1113,0
3,8,0,7842,0
1,0,0,125,1
1,0,0,68,1
1,0,0,106,1
2,0,0,947,0
4,1,0,1591,0
2,0,0,497,0
0,0,0,483,0
0,0,0,1236,0
1,1,0,7541,0
1,0,0,104,1
2,0,0,496,0
3,0,0,587,0
0,0,0,458,0
2,0,0,952,0
1,0,0,165,1
0,0,0,1083,0
1,0,0,215,1
1,0,0,117,1
2,0,0,1399,0
4,1,0,2800,0
0,0,0,659,0
48,7,0,44458,0
0,1,0,3318,0
1,0,0,143,1
0,0,0,88,1
6,2,0,29919,0
2,0,0,827,0
1,0,0,1836,0
1,0,0,843,0
0,0,0,59,1
0,1,0,7998,0
2,0,0,822,0
1,0,0,375,1
0,0,0,765,0
0,0,0,628,0
6,0,0,1654,0
2,0,0,953,0
1,0,0,168,1
1,3,0,7530,0
1,0,0,65,1
1,0,0,83,1
0,0,0,1080,0
0,0,0,625,0
1,0,0,1323,0
3,0,0,4766,0
0,0,0,2704,0
1,0,0,107,1
3,3,0,2456,0
1,0,0,140,1
1,0,0,100,1
0,0,0,1347,0
0,0,0,916,0
0,1,0,1075,0
0,0,0,5858,0
1,0,0,142,1
1,0,0,75,1
1,0,0,844,0
0,0,0,101,1
0,0,0,135,1
5,0,0,2000,0
1,0,0,180,1
0,0,0,1517,0
1,0,0,907,0
2,0,0,948,0
0,0,0,711,0
1,0,0,142,1
1,0,0,169,1
0,0,0,92,1
2,0,0,1403,0
0,0,0,225,1
0,4,0,788,0
2,0,0,416,0
2,0,0,5806,0
1,1,0,1124,0
1,1,0,1654,0
2,1,0,492,1
0,0,0,2033,0
0,0,0,417,1
0,0,0,242,1
0,0,0,854,0
1,1,0,1015,0
2,0,0,411,0
4,0,0,3845,0
0,0,0,1196,0
91,6,0,34529,0
1,0,0,102,1
0,1,0,150,1
2,7,0,2370,0
1,0,0,109,1
1,0,0,1658,0
4,0,0,3906,0
3,0,0,1224,0
3,0,0,1229,0
2,0,0,664,0
1,0,0,87,1
1,0,0,146,1
1,0,0,204,1
2,2,0,489,1
2,0,0,766,0
1,0,0,411,0
4,1,0,7843,0
0,0,0,452,1
2,0,0,2536,0
24,0,0,3897,1
1,0,0,1139,0
0,0,0,763,0
1,0,0,71,1
1,1,0,207,1
1,0,0,666,0
1,1,0,497,0
0,1,0,1190,0
2,0,0,1143,0
13,5,0,4118,0
2,0,0,3245,0
0,0,0,2011,0
2,0,0,405,0
0,0,0,400,0
2,0,0,458,0
1,0,0,886,0
0,0,0,964,0
0,0,0,167,1
0,0,0,2233,0
3,3,0,1535,0
0,0,0,1651,0
2,0,0,154,1
0,0,0,39,1
0,0,0,37,1
1,0,0,370,1
1,2,0,2883,0
2,0,0,620,0
0,0,0,676,0
1,0,0,286,1
0,0,0,67,1
2,0,0,238,0
0,0,0,229,0
0,0,0,56,1
3,0,0,1144,0
1,0,0,1863,0
3,0,0,619,0
0,0,0,856,1
1,0,0,102,1
0,0,0,834,1
1,0,0,71,1
1,0,0,1082,0
0,0,0,542,0
0,0,0,306,1
0,0,0,148,1
1,1,0,1944,1
0,1,0,107,1
0,0,0,449,0
3,1,0,2277,0
2,0,0,571,0
0,0,0,538,0
9,0,0,1828,0
3,0,0,877,0
1,0,0,261,1
1,0,0,68,1
3,7,0,6239,0
1,0,0,91,1
1,1,0,825,0
1,1,0,596,0
4,1,0,3668,0
13,6,0,3143,0
1,0,0,111,1
1,0,0,316,0
0,0,0,39,1
2,0,0,992,0
0,0,0,797,0
1,0,0,283,1
1,1,0,1259,0
0,0,0,1096,0
1,0,0,287,1
0,0,0,984,0
1,0,0,430,1
3,6,0,6591,0
13,0,0,2871,0
1,1,0,1947,0
0,0,0,795,0
1,0,0,121,1
2,0,0,639,0
0,0,0,851,0
0,0,0,235,1
1,0,0,501,0
0,0,0,100,1
1,2,0,473,1
0,0,0,602,0
3,0,0,7825,0
4,0,0,5162,0
6,0,0,1532,0
0,0,0,4127,0
0,1,0,394,1
2,0,0,1579,0
0,1,0,114,1
0,0,0,304,1
1,0,0,109,1
0,0,0,307,0
2,0,0,4904,0
0,0,0,894,0
0,0,0,508,0
1,0,0,106,1
0,0,0,463,0
0,0,0,317,1
3,3,0,1547,0
5,1,0,5873,0
0,0,0,318,1
0,0,0,131,1
33,4,0,12166,0
1,0,0,165,1
0,0,0,59,1
0,0,0,419,0
2,0,0,969,0
6,0,0,1489,0
5,0,0,6614,0
0,0,0,322,1
0,0,0,318,1
1,0,0,119,1
1,0,0,74,1
4,7,0,7337,0
3,0,0,221,1
2,0,0,495,0
0,0,0,955,0
1,3,0,1472,0
1,0,0,1047,0
4,0,0,2157,0
2,2,0,4873,0
1,0,0,725,0
1,0,0,69,1
0,0,0,311,1
0,0,0,388,1
0,0,0,351,1
0,0,0,315,1
2,0,0,692,0
5,2,0,1170,0
1,0,0,2454,0
2,0,0,4496,0
0,2,0,1225,0
1,0,0,170,1
1,0,0,170,1
0,5,0,5744,0
0,0,0,113,1
1,1,0,880,0
3,0,0,3670,0
0,0,0,1411,0
1,0,0,995,0
0,1,0,878,0
1,0,0,169,1
1,0,0,150,1
1,0,0,170,1
2,0,0,326,0
1,0,0,168,1
1,0,0,170,1
1,0,0,121,1
0,1,0,1238,0
2,0,0,1679,0
1,1,0,1910,0
0,0,0,637,0
1,0,0,187,1
3,1,0,6112,0
1,0,0,122,1
3,1,0,1827,0
1,0,0,56,1
1,2,0,800,0
0,8,0,1628,0
1,1,0,1726,0
2,0,0,5703,0
3,3,0,965,0
1,0,0,106,1
2,0,0,1321,1
1,0,0,347,1
0,0,0,567,1
4,0,0,7745,0
2,0,0,559,0
0,5,0,2154,0
3,1,0,597,0
0,0,0,402,0
1,0,0,114,1
0,0,0,88,1
0,0,0,96,1
0,0,0,92,1
0,4,0,4068,0
0,0,0,552,0
2,0,0,1369,0
0,0,0,3249,0
1,0,0,69,1
0,0,0,1317,0
0,0,0,2269,0
0,0,0,53,1
0,0,0,932,0
2,0,0,840,0
2,0,0,1471,0
0,1,0,1608,0
105,16,0,33728,0
0,0,0,1452,0
14,4,0,4508,0
1,2,0,1070,0
1,0,0,99,1
2,0,0,7138,0
0,0,0,813,1
1,1,0,59,1
2,0,0,1476,0
4,0,0,4368,0
4,0,0,1720,0
4,0,0,1155,0
1,0,0,1002,0
0,0,0,307,1
1,0,0,169,1
1,0,0,407,0
1,0,0,176,1
1,0,0,978,0
1,2,0,2616,0
0,0,0,1289,0
4,0,0,1413,0
1,2,0,473,1
4,0,0,1418,0
1,0,0,977,0
0,0,0,341,1
1,0,0,112,1
0,0,0,398,0
1,0,0,1111,0
5,0,0,1359,0
0,0,0,318,0
2,0,0,4489,0
1,0,0,177,1
12,3,0,18753,0
2,0,0,4486,0
9,3,0,16748,0
12,3,0,18753,0
5,0,0,1459,0
5,0,0,1458,0
3,2,0,5540,0
1,0,0,389,1
0,0,0,933,0
1,0,0,2288,0
1,0,0,122,1
2,0,0,628,0
5,0,0,5853,0
28,1,0,12941,0
1,0,0,761,0
0,1,0,694,0
1,0,0,600,0
1,0,0,301,1
0,0,0,206,1
1,4,0,2026,0
1,0,0,419,1
0,0,0,260,1
2,0,0,1197,0
2,0,0,158,1
10,0,0,5425,0
0,0,0,503,0
4,0,0,2982,0
2,2,0,1356,0
2,0,0,2857,0
0,0,0,248,1
4,0,0,4629,0
1,0,0,63,1
1,3,0,5895,0
1,0,0,96,1
2,0,0,677,0
2,0,0,697,0
1,0,0,513,0
104,15,0,32364,0
1,0,0,2385,0
0,1,0,3330,0
1,0,0,75,1
0,0,0,842,0
1,0,0,255,1
1,0,0,254,1
1,0,0,365,1
1,0,0,111,1
2,2,0,8835,0
0,2,0,2253,0
5,3,0,4422,0
2,0,0,886,0
0,0,0,1399,0
0,0,0,209,1
2,2,0,5308,0
1,0,0,70,1
3,0,0,1715,0
1,0,0,157,1
0,0,0,2116,0
1,3,0,523,0
2,4,0,5527,0
1,0,0,491,1
2,0,0,1043,0
1,0,0,186,1
1,0,0,86,1
4,0,0,4077,0
0,1,0,626,0
1,0,0,107,1
1,0,0,112,1
2,0,0,4617,0
1,3,0,1513,0
5,2,0,4346,0
0,0,0,1145,0
1,0,0,170,1
1,0,0,167,1
1,0,0,70,1
1,0,0,68,1
0,0,0,243,1
2,0,0,548,0
0,0,0,69,1
6,1,0,1123,0
1,0,0,135,0
11,0,0,2524,0
1,0,0,628,0
1,0,0,56,1
1,0,0,125,1
1,0,0,99,1
1,0,0,85,1
0,0,0,665,0
0,0,0,250,1
1,0,0,132,1
3,0,0,1079,0
2,1,0,846,0
0,0,0,1888,0
0,3,0,1106,0
1,0,0,316,1
0,0,0,1191,0
1,0,0,175,1
1,1,0,5660,0
13,1,0,34207,0
5,0,0,6405,0
2,0,0,932,0
0,0,0,317,1
0,0,0,311,1
0,0,0,147,1
1,0,0,201,1
1,1,0,566,0
4,0,0,1250,0
1,0,0,831,0
1,0,0,643,0
2,0,0,712,0
1,0,0,62,1
1,0,0,1199,0
0,1,0,976,0
2,0,0,173,1
0,7,0,8239,0
1,0,0,115,1
1,1,0,216,1
3,0,0,873,0
0,0,0,1393,0
1,0,0,100,1
1,0,0,99,1
1,0,0,454,1
2,1,0,2164,0
0,0,0,314,1
0,0,0,111,1
1,0,0,53,1
0,0,0,319,1
0,3,0,584,1
2,2,0,745,0
0,0,0,310,1
1,0,0,177,1
1,1,0,963,0
3,1,0,877,0
3,0,0,1547,0
2,0,0,1282,0
1,0,0,119,1
0,0,0,190,1
0,0,0,316,1
0,0,0,3476,0
1,0,0,97,1
0,0,0,313,1
3,1,0,1232,0
0,0,0,1793,0
0,0,0,423,0
2,0,0,3925,0
3,2,0,5598,0
0,0,0,318,1
0,0,0,482,0
1,0,0,70,1
0,0,0,56,1
1,0,0,99,1
0,0,0,2621,0
0,0,0,96,0
1,0,0,1006,0
2,1,0,760,0
9,2,0,2712,0
0,0,0,704,0
0,0,0,830,1
0,0,0,81,1
3,0,0,1004,0
0,0,0,314,1
0,0,0,4567,0
2,1,0,788,0
1,0,0,1135,0
2,2,0,8212,0
9,2,0,2712,0
3,0,0,3576,0
1,0,0,126,1
0,0,0,428,1
1,0,0,606,0
3,0,0,1836,0
1,0,0,40,1
1,0,0,220,1
3,0,0,2598,0
1,2,0,1378,0
86,8,0,31243,0
1,0,0,488,0
2,0,0,986,0
0,0,0,206,1
2,2,0,828,0
1,0,0,189,1
1,0,0,2300,0
0,0,0,268,1
0,0,0,317,1
1,1,0,763,0
0,0,0,588,0
1,0,0,171,1
0,0,0,319,1
1,0,0,62,1
3,0,0,2736,0
1,0,0,256,1
1,0,0,274,1
1,1,0,317,1
1,0,0,306,1
2,0,0,204,1
0,0,0,790,0
3,0,0,4251,0
0,0,0,1196,0
1,0,0,185,1
1,0,0,169,1
1,0,0,177,1
1,1,0,638,1
0,0,0,123,1
2,0,0,2177,0
0,0,0,1287,0
0,0,0,849,0
0,0,0,416,1
0,0,0,426,1
0,0,0,434,1
3,1,0,2525,0
0,0,0,452,1
0,0,0,430,1
0,0,0,100,1
2,0,0,1517,0
1,0,0,177,1
1,0,0,390,1
1,0,0,86,1
0,0,0,105,1
1,2,0,9077,0
3,0,0,1101,0
2,0,0,1159,0
0,0,0,867,0
1,0,0,84,1
1,0,0,390,1
1,0,0,170,1
1,0,0,169,1
1,0,0,159,1
0,0,0,101,1
0,0,0,316,1
0,0,0,111,1
0,0,0,206,1
1,0,0,290,1
0,2,0,817,0
1,0,0,75,1
2,1,0,2792,0
0,0,0,1335,0
0,0,0,431,1
4,0,0,516,0
0,0,0,656,1
1,0,0,274,1
1,0,0,172,1
1,0,0,390,1
2,0,0,779,0
0,0,0,1280,0
0,0,0,432,1
10,2,0,2688,0
0,0,0,1037,0
20,3,0,7080,0
2,0,0,668,0
0,0,0,770,0
0,1,0,110,1
1,0,0,172,1
0,0,0,594,1
0,0,0,632,0
0,0,0,392,1
0,0,0,444,1
1,0,0,178,1
1,0,0,390,1
1,0,0,390,1
0,0,0,2017,0
0,0,0,1081,0
0,0,0,196,1
0,0,0,443,1
1,0,0,341,1
0,0,0,449,1
0,0,0,439,1
0,0,0,422,1
0,0,0,415,1
1,0,0,158,1
4,2,0,1779,0
1,0,0,190,1
0,0,0,444,1
1,0,0,1597,0
0,0,0,232,1
0,0,0,199,1
1,0,0,920,0
2,0,0,502,0
3,0,0,2548,0
2,0,0,1753,0
4,0,0,1889,0
0,0,0,426,1
0,0,0,2389,0
1,0,0,177,1
0,0,0,432,1
0,0,0,421,1
2,0,0,1038,0
0,0,0,452,1
4,2,0,1779,0
1,0,0,315,1
0,0,0,408,1
0,0,0,432,1
0,0,0,421,1
0,0,0,430,1
1,0,0,170,1
1,0,0,301,1
0,0,0,305,0
1,0,0,1278,0
2,0,0,1276,0
5,1,0,5908,0
1,0,0,169,1
0,0,0,950,0
0,0,0,438,1
1,0,0,83,1
4,0,0,7214,0
0,0,0,437,1
0,0,0,446,1
0,0,0,437,1
0,0,0,432,1
0,0,0,447,1
0,0,0,413,1
0,0,0,422,1
1,0,0,3193,0
2,0,0,1446,0
0,0,0,1501,0
1,0,0,167,1
0,0,0,409,1
2,0,0,1552,0
0,0,0,413,1
0,0,0,442,1
1,0,0,142,1
0,0,0,446,1
0,0,0,1467,0
0,0,0,413,1
1,0,0,2741,0
1,0,0,164,1
1,0,0,1475,0
1,0,0,163,1
1,0,0,175,1
0,0,0,316,1
0,0,0,314,1
2,0,0,1483,0
0,0,0,4776,0
3,0,0,5401,0
2,0,0,335,0
2,0,0,1510,0
0,0,0,434,1
2,1,0,940,0
1,0,0,165,1
3,1,0,1296,0
1,0,0,309,1
1,0,0,330,1
0,0,0,910,0
0,0,0,448,1
0,0,0,436,1
1,0,0,2102,0
0,0,0,443,1
0,0,0,420,1
0,0,0,312,1
3,0,0,2347,0
0,0,0,413,1
0,0,0,435,1
0,0,0,316,1
0,0,0,319,1
0,0,0,423,1
0,0,0,419,1
1,0,0,161,1
1,0,0,337,1
0,0,0,313,1
0,0,0,454,1
0,0,0,446,1
1,0,0,123,1
1,1,0,838,0
2,0,0,1229,0
0,0,0,320,1
0,0,0,243,1
0,0,0,420,1
0,0,0,319,1
2,0,0,352,0
0,0,0,317,1
0,0,0,422,1
0,0,0,145,0
0,0,0,320,1
1,0,0,1544,0
0,0,0,321,1
1,0,0,387,1
0,0,0,433,1
2,0,0,2112,0
1,0,0,113,1
2,0,0,2143,0
0,0,0,1273,0
5,2,0,6507,0
1,0,0,244,1
1,0,0,305,1
1,0,0,102,1
1,0,0,177,1
0,0,0,978,0
1,0,0,149,1
0,0,0,430,1
1,0,0,105,1
0,0,0,207,1
1,0,0,307,1
1,0,0,322,1
1,0,0,300,1
1,0,0,80,1
0,0,0,313,1
1,0,0,120,1
4,5,0,1224,0
1,0,0,573,1
0,0,0,442,1
1,2,0,876,0
0,0,0,1071,0
31,2,0,8576,0
0,0,0,1523,0
1,0,0,63,1
1,0,0,72,1
0,0,0,312,1
0,0,0,335,0
0,0,0,325,1
1,0,0,89,1
1,0,0,382,1
0,2,0,1481,1
0,0,0,314,1
0,0,0,443,1
4,0,0,753,0
1,0,0,163,1
0,0,0,417,0
0,0,0,255,0
2,0,0,802,0
0,0,0,487,0
0,0,0,90,1
2,0,0,1164,0
1,0,0,64,1
0,0,0,39,1
0,0,0,252,0
1,0,0,294,1
0,0,0,415,1
0,0,0,317,1
127,130,0,29831,0
0,1,0,678,0
2,0,0,1810,0
2,0,0,469,0
2,2,0,2640,0
1,0,0,521,1
1,0,0,84,1
0,0,0,214,1
2,0,0,2214,0
1,0,0,110,1
2,0,0,1895,0
1,0,0,65,1
7,0,0,3404,0
15,0,0,1700,0
67,11,0,23631,0
0,0,0,93,1
1,0,0,203,1
0,0,0,699,0
1,1,0,100,1
4,1,0,7923,0
0,0,0,195,1
0,0,0,118,0
0,0,0,200,1
1,0,0,174,1
3,0,0,715,0
1,0,0,662,0
1,0,0,4145,0
0,0,0,357,1
0,0,0,4523,0
0,0,0,198,1
1,0,0,342,1
0,0,0,491,0
0,0,0,1005,0
2,0,0,145,1
7,0,0,4219,0
0,0,0,3562,0
0,0,0,316,1
1,0,0,276,1
1,0,0,302,1
1,0,0,128,1
1,0,0,1281,0
1,0,0,150,1
3,0,0,967,0
1,0,0,267,0
0,0,0,3080,0
1,0,0,1456,0
2,0,0,3628,0
3,1,0,7405,0
1,0,0,71,1
0,0,0,315,1
0,0,0,269,1
0,0,0,323,1
0,0,0,1743,0
1,0,0,184,1
0,0,0,310,1
5,0,0,1060,0
1,0,0,68,1
1,0,0,230,0
0,0,0,143,1
1,0,0,174,1
3,0,0,9941,0
0,0,0,265,0
4,0,0,2711,0
0,0,0,918,0
0,0,0,3270,0
0,0,0,865,0
1,0,0,355,1
1,0,0,168,1
1,0,0,161,1
0,0,0,373,1
1,0,0,166,1
0,0,0,265,1
0,0,0,314,1
1,0,0,363,1
1,0,0,67,1
1,0,0,166,1
2,0,0,285,0
1,0,0,70,1
1,0,0,171,1
0,0,0,60,1
0,0,0,843,0
1,0,0,265,1
1,0,0,171,1
1,0,0,167,1
0,0,0,918,0
2,0,0,4353,0
1,0,0,438,0
0,1,0,550,0
1,0,0,169,1
1,0,0,100,1
1,0,0,259,1
1,1,0,187,1
0,0,0,220,1
1,0,0,171,1
1,0,0,168,1
1,1,0,368,1
0,0,0,322,1
0,0,0,405,0
1,0,0,186,1
1,0,0,126,1
0,0,0,317,1
3,0,0,5254,0
0,0,0,49,1
0,0,0,310,1
2,0,0,2015,0
2,0,0,472,0
0,0,0,1293,0
2,0,0,2542,0
0,0,0,1081,0
1,0,0,171,1
0,0,0,2052,0
1,0,0,390,1
1,0,0,685,0
0,0,0,299,1
1,0,0,89,1
1,0,0,401,1
2,1,0,1817,0
1,0,0,217,1
1,0,0,231,1
1,0,0,162,1
0,2,0,1486,1
5,0,0,2908,0
2,1,0,1161,0
24,0,0,3896,1
2,0,0,725,0
0,3,1,1282,0
0,0,0,955,0
0,0,0,652,1
0,0,0,521,0
0,0,0,320,1
3,0,0,1424,0
1,0,0,488,1
1,0,0,77,1
0,0,0,20605,0
2,0,0,1788,0
0,0,0,115,0
0,0,0,273,0
1,0,0,512,1
11,0,0,9706,0
0,0,0,1073,0
0,1,0,112,1
2,0,0,1872,0
1,0,0,330,1
0,2,0,1713,0
1,0,0,829,0
1,0,0,97,1
0,0,0,1308,0
1,0,0,3160,0
3,0,0,4559,0
1,0,0,204,1
0,0,0,88,1
1,0,0,2592,0
0,1,0,2238,0
0,0,0,425,0
2,0,0,380,0
1,0,0,98,1
0,0,0,1764,0
2,0,0,2529,0
1,0,0,587,0
1,0,0,322,1
0,0,0,111,1
2,0,0,605,0
0,0,0,111,1
0,0,0,863,1
0,0,0,231,1
1,0,0,166,1
0,0,0,109,1
1,0,0,555,0
24,0,0,3898,1
1,0,0,100,1
1,0,0,101,1
0,0,0,2083,0
1,1,0,1904,0
2,0,0,1049,0
2,1,0,979,0
1,0,0,120,1
1,0,0,103,1
1,0,0,282,1
0,0,0,319,1
1,0,0,225,1
1,0,0,390,1
2,0,0,1167,0
0,0,0,316,1
6,0,0,1307,1
0,0,0,1200,0
1,0,0,107,1
1,0,0,170,1
0,0,0,321,1
0,0,0,282,1
0,0,0,7387,0
0,0,0,319,1
0,0,0,3876,0
2,1,0,1144,0
3,0,0,2080,0
2,1,0,1139,0
1,0,0,298,1
0,1,0,832,1
0,0,0,59,1
0,0,0,1282,0
1,0,0,352,1
1,2,0,1100,0
1,0,0,151,1
0,0,0,771,0
0,0,0,1913,0
2,0,0,1120,0
1,0,0,298,1
2,0,0,1545,0
1,0,0,170,1
1,0,0,211,1
1,0,0,1485,0
2,1,0,1078,0
1,0,0,78,1
1,0,0,8115,0
1,0,0,209,1
0,0,0,3136,0
1,0,0,861,0
2,1,0,1328,0
2,1,0,1333,0
0,0,0,1311,0
1,0,0,85,1
3,0,0,1293,0
0,0,0,552,0
0,0,0,316,1
0,0,0,802,1
0,0,0,318,1
0,1,0,227,1
1,0,0,106,1
2,0,0,1774,0
1,0,0,111,1
2,0,0,647,0
0,1,0,108,1
1,0,0,1224,0
1,0,0,94,1
1,0,0,115,1
1,0,0,107,1
1,0,0,114,1
0,0,0,202,0
2,1,0,1715,0
1,0,0,375,0
3,0,0,975,0
0,0,0,2396,0
0,0,0,786,1
1,0,0,222,1
3,0,0,1929,0
0,0,0,313,1
0,0,0,110,1
0,0,0,313,1
1,0,0,386,1
0,0,0,312,1
1,0,0,146,1
1,0,0,301,1
3,0,0,334,0
0,0,0,317,1
1,0,0,95,1
1,0,0,1469,0
1,0,0,1990,0
8,0,0,9558,0
0,0,0,999,0
0,0,0,953,0
2,2,0,1731,0
1,0,0,505,1
1,0,0,72,1
4,2,0,2244,0
0,1,0,379,1
1,0,0,495,1
2,0,0,1892,0
2,0,0,7130,0
0,0,0,2821,0
0,0,0,310,0
1,0,0,225,1
1,0,0,423,0
1,0,0,247,1
1,0,1,93,1
1,0,0,390,1
0,0,0,743,1
1,0,0,103,1
0,0,0,92,1
1,0,0,100,1
0,0,0,355,0
2,0,0,858,0
1,0,0,835,0
4,2,0,1950,0
0,0,0,99,1
1,0,0,370,1
1,0,0,168,1
0,0,0,108,1
0,0,0,732,1
0,0,0,110,1
20,4,0,5350,0
0,0,0,110,1
1,0,0,390,1
2,0,0,1091,0
1,0,0,119,1
0,0,0,111,1
0,0,0,186,1
0,0,0,387,0
1,0,0,296,1
0,0,0,963,0
19,4,0,7767,0
3,0,0,1580,0
0,0,0,986,0
0,0,0,112,1
1,0,0,165,1
0,0,0,458,0
1,2,0,906,0
1,0,0,172,1
1,0,0,178,1
4,0,0,1918,0
0,0,0,320,1
0,0,0,43,1
2,0,0,1339,0
0,0,0,120,0
4,0,0,744,0
3,4,0,1145,0
0,1,0,764,0
1,0,0,394,0
1,0,0,3619,0
0,0,0,318,1
0,1,0,647,1
0,0,0,825,1
0,0,0,314,1
0,0,0,216,1
0,0,0,1540,1
0,0,0,99,1
1,1,0,509,0
0,0,0,316,1
1,0,0,169,1
0,0,0,315,1
1,0,0,126,1
1,0,0,168,1
2,1,0,1587,0
1,0,0,152,1
1,0,0,1185,0
2,0,0,1020,0
0,0,0,14190,0
2,0,0,1509,0
2,0,0,1038,0
1,0,0,281,1
1,0,0,337,1
1,0,0,169,1
1,0,0,129,1
1,0,0,164,1
1,0,0,74,1
0,0,0,312,1
1,0,0,331,0
1,0,0,262,1
1,0,0,363,1
0,0,0,318,1
0,0,0,86,1
1,0,0,107,1
1,1,0,1141,0
1,0,0,171,1
1,0,0,356,1
1,0,0,167,1
1,1,0,380,0
0,0,0,442,0
0,0,0,1540,0
3,0,0,2104,0
1,0,0,187,1
0,0,0,273,0
0,0,0,314,1
0,0,0,308,0
0,0,0,852,1
1,0,0,349,1
4,0,0,3457,0
0,0,0,236,1
1,0,0,167,1
0,0,0,3339,0
1,0,0,588,0
0,0,0,545,0
1,1,0,3043,0
0,0,0,265,1
1,0,0,127,1
0,0,0,824,1
1,0,0,630,0
1,1,0,202,1
2,0,0,951,0
4,0,0,1650,0
1,0,0,213,1
1,0,0,102,1
1,0,0,332,1
2,0,0,930,1
1,13,0,16830,0
1,0,0,86,1
2,0,0,1737,0
1,1,0,2290,0
0,0,0,1439,0
4,1,0,6124,0
1,0,0,508,1
0,0,0,845,1
1,0,0,116,1
2,0,0,3505,0
1,0,0,189,1
0,0,0,1538,1
1,0,0,479,1
3,0,0,1348,0
1,0,0,415,1
0,0,0,834,1
3,0,0,1148,0
1,0,0,280,1
3,1,0,2769,0
0,0,0,924,0
2,0,0,1212,0
0,0,0,487,0
1,0,0,410,1
1,0,0,2283,0
1,0,0,978,1
3,0,0,2883,0
1,0,0,266,1
0,0,0,1037,0
0,0,0,148,1
0,0,0,800,1
2,0,0,624,0
4,0,0,2696,0
1,0,0,298,1
0,1,0,769,1
0,0,0,6094,0
1,0,0,123,0
0,0,0,306,0
12,1,0,4696,0
1,1,0,453,1
2,0,0,884,0
3,0,0,1104,0
1,0,0,65,1
0,0,0,625,0
0,0,0,2863,0
4,0,0,2379,0
1,0,0,300,1
0,0,0,310,1
1,0,0,384,1
3,0,0,1154,0
1,0,0,3497,0
3,0,0,1183,0
3,1,0,2264,0
1,0,0,71,1
1,0,0,224,1
2,0,0,609,0
3,0,0,240,1
1,0,0,406,1
0,0,0,315,1
2,1,0,684,0
0,0,0,82,1
0,0,0,1108,0
0,0,0,277,0
2,0,0,708,0
2,1,0,1379,0
3,0,0,1522,0
0,0,0,311,1
1,0,0,178,1
0,0,0,723,0
4,0,0,1006,0
3,0,0,1651,0
0,0,0,1222,0
8,0,0,8535,0
4,0,0,1557,0
2,1,0,1338,0
1,0,0,1395,0
4,2,0,774,0
1,1,0,401,1
1,2,0,1354,0
0,0,0,2374,0
0,0,0,1712,0
0,0,0,57,1
0,0,0,311,1
0,0,0,319,1
0,0,0,291,1
0,0,0,188,1
1,1,0,186,1
0,0,0,322,1
0,0,0,844,1
0,0,0,256,0
0,0,0,425,1
1,0,0,294,1
1,0,0,3902,0
0,0,0,786,1
0,0,0,425,0
2,0,0,1331,0
0,0,0,3853,0
1,3,0,3712,0
2,0,0,1394,0
0,0,0,603,0
0,0,0,58,0
4,0,0,823,0
1,0,0,119,1
0,0,0,102,0
0,0,0,369,1
0,0,0,1496,0
0,0,0,194,1
3,1,0,1109,0
1,0,0,479,1
0,0,0,171,0
0,0,0,317,1
1,0,0,348,1
5,0,0,3990,0
1,0,0,316,1
0,0,0,182,0
0,0,0,315,1
0,0,0,312,1
0,0,0,316,1
0,0,0,51,0
1,1,0,308,1
0,10,0,4578,0
1,0,0,421,1
0,0,0,314,1
1,1,0,265,1
0,0,0,309,1
2,0,0,693,0
1,0,0,178,1
1,0,0,519,1
0,0,0,321,1
1,0,0,174,1
1,0,0,112,1
0,0,0,315,1
2,2,0,1970,0
0,0,0,315,1
1,0,0,82,1
0,0,0,514,0
1,0,0,175,1
0,0,0,317,1
0,0,0,859,1
0,0,0,313,1
0,0,0,322,1
0,0,0,316,1
2,0,0,1309,0
0,0,0,317,1
2,0,0,2851,0
6,0,0,2178,0
2,0,0,1048,0
0,0,0,321,1
1,1,0,3957,0
1,0,0,175,1
0,0,0,320,1
0,0,0,86,1
2,0,0,1154,0
1,0,0,173,1
0,0,0,319,1
2,0,0,775,0
0,0,0,318,1
1,1,0,511,1
1,0,0,60,1
1,0,0,487,1
1,0,0,173,1
0,0,0,501,0
1,0,0,532,1
1,0,0,298,1
0,0,0,318,1
0,0,0,316,1
4,2,0,2741,0
0,2,0,1481,1
0,2,0,1485,1
0,0,0,320,1
0,0,0,314,1
1,0,0,172,1
0,0,0,320,1
0,0,0,215,1
1,0,0,390,1
0,0,0,320,1
0,0,0,2636,0
1,1,0,169,1
0,0,0,320,1
0,0,0,317,1
0,0,0,316,1
2,0,0,1327,0
1,1,0,10146,0
4,4,0,2490,0
2,0,0,885,0
0,0,0,321,1
1,0,0,99,1
1,0,0,111,1
0,0,0,316,1
0,0,0,319,1
0,0,0,312,1
2,0,0,1311,0
0,0,0,324,1
0,0,0,321,1
5,8,0,17808,0
0,0,0,313,1
0,0,1,325,1
1,0,0,352,1
0,0,0,315,1
1,3,0,5455,0
0,0,0,312,1
0,0,0,318,1
0,0,0,317,1
1,0,0,471,1
6,2,0,3756,0
1,0,0,440,0
1,1,0,3478,0
0,0,0,100,1
1,0,0,1222,0
0,0,0,319,1
0,0,0,414,0
0,1,0,537,1
1,0,0,172,1
0,0,0,800,0
2,0,0,890,0
1,0,0,606,0
0,2,0,1878,0
1,0,0,547,1
1,0,0,281,1
1,0,0,162,1
2,0,0,1119,0
1,0,0,260,1
1,0,0,260,1
3,0,0,1424,0
0,1,0,70,1
1,0,0,259,1
1,0,0,349,1
1,1,0,569,1
1,0,0,176,1
0,0,0,1732,0
1,0,0,276,1
2,0,0,1294,0
0,0,0,28,1
9,5,0,3715,0
1,0,0,352,1
0,0,0,399,1
24,0,0,3897,1
0,0,0,447,0
1,2,0,5541,0
2,0,0,1722,0
3,0,0,1577,0
0,0,0,107,1
2,0,0,978,0
6,0,0,1717,0
1,0,0,291,1
0,0,0,316,1
0,0,0,592,0
3,0,0,1891,0
0,0,0,320,1
0,0,0,330,1
0,0,0,836,1
0,3,0,2730,0
0,0,0,309,1
2,13,0,5244,0
1,0,0,94,1
1,0,0,321,1
69,6,0,26369,0
1,0,0,174,1
0,0,0,321,1
1,1,0,2768,0
1,0,0,261,1
1,0,0,2449,0
1,0,0,1104,0
3,9,0,3615,0
0,0,0,1306,0
0,0,0,465,1
3,3,0,1465,0
1,0,0,297,1
0,0,0,312,1
2,0,0,1202,0
1,0,0,350,1
2,0,0,1213,0
0,0,0,316,1
1,0,0,259,1
0,0,0,313,1
1,0,0,876,0
1,0,0,259,1
1,0,0,390,1
1,0,0,260,1
0,0,0,316,1
0,0,0,1024,0
0,0,0,317,1
1,0,0,327,1
1,0,0,7526,0
0,0,0,315,1
0,0,0,318,1
0,0,0,452,1
2,0,0,1739,0
0,0,0,202,0
2,0,0,1169,0
2,0,0,1395,0
0,0,0,1110,0
0,0,0,140,0
0,0,0,317,1
0,0,0,322,1
0,0,0,103,1
0,0,0,315,1
0,1,0,2120,0
0,0,0,314,1
0,0,0,314,1
0,0,0,318,1
1,0,0,151,1
1,0,0,246,1
0,0,0,313,1
0,0,0,313,1
0,0,0,324,1
0,0,0,312,1
0,0,0,314,1
0,0,0,319,1
0,0,0,3638,0
0,0,0,316,1
0,0,0,316,1
1,0,0,259,1
1,0,0,138,1
1,0,0,119,1
0,0,0,473,1
1,0,0,430,1
1,0,0,341,1
7,2,0,1446,0
0,0,0,319,1
0,1,0,110,1
1,0,0,294,1
4,0,0,2716,0
6,0,0,2462,0
0,0,0,860,0
0,0,0,315,1
0,0,0,317,1
0,0,0,315,1
0,0,0,315,1
0,0,0,315,1
0,6,0,1557,0
0,0,0,317,1
0,0,0,313,1
0,0,0,1772,0
1,0,0,647,1
0,0,0,319,1
1,0,0,1485,0
7,0,0,3525,0
1,0,0,336,1
1,0,0,92,1
5,0,0,3767,0
1,0,0,439,1
2,0,0,1705,0
3,0,0,1661,0
8,0,0,4630,0
2,1,0,635,0
5,3,0,15062,0
1,0,0,304,0
1,0,0,476,1
1,0,0,390,1
2,0,0,2011,0
1,0,0,260,1
0,0,0,1396,0
1,0,0,3897,0
1,0,0,448,1
0,1,0,107,1
1,0,0,260,1
1,0,0,358,1
0,0,0,315,1
0,0,0,419,0
1,0,0,123,1
0,0,0,312,1
1,0,0,298,1
0,0,0,631,0
0,0,0,96,1
1,0,0,341,1
3,19,0,5231,0
3,0,0,920,0
0,0,0,350,0
3,0,0,4199,0
2,0,0,1481,0
6,2,0,3083,0
1,0,0,266,1
1,0,0,173,1
2,0,0,643,0
1,0,0,502,1
0,0,0,478,1
1,0,0,170,1
5,0,0,3604,0
0,0,0,426,1
1,0,0,1229,0
1,1,0,208,1
3,0,0,1800,0
0,0,0,550,1
1,0,0,214,1
1,1,0,227,1
0,0,0,583,0
0,0,0,320,1
5,1,0,15074,0
1,0,0,259,1
1,0,0,127,1
1,0,0,262,1
8,0,0,5622,0
1,1,0,231,1
1,0,0,298,1
1,0,0,100,1
3,0,0,978,0
1,0,0,265,0
2,0,0,4028,0
7,3,0,1958,0
1,0,0,356,1
1,0,0,682,0
1,0,0,173,1
0,0,0,457,1
4,0,0,1823,0
0,0,0,92,1
1,0,0,176,1
2,0,0,939,0
1,0,0,260,1
1,0,0,365,1
0,1,0,106,1
0,0,0,1154,0
1,0,0,173,1
1,0,0,66,1
1,0,0,147,1
1,0,0,173,1
1,0,0,1114,1
0,0,0,81,0
1,0,0,253,1
3,0,0,1601,0
2,1,0,4510,0
0,0,0,319,1
0,0,0,556,1
3,0,0,1021,0
1,0,0,258,1
1,0,0,226,1
0,0,0,324,1
1,0,0,177,1
2,0,0,1831,0
1,0,0,390,1
8,0,0,2068,0
1,0,0,261,1
0,0,0,1092,0
0,0,0,316,1
3,0,0,1485,0
1,0,0,136,1
0,0,0,315,1
1,0,0,298,1
0,0,0,315,1
4,0,0,7830,0
11,6,0,2459,0
0,1,0,508,0
5,1,0,3447,0
2,0,0,189,1
1,0,0,165,1
1,1,0,3067,0
1,0,0,101,1
1,4,0,1708,0
0,0,0,315,1
3,0,0,2579,0
0,0,0,577,1
1,0,0,399,1
0,2,0,3921,0
1,0,0,1031,0
1,0,0,386,1
0,0,0,87,1
0,0,0,129,1
0,0,0,447,1
0,0,0,5057,0
2,2,0,341,0
3,0,0,1650,0
0,0,0,132,1
0,0,0,488,1
3,12,0,4802,0
0,2,0,4693,0
1,0,0,446,1
2,0,0,1279,0
2,2,0,341,0
1,1,0,194,1
1,0,0,422,1
0,1,0,2392,0
1,1,0,3287,0
2,0,0,6230,0
3,0,0,4675,0
2,4,0,4402,0
0,3,0,605,0
6,0,0,2229,0
0,0,0,505,1
1,1,0,362,1
0,0,0,314,1
0,1,0,113,1
1,0,0,99,1
2,1,0,591,0
1,0,0,66,1
4,0,0,1974,0
1,1,0,104,1
1,0,0,1614,0
1,0,0,288,1
1,0,0,156,1
1,0,0,72,1
1,0,0,265,1
0,0,0,841,1
2,0,0,1762,0
0,0,0,462,1
0,2,0,3299,0
1,0,0,958,0
0,3,0,744,0
1,4,0,9301,0
1,0,0,408,1
0,2,0,808,0
0,0,0,50,1
2,0,0,1757,0
1,4,0,1965,0
3,1,0,3282,0
1,0,0,108,1
2,0,0,1426,0
1,0,0,145,1
1,0,0,205,1
0,0,0,710,0
0,0,0,458,1
1,0,0,161,1
1,1,0,417,1
1,0,0,108,1
1,0,0,278,1
2,0,0,2248,0
1,0,0,274,1
0,0,0,537,0
1,0,0,332,1
1,0,0,555,1
1,0,0,421,1
1,0,0,504,1
2,0,0,830,0
0,0,0,1271,0
1,0,0,741,0
1,0,0,326,1
0,0,0,228,0
1,0,0,428,1
0,1,0,3698,0
0,0,0,841,1
0,0,0,837,1
0,0,0,422,1
3,0,0,1417,0
1,0,0,306,1
1,0,0,381,1
1,0,0,3787,0
0,0,0,437,1
0,0,0,662,0
1,0,0,433,0
1,0,0,270,1
1,0,0,856,0
1,0,0,248,1
1,0,0,4134,0
1,0,0,357,1
0,0,0,319,1
3,1,0,7955,0
3,0,0,662,1
13,2,0,5596,0
0,0,0,235,0
2,1,0,1715,0
0,0,0,1722,0
0,0,0,100,1
0,0,0,1038,0
0,2,0,377,0
0,0,0,46,1
1,0,0,162,1
1,0,0,163,1
1,0,0,218,1
0,0,0,54,1
2,0,0,1445,0
1,0,0,166,1
12,0,0,1663,0
1,0,0,162,1
1,0,0,160,1
0,0,0,143,1
1,0,0,390,1
1,0,0,125,1
1,3,0,989,0
1,0,0,205,1
1,1,0,564,1
0,0,0,543,0
1,0,0,161,1
0,0,0,1458,0
1,0,0,321,1
1,0,0,111,1
5,1,0,11066,0
0,0,0,3820,0
2,3,0,1706,0
0,0,0,1127,0
1,0,0,161,1
1,0,0,106,1
1,0,0,784,0
0,1,0,1919,1
1,0,0,160,1
0,1,0,899,1
2,4,0,1614,0
2,0,0,3695,0
0,0,0,316,1
0,0,0,208,0
1,0,0,82,1
1,1,0,745,0
1,0,0,411,1
1,1,0,417,1
5,1,0,16423,0
1,1,0,197,1
1,0,0,100,1
1,0,0,361,1
2,1,0,1658,0
1,0,0,199,0
1,2,0,2142,0
0,1,0,1062,0
0,0,0,262,0
0,0,0,93,1
0,0,0,802,0
0,0,0,514,0
1,0,0,304,1
1,0,0,90,1
1,0,0,122,1
1,0,0,315,0
5,1,0,5387,0
1,0,0,332,1
1,0,0,1957,0
0,0,0,388,0
0,0,0,102,1
5,0,0,3814,0
2,0,0,1004,0
1,0,0,944,0
1,0,0,375,0
1,0,0,195,1
3,0,0,1507,0
1,0,0,376,1
0,0,0,7619,0
1,0,0,89,1
1,0,0,190,0
1,2,0,8483,0
1,0,0,414,1
1,0,0,161,1
1,0,0,107,1
0,2,0,5566,0
0,0,0,5317,0
0,0,0,1207,0
4,1,0,8619,0
0,2,0,455,1
0,0,0,904,0
1,0,0,299,1
1,0,0,204,1
3,0,0,701,0
1,0,0,337,1
1,0,0,283,1
3,0,0,613,0
0,0,0,788,0
3,0,0,1053,0
0,0,0,207,0
0,2,0,16048,0
0,0,0,236,1
1,0,0,559,0
1,0,0,286,1
0,0,0,558,0
2,0,0,932,0
0,1,0,455,1
1,0,0,162,1
0,0,0,860,1
0,0,0,864,0
2,4,0,2320,0
2,2,0,855,0
2,4,0,2529,0
2,1,0,1711,0
3,4,0,2938,0
1,0,0,186,1
1,0,0,109,1
0,0,0,102,1
3,0,0,1744,0
0,1,0,108,1
1,0,0,88,1
0,0,0,1233,0
3,0,0,1823,0
0,0,0,193,0
6,3,0,1948,0
6,4,0,8395,0
1,0,0,1055,0
2,2,0,1576,0
0,1,0,555,1
2,2,0,1370,0
1,0,0,88,1
0,1,0,425,1
1,0,0,486,1
1,0,0,283,1
3,2,0,3609,0
1,0,0,288,0
1,0,0,298,1
1,0,0,364,1
0,0,0,718,0
2,1,0,889,0
1,0,0,452,0
2,2,0,2018,0
2,0,0,783,0
6,0,0,1845,0
12,7,0,4749,0
0,1,0,106,1
6,0,0,1840,0
1,0,0,266,1
1,0,0,318,1
0,0,0,841,1
1,1,0,457,1
3,0,0,1719,0
14,1,0,5026,0
0,0,0,878,1
0,0,0,411,1
3,0,0,1949,0
1,0,0,125,1
1,0,0,688,0
0,0,0,3598,0
0,3,0,5827,0
0,0,0,1815,0
0,0,0,434,1
1,0,0,1333,0
0,0,0,828,1
1,0,0,102,1
1,0,0,441,1
3,0,0,939,0
1,0,0,436,1
0,0,0,2116,0
4,4,0,2173,0
2,0,0,799,0
1,0,0,200,1
0,0,0,94,1
4,4,0,2173,0
4,4,0,2173,0
4,4,0,2173,0
1,0,0,843,0
0,5,0,3897,0
0,0,0,2977,0
0,1,0,559,1
3,10,0,9446,0
1,0,0,164,1
0,0,0,75,1
1,0,0,96,1
0,0,0,490,0
0,1,0,466,1
4,0,0,1271,0
2,0,0,929,0
5,0,0,1349,0
2,0,0,676,0
1,0,0,163,1
3,0,0,2710,0
0,0,0,320,1
0,0,0,319,1
0,1,0,532,1
0,0,0,2413,0
1,0,0,456,0
0,0,0,77,1
2,1,0,1007,1
4,0,0,1861,0
0,0,0,1140,0
0,0,0,461,1
1,2,0,943,0
0,0,0,419,1
0,0,0,970,0
1,0,0,416,0
1,0,0,2345,0
1,0,0,387,1
1,0,0,285,1
1,0,0,164,1
1,0,0,163,1
0,0,0,314,1
0,0,0,322,1
2,1,0,845,0
266,10,0,60728,0
0,0,0,2325,0
3,0,0,4175,0
4,1,0,2895,0
0,0,0,317,1
4,0,0,2784,0
0,0,0,312,1
0,0,0,2325,0
2,0,0,1114,0
1,0,0,593,0
2,1,0,1199,0
2,0,0,753,0
0,0,0,1018,0
2,5,0,5825,0
84,4,0,28644,0
0,0,0,1767,0
6,0,0,1136,0
1,0,0,428,1
0,0,0,2179,0
2,0,0,955,0
0,0,0,2950,0
0,0,0,114,0
0,0,0,1184,0
8,1,0,1927,0
2,0,0,2369,0
1,0,0,2253,0
1,0,0,391,1
0,0,0,931,0
0,0,0,5505,0
0,2,0,464,1
1,0,0,159,1
2,1,0,875,0
0,2,0,523,1
0,1,0,432,1
0,0,0,600,0
1,0,0,281,1
2,1,0,1017,1
0,0,0,456,0
2,0,0,261,0
1,1,0,418,0
1,0,0,127,1
2,0,0,2863,0
0,0,0,446,0
4,0,0,3465,0
0,0,0,712,0
0,0,0,639,0
0,0,0,277,0
2,0,0,3288,0
24,0,0,3898,1
1,0,0,355,1
1,0,0,475,1
1,0,0,423,1
0,0,0,1353,0
1,0,0,170,1
0,0,0,425,1
0,0,0,458,1
6,1,0,3252,0
0,0,0,442,1
2,1,0,1543,0
0,0,0,318,1
1,0,0,126,1
0,0,0,709,0
0,0,0,321,1
4,0,0,7906,0
1,0,0,97,1
0,0,0,60,1
1,0,0,103,1
0,0,0,931,0
1,0,0,1132,0
0,0,0,345,0
2,0,0,1421,0
1,1,0,7557,0
0,0,0,415,1
1,0,0,402,1
2,0,0,1008,1
0,1,0,532,1
5,0,0,1040,0
0,4,0,768,0
0,0,0,128,1
1,0,0,137,1
1,1,0,7557,0
1,0,0,678,0
1,1,0,7557,0
2,0,0,2045,1
1,0,0,103,1
5,2,0,2321,0
1,0,0,77,1
6,0,0,1770,0
1,0,0,340,1
0,0,0,424,1
2,0,0,2947,0
2,0,0,156,1
3,8,0,10352,0
2,0,0,595,0
0,0,0,1622,0
0,0,0,2102,0
1,0,0,72,1
2,0,0,3665,0
1,0,0,137,1
1,0,0,318,1
15,0,0,6971,0
0,0,0,462,1
1,0,0,62,1
1,0,0,77,1
7,0,0,1369,0
1,0,0,77,1
1,0,0,78,1
0,0,0,357,0
0,0,0,51,1
0,0,0,388,1
2,0,0,618,0
0,0,0,314,0
2,0,0,719,0
0,1,0,140,0
2,0,0,1214,0
1,0,0,594,1
0,0,0,136,0
0,0,0,731,0
0,0,0,59,1
4,2,0,847,0
0,1,0,366,1
0,0,0,400,1
1,0,0,483,1
1,0,0,142,1
1,4,0,2298,0
0,0,0,63,1
0,0,0,1163,0
1,0,0,100,1
1,0,0,714,0
1,0,0,142,1
0,0,0,3575,0
3,0,0,794,0
0,0,0,968,0
0,0,0,847,0
1,0,0,672,1
4,0,0,967,0
1,0,0,106,1
0,0,0,96,1
0,0,0,418,1
2,0,0,876,0
1,0,0,143,1
0,1,0,460,1
0,0,0,285,0
0,0,0,7777,0
1,0,0,143,1
0,0,0,651,0
1,1,0,626,1
1,1,0,197,1
2,0,0,749,0
1,0,0,121,1
3,0,0,755,0
0,0,0,47,1
0,0,0,244,1
0,3,0,24163,0
0,1,0,438,1
27,2,0,12577,0
0,0,0,5736,0
2,0,0,434,0
15,0,0,3078,0
0,0,0,1376,0
1,1,0,573,1
1,0,0,143,1
0,0,0,3003,0
1,0,0,151,1
2,0,0,1008,1
1,23,0,38812,0
1,0,0,118,1
0,0,0,991,0
1,0,0,1255,0
1,0,0,142,1
1,1,0,1725,0
2,1,0,2843,0
3,0,0,1163,0
0,0,0,7507,0
4,0,0,677,0
1,3,0,5112,0
0,0,0,2694,0
103,2,0,23014,0
0,0,0,412,1
2,1,0,2821,0
1,0,0,141,1
1,0,0,435,1
0,0,0,685,0
1,0,0,1152,0
2,0,0,1005,1
0,0,0,1719,0
5,0,0,3735,0
1,1,0,529,0
0,0,0,5980,0
5,0,0,1859,0
0,0,0,2246,0
1,0,0,585,0
6,2,0,1820,0
0,0,0,58,1
1,0,0,144,1
15,1,0,2582,0
0,1,0,110,1
1,0,0,104,1
1,0,0,6817,0
0,0,0,59,1
0,0,0,374,1
0,0,0,314,0
1,0,0,185,1
0,0,0,709,0
2,0,0,907,0
0,0,0,109,1
7,0,0,3014,0
2,7,0,7689,0
0,0,0,312,0
0,0,0,2531,0
1,0,0,140,1
0,0,0,186,1
3,0,0,2972,0
5,0,0,1007,0
1,0,0,293,1
1,1,0,361,1
0,0,0,62,1
0,1,0,483,0
1,0,0,1181,0
1,0,0,1517,0
1,0,0,1905,0
2,0,0,389,0
0,0,0,349,0
2,0,0,1265,0
0,1,0,113,1
2,0,0,1196,0
1,0,0,268,1
3,1,0,1930,0
0,1,0,114,1
1,0,0,316,1
1,0,0,66,1
1,0,0,275,1
2,0,0,354,0
0,1,0,265,1
3,10,0,9469,0
0,0,0,104,1
0,0,0,678,0
0,0,0,231,1
1,0,0,141,1
2,0,0,1399,0
1,0,0,108,1
1,0,0,142,1
1,0,0,488,0
0,0,0,1592,0
3,2,0,8344,0
0,0,0,1946,0
0,1,0,324,1
2,0,0,642,0
2,0,0,1675,0
0,2,0,337,1
1,0,0,111,1
1,0,0,390,1
2,0,0,5083,0
0,0,0,292,0
5,0,0,927,0
0,0,0,197,0
1,2,0,791,0
0,0,0,684,0
1,0,0,360,1
2,2,0,1690,0
1,0,0,532,1
0,0,0,336,0
0,0,0,454,1
1,0,0,165,1
0,0,0,535,0
0,0,0,199,1
2,0,0,1791,0
1,0,0,173,1
2,2,0,539,0
1,0,0,2698,0
1,0,0,652,0
4,1,0,2484,0
1,1,0,259,1
2,0,0,147,1
4,4,0,2388,0
1,0,0,577,1
4,0,0,5075,0
2,0,0,1137,0
8,6,0,2857,0
0,0,0,1440,0
4,2,0,1401,0
9,1,0,2617,0
4,1,0,2389,0
0,0,0,573,0
1,0,0,177,1
0,0,0,363,1
0,0,0,825,1
1,0,0,305,1
15,3,0,7047,0
1,0,0,126,1
1,0,0,5606,0
1,1,0,1831,0
0,0,0,408,0
3,0,0,841,0
3,0,0,3890,0
3,3,0,2795,0
0,0,0,317,1
0,0,0,316,1
1,1,0,853,0
0,0,0,359,1
1,0,0,86,1
1,0,0,328,1
3,0,0,2451,0
3,1,0,1377,0
1,1,0,358,1
2,1,0,4519,0
0,0,0,620,0
1,1,0,108,1
2,0,0,949,0
0,0,0,208,1
2,0,0,481,0
0,0,0,71,1
6,1,0,1248,0
3,0,0,4265,0
1,0,0,2300,0
0,0,0,911,0
0,1,0,17133,0
9,0,0,6668,0
2,0,0,4749,0
0,0,0,61,1
0,0,0,554,0
1,0,0,143,1
3,0,0,409,0
2,0,0,1197,0
0,1,0,255,1
3,1,0,1847,0
0,0,0,1138,0
0,2,0,312,0
2,0,0,1192,0
1,0,0,2187,0
1,0,0,143,1
2,0,0,347,0
1,0,0,141,1
2,0,0,724,0
0,0,0,1625,0
1,5,0,956,0
3,1,0,3032,0
0,0,0,124,0
2,0,0,504,0
0,0,0,1210,0
2,0,0,551,0
1,0,0,145,1
1,0,0,141,1
0,0,0,1267,0
9,1,0,4169,0
2,0,0,477,0
3,0,0,990,0
0,0,0,65,0
1,0,0,511,1
0,0,0,360,0
7,0,0,2555,0
4,0,0,1122,0
5,0,0,1597,0
2,0,0,310,0
0,0,0,98,0
0,0,0,1149,1
0,0,0,162,1
1,0,0,142,1
0,0,0,428,1
9,0,0,5076,0
1,0,0,456,0
1,0,0,184,1
0,0,0,866,0
0,0,0,727,0
0,0,0,236,1
3,0,0,1868,0
1,0,0,89,1
1,0,0,91,1
1,0,0,111,1
0,0,0,682,0
1,0,0,111,1
1,0,0,94,1
0,0,0,303,1
0,0,0,223,1
1,0,0,93,1
2,1,0,2546,0
0,0,0,107,1
1,0,0,102,1
0,0,0,692,0
0,1,0,114,1
0,0,0,431,1
1,0,0,169,1
1,1,0,108,1
0,0,0,134,0
3,0,0,1074,0
0,3,0,3032,0
1,0,0,105,1
1,0,0,118,1
1,0,0,119,1
1,0,0,120,1
0,0,0,694,0
1,0,0,110,1
0,0,0,415,1
1,0,0,125,1
1,0,0,119,1
1,0,0,126,1
1,0,0,124,1
1,0,0,99,1
4,0,0,2841,0
0,0,0,163,1
1,0,0,372,1
69,0,0,2639,0
1,0,0,71,1
2,0,0,182,1
2,0,0,598,0
2,0,0,1697,0
3,0,0,3031,0
1,0,0,121,1
1,0,0,297,1
1,0,0,322,1
3,0,0,1203,0
2,1,0,1423,0
1,0,0,1087,0
13,0,0,4641,0
3,0,0,3270,0
2,0,0,531,0
3,0,0,331,0
1,0,0,271,1
1,0,0,323,1
1,0,0,322,1
1,0,0,295,1
1,0,0,244,1
1,0,0,276,1
1,0,0,324,1
1,0,0,91,1
0,0,0,70,1
1,0,0,1892,0
1,0,0,308,1
1,0,0,1031,0
1,0,0,113,1
1,0,0,69,1
1,0,0,62,1
1,0,0,1731,0
1,0,0,361,1
1,0,0,318,1
1,0,0,371,1
1,0,0,362,1
7,1,0,1925,0
1,0,0,119,1
1,0,0,348,1
1,0,0,286,1
1,0,0,350,1
1,0,0,295,1
1,1,0,261,1
2,0,0,473,0
0,1,0,235,1
1,0,0,317,1
0,0,0,105,0
1,0,0,260,1
1,0,0,99,1
1,0,0,101,1
0,0,0,693,0
1,0,0,355,1
0,0,0,677,0
1,0,0,290,1
1,0,0,298,1
0,0,0,324,0
2,0,0,2358,0
1,0,0,125,1
1,0,0,473,1
1,0,0,347,1
2,0,0,651,0
1,0,0,337,1
1,0,0,285,1
0,0,0,2037,0
1,0,0,346,1
1,0,0,109,1
1,0,0,369,1
1,0,0,259,1
1,0,0,93,1
1,0,0,615,0
1,0,0,117,1
3,0,0,519,0
1,0,0,2724,0
1,0,0,259,1
1,0,0,325,1
0,0,0,546,1
0,1,0,1178,0
1,0,0,122,1
1,0,0,330,1
1,0,0,312,1
24,1,0,3878,1
0,0,0,240,1
1,0,0,299,1
6,1,0,3243,0
1,0,0,294,1
0,0,0,531,0
4,0,0,4692,0
129,16,0,18825,0
1,0,0,331,1
1,0,0,255,1
1,0,0,297,1
1,0,0,92,1
1,4,0,65385,0
0,2,0,924,0
1,0,0,100,1
0,2,0,924,0
1,0,0,307,1
1,2,0,2430,0
1,0,0,99,1
1,0,0,1292,0
0,0,0,537,0
1,0,0,64,1
101,6,0,31783,0
1,0,0,248,1
24,1,0,3880,1
0,0,0,652,0
1,0,0,341,1
2,0,0,2376,0
1,0,0,308,1
0,2,0,924,0
1,0,0,199,1
1,0,0,258,1
0,7,0,3772,0
1,0,0,465,1
1,0,0,302,1
0,1,0,1568,0
1,1,0,329,1
1,0,0,162,1
0,1,0,114,1
1,0,0,293,1
1,0,0,332,1
1,0,0,331,1
0,0,0,764,0
1,0,0,319,1
1,0,0,294,1
1,0,0,230,1
0,0,0,89,1
1,0,0,327,1
1,0,0,313,1
0,0,0,226,1
2,0,0,1989,0
24,1,0,3871,1
1,0,0,253,1
1,0,0,312,1
24,1,0,3877,1
1,0,0,285,1
0,0,0,93,1
1,0,0,101,1
1,0,0,112,1
0,0,0,278,0
1,0,0,122,1
2,0,0,1467,0
2,0,0,974,0
1,0,0,576,0
2,0,0,1112,0
1,0,0,171,1
1,0,0,173,1
1,0,0,124,1
23,5,0,3774,0
84,5,0,25870,0
1,0,0,161,1
1,0,0,259,1
3,1,0,6061,0
24,1,0,3879,1
1,0,0,247,1
0,15,1,2765,0
1,0,0,314,1
1,0,0,270,1
1,0,0,299,1
1,0,0,169,1
2,0,0,643,0
24,1,0,3878,1
1,0,0,289,1
6,0,0,2305,0
1,0,0,782,0
0,0,0,81,1
0,0,0,790,0
1,0,0,275,1
1,0,0,318,1
3,0,0,1240,0
1,0,0,283,0
1,0,0,99,1
1,0,0,318,1
0,0,0,320,1
1,0,0,113,1
1,0,0,270,1
0,0,0,2018,0
1,0,0,92,1
24,1,0,3879,1
1,0,0,168,1
0,1,0,2112,0
24,1,0,3902,1
24,1,0,3902,1
1,0,0,297,1
24,1,0,3878,1
24,1,0,3902,1
1,0,0,310,1
1,0,0,503,0
1,0,0,283,1
1,0,0,120,1
3,0,0,685,0
1,0,0,112,1
1,0,0,38,1
0,0,0,101,1
2,0,0,1352,0
0,0,0,176,0
1,0,0,765,0
0,1,0,114,1
0,0,0,411,1
2,0,0,4768,0
0,0,0,393,1
0,0,0,38,1
24,1,0,3879,1
6,0,0,1323,1
24,1,0,3878,1
1,0,0,756,0
3,0,0,1419,0
0,0,0,64,1
1,0,0,350,1
24,1,0,3879,1
24,1,0,3879,1
2,0,0,1016,0
0,0,0,279,1
24,1,0,3879,1
1,0,0,368,0
24,1,0,3878,1
1,0,0,245,1
24,1,0,3902,1
1,0,0,373,1
2,0,0,934,0
1,0,0,540,1
24,1,0,3902,1
2,0,0,1533,0
24,1,0,3902,1
0,0,0,72,1
1,0,0,301,1
0,0,0,54,1
1,0,0,299,1
2,1,0,916,0
1,0,0,137,1
1,0,0,137,1
1,0,0,137,1
24,1,0,3902,1
1,0,0,137,1
0,0,0,1998,0
24,1,0,3902,1
1,0,0,291,1
1,0,0,292,1
1,0,0,375,1
1,0,0,275,1
0,0,0,641,0
1,0,0,310,1
0,1,0,2307,0
2,2,0,581,1
1,0,0,358,1
1,0,0,267,1
24,1,0,3902,1
1,0,0,797,0
24,1,0,3879,1
24,1,0,3879,1
24,1,0,3880,1
24,1,0,3902,1
24,1,0,3902,1
24,1,0,3902,1
1,0,0,248,1
1,0,0,177,1
24,1,0,3902,1
0,2,0,556,0
2,0,0,220,1
0,1,0,1086,0
1,1,0,1013,0
4,0,0,1945,0
1,0,0,169,1
24,1,0,3878,1
1,0,0,179,1
1,0,0,282,1
0,0,0,111,0
1,0,0,347,1
0,0,0,1591,0
24,1,0,3902,1
24,1,0,3902,1
24,1,0,3902,1
0,0,0,1518,0
24,1,0,3902,1
0,1,0,1103,0
0,0,0,1046,0
1,0,0,297,1
1,0,0,133,1
0,0,0,1046,0
24,1,0,3902,1
24,1,0,3902,1
24,1,0,3896,1
24,1,0,3876,1
24,1,0,3902,1
1,0,0,77,1
0,0,0,1752,0
0,0,0,621,0
1,0,0,291,1
24,1,0,3902,1
24,1,0,3902,1
0,0,0,824,0
1,0,0,2409,0
24,1,0,3873,1
24,1,0,3902,1
0,0,0,417,0
24,1,0,3902,1
0,0,0,526,0
24,1,0,3902,1
0,0,0,464,0
0,0,0,721,0
0,0,0,1091,0
0,1,0,1040,0
0,0,0,869,0
0,0,0,640,0
24,1,0,3902,1
24,1,0,3902,1
24,1,0,3902,1
1,2,0,11140,0
1,0,0,498,1
24,1,0,3902,1
1,0,0,494,1
0,0,0,1839,0
24,1,0,3902,1
1,0,0,104,1
24,1,0,3880,1
0,0,0,376,1
24,1,0,3881,1
1,0,0,110,1
24,1,0,3902,1
1,0,0,90,1
24,1,0,3902,1
1,0,0,5934,0
0,0,0,321,0
3,0,0,565,0
4,0,0,1356,0
24,1,0,3876,1
0,1,0,284,1
24,1,0,3902,1
24,1,0,3902,1
2,0,0,2327,0
24,1,0,3902,1
1,0,0,390,1
1,0,0,291,1
0,0,0,163,1
1,0,0,107,1
1,0,0,105,1
0,0,0,906,0
1,0,0,537,1
1,0,0,294,1
1,0,0,374,1
1,2,0,12907,0
24,1,0,3902,1
24,1,0,3902,1
0,0,0,3785,0
24,1,0,3902,1
1,0,0,156,1
1,0,0,368,1
1,0,0,114,1
1,0,0,115,1
24,1,0,3902,1
1,0,0,380,1
1,0,0,82,1
24,1,0,3902,1
24,1,0,3902,1
24,1,0,3902,1
24,1,0,3902,1
24,1,0,3902,1
1,0,0,491,1
24,1,0,3902,1
1,2,0,15297,0
24,1,0,3902,1
24,1,0,3902,1
24,1,0,3902,1
1,0,0,793,0
1,0,0,1262,0
1,0,0,376,0
1,1,0,6077,0
0,0,0,876,0
1,1,0,1514,0
24,1,0,3902,1
24,1,0,3902,1
1,0,0,694,0
24,1,0,3902,1
1,0,0,298,1
5,1,0,2674,0
7,1,0,5795,0
0,1,0,2431,0
7,0,0,4364,0
24,1,0,3902,1
24,1,0,3878,1
24,1,0,3878,1
24,1,0,3879,1
24,1,0,3879,1
24,1,0,3902,1
24,1,0,3879,1
24,1,0,3878,1
24,1,0,3878,1
24,1,0,3879,1
1,0,0,673,1
24,1,0,3902,1
24,1,0,3879,1
24,1,0,3878,1
24,1,0,4210,1
1,0,0,287,0
24,1,0,3902,1
24,1,0,3902,1
24,1,0,3878,1
0,0,0,65,1
24,1,0,3879,1
24,1,0,3879,1
24,1,0,3878,1
24,1,0,3879,1
24,1,0,3875,1
24,1,0,3902,1
0,2,0,7163,0
24,1,0,3902,1
24,1,0,3878,1
24,1,0,3878,1
24,1,0,3879,1
24,1,0,3902,1
24,1,0,3878,1
24,1,0,3879,1
1,1,0,2049,0
0,2,0,1493,1
1,0,0,493,1
1,0,0,155,1
1,0,0,45,1
2,0,0,430,0
5,1,0,3900,0
1,0,0,59,1
24,1,0,3879,1
24,1,0,3877,1
24,1,0,3902,1
24,1,0,3878,1
24,1,0,3876,1
1,0,0,468,1
24,1,0,3878,1
24,1,0,3879,1
0,0,0,1738,0
1,0,0,282,1
24,1,0,3902,1
0,5,0,2203,1
24,1,0,3879,1
24,1,0,3902,1
24,1,0,3879,1
1,0,0,254,1
1,0,0,290,1
1,0,0,586,1
1,0,0,313,1
1,0,0,122,1
1,0,0,277,1
1,0,0,270,1
1,0,0,276,1
0,0,0,1174,0
1,0,0,262,1
24,1,0,3902,1
24,1,0,3878,1
24,1,0,3877,1
1,0,0,281,1
24,1,0,3878,1
24,1,0,3902,1
24,1,0,3878,1
24,1,0,3879,1
1,0,0,957,0
0,2,0,816,1
24,1,0,3878,1
1,0,0,139,1
1,0,0,237,1
0,0,0,2670,0
30,7,0,5032,0
2,0,0,952,0
3,3,0,1369,0
24,1,0,3902,1
24,1,0,3902,1
24,1,0,3902,1
0,0,0,843,0
24,1,0,3902,1
2,0,0,427,0
24,1,0,3902,1
1,0,0,139,1
24,1,0,3902,1
24,1,0,3902,1
1,0,0,102,1
1,0,0,170,1
0,0,0,1393,0
24,1,0,3902,1
1,0,0,313,1
24,1,0,3902,1
1,0,0,50,1
1,0,0,106,1
24,1,0,3902,1
24,1,0,3902,1
1,1,0,338,1
2,2,0,338,1
24,1,0,3902,1
1,0,0,94,1
1,0,0,84,1
24,1,0,3902,1
0,0,0,807,0
1,0,0,98,1
0,4,0,3985,0
1,0,0,135,1
2,0,0,2494,0
1,0,0,113,1
24,1,0,3879,1
1,0,0,49,1
1,1,0,105,1
0,0,0,390,1
0,0,0,1623,0
1,0,0,121,1
24,1,0,3902,1
1,0,0,281,1
24,1,0,3902,1
1,0,0,278,1
1,0,0,256,1
1,0,0,172,1
1,0,0,109,1
0,0,0,425,0
0,0,0,352,0
24,1,0,3902,1
1,0,0,1244,0
0,4,0,3982,0
1,0,0,50,1
0,0,0,2404,0
2,0,0,1350,0
2,0,0,1308,0
0,0,0,111,1
1,0,0,282,1
1,0,0,50,1
1,0,0,360,1
2,0,0,3063,0
24,1,0,3902,1
1,0,0,168,1
24,1,0,3902,1
24,1,0,3879,1
1,0,0,115,1
24,1,0,3902,1
0,0,0,858,0
24,1,0,3902,1
1,1,0,323,1
24,1,0,3902,1
0,0,0,62,1
24,1,0,3902,1
24,1,0,3902,1
24,1,0,3902,1
24,1,0,3902,1
1,0,0,228,1
0,1,0,4261,0
0,0,0,5143,0
0,0,0,60,1
2,0,0,1277,0
1,0,0,102,1
1,0,0,810,0
24,1,0,3902,1
24,1,0,3902,1
24,1,0,3878,1
24,1,0,3902,1
1,4,0,68435,0
24,1,0,3902,1
0,0,0,861,1
1,2,0,225,1
57,4,0,11834,0
24,1,0,3902,1
24,1,0,3902,1
0,0,0,950,1
0,0,0,3265,0
0,0,0,308,0
0,0,0,1284,0
24,1,0,3902,1
1,0,0,58,1
3,0,0,2535,0
1,0,0,239,1
1,0,0,284,1
0,0,0,267,0
1,0,0,456,1
1,0,0,292,1
1,0,0,116,1
24,1,0,3902,1
24,1,0,3902,1
24,1,0,3902,1
1,0,0,277,1
1,0,0,1509,0
0,0,0,95,1
1,0,0,822,0
24,1,0,3902,1
2,0,0,612,0
24,1,0,3902,1
2,0,0,661,0
24,1,0,3902,1
24,1,0,3902,1
5,0,0,795,0
0,0,0,247,0
0,0,0,1562,0
2,1,0,2627,0
24,1,0,3902,1
1,0,0,157,1
1,0,0,106,1
24,1,0,3902,1
1,0,0,357,1
0,0,0,6762,0
2,0,0,445,0
1,0,0,267,1
24,1,0,3902,1
0,0,0,93,1
0,0,0,1077,0
24,1,0,3902,1
1,1,0,566,1
1,0,0,338,1
1,0,0,322,1
1,0,0,329,1
24,1,0,3902,1
24,1,0,3902,1
24,1,0,3902,1
0,0,0,582,0
1,0,0,50,1
2,8,0,2085,0
1,0,0,874,1
1,1,0,865,1
1,0,0,326,1
1,1,0,609,1
2,8,0,2102,0
24,1,0,3902,1
2,0,0,1110,0
1,0,0,109,1
1,0,0,318,1
1,1,0,619,1
1,0,0,338,1
24,1,0,3902,1
0,0,0,1125,0
24,1,0,3902,1
1,1,0,958,1
0,0,0,239,0
2,1,0,3300,0
0,1,0,3516,0
5,0,0,2229,0
24,1,0,3879,1
0,0,0,157,0
11,4,0,4651,0
1,1,0,860,0
0,0,0,1739,0
0,1,0,3024,0
0,0,0,44,1
1,0,0,65,1
1,1,0,885,1
1,1,0,866,1
8,1,0,7993,0
2,0,0,649,0
4,1,0,1088,0
2,0,0,3422,0
0,0,0,517,0
8,1,0,7993,0
8,1,0,7993,0
0,0,0,857,0
0,0,0,3187,0
1,0,0,50,1
1,1,0,610,1
24,1,0,3902,1
24,1,0,3902,1
24,1,0,3902,1
1,0,0,359,1
24,1,0,3902,1
0,2,0,1474,1
1,1,0,857,0
1,1,0,940,1
1,1,0,661,1
0,0,0,137,0
24,1,0,3902,1
0,0,0,222,1
2,0,0,860,0
1,2,0,807,1
1,0,0,477,0
1,0,0,3600,0
1,2,0,20100,0
1,0,0,335,1
0,0,0,954,1
3,0,0,1698,0
2,0,0,139,1
1,0,0,353,1
24,1,0,3902,1
1,0,0,312,1
24,1,0,3902,1
1,0,0,325,1
1,0,0,371,1
0,0,0,187,0
1,0,0,347,1
1,0,0,374,1
0,0,0,1573,0
1,0,0,50,1
0,0,0,1791,0
1,0,0,590,0
24,1,0,3879,1
24,1,0,3902,1
1,0,0,173,1
1,0,0,68,1
0,1,0,1375,0
1,0,0,337,1
1,0,0,70,1
24,1,0,3878,1
1,0,0,352,1
1,0,0,640,0
24,1,0,3879,1
1,0,0,162,1
24,1,0,3879,1
1,0,0,318,1
1,0,0,330,1
1,1,0,810,1
1,0,0,2318,0
1,0,0,348,1
1,0,0,75,1
24,1,0,3879,1
8,2,0,2458,0
1,0,0,490,1
24,1,0,3879,1
3,0,0,2417,0
1,0,0,577,1
1,0,0,1015,0
1,0,0,463,0
1,0,0,762,0
1,0,0,1163,0
0,0,0,424,0
24,1,0,3902,1
10,4,0,2609,0
3,1,0,2004,0
4,0,0,1945,0
0,0,0,1479,0
24,1,0,3879,1
0,0,0,2230,0
1,0,0,78,1
24,1,0,3879,1
24,1,0,3879,1
24,1,0,3878,1
24,1,0,3902,1
24,1,0,3902,1
24,1,0,3879,1
24,1,0,3877,1
24,1,0,3877,1
24,1,0,3902,1
1,0,0,50,1
1,0,0,63,1
5,1,0,3566,0
24,1,0,3902,1
0,0,0,422,1
1,0,0,58,1
14,2,0,4203,0
1,0,0,1087,0
24,1,0,3879,1
24,1,0,3902,1
24,1,0,3879,1
1,0,0,97,1
24,1,0,3878,1
4,1,0,3961,0
24,1,0,3879,1
24,1,0,3879,1
1,1,0,73,1
24,1,0,3879,1
1,0,0,52,1
24,1,0,3879,1
24,1,0,3879,1
24,1,0,3902,1
1,0,0,46,1
0,0,0,418,1
1,0,0,960,0
1,0,0,47,1
24,1,0,3902,1
24,1,0,3902,1
24,1,0,3876,1
24,1,0,3878,1
24,1,0,3902,1
2,0,0,5719,0
0,0,0,160,1
24,1,0,3902,1
0,0,0,219,1
2,0,0,1265,0
24,1,0,3878,1
24,1,0,3879,1
1,0,0,109,1
24,1,0,3878,1
24,1,0,3890,1
24,1,0,3902,1
24,1,0,3875,1
24,1,0,3879,1
0,3,0,2836,0
24,1,0,3902,1
4,0,0,285,1
0,0,0,280,0
1,1,0,671,1
1,0,0,51,1
1,1,0,557,1
24,1,0,3879,1
1,0,0,1439,0
1,1,0,882,1
24,1,0,3879,1
1,0,0,167,1
1,1,0,800,1
24,1,0,3902,1
24,1,0,3902,1
1,0,0,168,1
24,1,0,3902,1
1,2,0,622,1
24,1,0,3878,1
1,0,0,166,1
0,0,0,618,0
24,1,0,3902,1
24,1,0,3902,1
1,0,0,107,1
2,0,0,968,0
1,0,0,351,0
1,0,0,168,1
0,0,0,521,1
24,1,0,3879,1
0,0,0,606,0
0,1,0,113,1
2,0,0,148,1
1,0,0,73,1
1,1,0,646,1
1,0,0,2166,0
1,1,0,654,1
1,1,0,780,1
1,0,0,45,1
3,2,0,7759,0
0,0,0,43,1
1,5,0,2449,0
24,1,0,3902,1
24,1,0,3878,1
0,0,0,129,1
24,1,0,3878,1
0,0,1,159,1
3,0,0,510,0
0,0,0,152,1
3,5,0,3297,0
0,0,0,46,1
1,1,0,601,1
1,1,0,598,1
6,0,0,9361,0
1,1,0,864,1
24,1,0,3902,1
0,0,0,2037,0
1,0,0,67,1
2,0,0,363,0
2,0,0,651,0
3,0,0,3963,0
2,0,0,652,0
1,0,0,1558,0
24,1,0,3902,1
1,0,0,171,1
0,0,0,100,1
24,1,0,3878,1
0,0,0,1826,0
1,0,0,178,1
1,0,0,121,1
1,1,0,985,1
0,0,0,301,1
2,0,0,533,0
1,0,0,61,1
1,0,0,293,1
1,0,0,1523,0
24,1,0,3902,1
2,0,0,869,0
1,0,0,152,1
0,0,0,432,1
1,0,0,1102,0
1,0,0,60,1
1,0,0,164,1
24,1,0,3879,1
24,1,0,3902,1
24,1,0,3902,1
0,0,0,59,1
1,1,0,867,1
1,0,0,169,1
1,0,0,294,1
0,0,0,92,1
2,0,0,917,0
3,0,0,1128,0
3,0,0,791,0
0,0,0,65,1
0,0,0,340,0
0,0,0,65,1
24,1,0,3902,1
0,0,0,34,1
24,1,0,3879,1
2,0,0,459,0
24,1,0,3902,1
0,0,0,206,1
1,0,0,48,1
0,0,0,96,1
0,16,0,1686,0
0,1,0,111,1
52,3,0,23425,0
0,2,0,2066,0
24,1,0,3902,1
1,1,0,2630,0
1,0,0,53,1
24,1,0,3902,1
1,16,0,2020,0
24,1,0,3878,1
2,0,0,1321,0
24,1,0,3902,1
0,1,0,282,1
24,1,0,3902,1
1,0,0,1070,0
24,1,0,3902,1
0,0,0,159,1
0,0,0,22,1
24,1,0,3902,1
1,1,0,583,1
1,0,0,288,1
1,0,0,51,1
0,0,0,260,0
1,0,0,626,1
24,1,0,3902,1
24,1,0,3902,1
0,0,0,2447,0
24,1,0,3902,1
24,1,0,3902,1
0,0,0,75,1
1,0,0,1331,0
24,1,0,3879,1
1,0,0,105,1
1,0,0,50,1
24,1,0,3879,1
24,1,0,3902,1
0,0,0,868,1
47,5,0,8552,0
1,1,0,652,1
1,0,0,110,1
24,1,0,3879,1
24,1,0,3902,1
24,1,0,3879,1
24,1,0,3902,1
24,1,0,3879,1
1,0,0,168,1
1,1,0,718,1
5,1,0,940,0
24,1,0,3879,1
1,0,0,350,1
24,1,0,3879,1
24,1,0,3878,1
24,1,0,3877,1
24,1,0,3879,1
24,1,0,3878,1
24,1,0,3878,1
24,1,0,3879,1
24,1,0,3902,1
12,0,0,1665,0
1,0,0,47,1
24,1,0,3902,1
0,0,0,5091,0
0,0,0,761,0
0,0,0,27,0
24,1,0,3902,1
0,1,0,263,0
24,1,0,3878,1
24,1,0,3879,1
24,1,0,3879,1
24,1,0,3879,1
24,1,0,3879,1
24,1,0,3902,1
24,1,0,3878,1
24,1,0,3878,1
24,1,0,3879,1
1,1,0,755,1
6,1,0,1368,0
24,1,0,3902,1
24,1,0,3902,1
1,0,0,91,1
24,1,0,3879,1
24,1,0,3878,1
24,1,0,3879,1
24,1,0,3879,1
24,1,0,3879,1
24,1,0,3878,1
24,1,0,3879,1
24,1,0,3879,1
0,0,0,975,1
1,0,0,269,1
1,1,0,1228,0
2,0,0,1198,0
6,3,0,1545,0
1,0,0,319,1
0,1,0,640,0
2,0,0,147,1
1,0,0,47,1
2,0,0,173,1
50,2,0,7799,0
1,0,0,46,1
0,0,0,93,1
1,0,0,384,1
1,0,0,1725,0
0,0,0,92,1
24,1,0,3879,1
0,1,0,114,1
0,0,0,92,1
1,0,0,130,1
2,0,0,1059,0
3,0,0,877,0
0,0,0,23,1
1,0,0,841,0
1,0,0,47,1
1,0,0,130,1
24,1,0,3879,1
1,2,0,322,1
1,0,0,381,1
24,1,0,3902,1
0,0,0,1073,0
0,0,0,419,1
1,0,0,367,1
4,0,0,3078,0
24,1,0,3879,1
24,1,0,3879,1
1,0,0,514,1
24,1,0,3902,1
1,0,0,170,1
24,1,0,3879,1
24,1,0,3878,1
24,1,0,3902,1
24,1,0,3878,1
24,1,0,3879,1
24,1,0,3878,1
24,1,0,3879,1
24,1,0,3880,1
0,0,0,95,1
1,0,0,3047,0
0,1,0,108,1
2,0,0,1206,0
1,2,0,385,0
24,1,0,3879,1
2,0,0,989,0
1,0,0,298,1
24,1,0,3902,1
2,1,0,4542,0
5,0,0,1753,0
0,3,0,2545,0
0,0,0,822,0
24,1,0,3878,1
1,0,0,248,1
1,0,0,73,1
1,1,0,729,1
0,0,0,528,0
1,0,0,859,0
4,0,0,758,0
1,0,0,58,1
0,0,0,426,1
24,1,0,3878,1
1,0,0,2014,0
1,0,0,53,1
1,1,0,703,1
0,4,0,768,0
1,1,0,734,1
1,0,0,2340,0
1,0,0,191,1
1,0,0,48,1
1,1,0,267,1
1,1,0,795,1
5,0,0,3683,0
24,1,0,3902,1
1,16,0,2236,0
10,0,0,4633,0
1,1,0,848,1
1,1,0,719,1
0,0,0,429,1
52,3,0,23334,0
0,0,0,427,1
0,0,0,96,1
1,0,0,50,1
24,1,0,3902,1
0,1,0,3453,0
3,0,0,927,0
12,0,0,8319,0
2,0,0,357,0
3,0,0,1547,0
2,0,0,931,0
24,1,0,3879,1
24,1,0,3879,1
3,1,0,2074,0
1,0,0,223,1
0,4,0,780,0
24,1,0,3902,1
1,1,0,601,1
1,1,0,357,1
24,1,0,3879,1
24,1,0,3879,1
24,1,0,3879,1
0,4,0,780,0
1,1,0,615,1
24,1,0,3879,1
0,0,0,316,0
24,1,0,3879,1
24,1,0,3878,1
1,0,0,276,1
24,1,0,3887,1
1,0,0,105,1
2,0,0,419,0
1,0,0,49,1
2,0,0,1060,0
24,1,0,3879,1
1,0,0,767,0
24,1,0,3879,1
24,1,0,3878,1
24,1,0,3878,1
0,0,0,444,1
0,0,0,829,1
24,1,0,3879,1
24,1,0,3878,1
24,1,0,3879,1
24,1,0,3879,1
1,0,0,746,0
6,0,0,1843,0
5,0,0,4853,0
24,1,0,3878,1
3,0,0,1811,0
24,1,0,3877,1
0,0,0,99,1
0,0,0,52,1
5,0,0,2213,0
1,0,0,183,1
24,1,0,3877,1
24,1,0,3877,1
1,0,0,298,1
1,1,0,1973,0
1,0,0,646,0
3,0,0,2678,0
1,0,0,297,1
1,0,0,288,1
2,0,0,3871,0
24,1,0,3879,1
1,0,0,49,1
24,1,0,3879,1
1,0,0,233,1
24,1,0,3879,1
24,1,0,3878,1
24,1,0,3878,1
1,0,0,356,1
7,4,0,31941,0
0,0,0,417,1
24,1,0,3902,1
1,1,0,820,1
1,0,0,170,1
0,0,0,2067,0
1,0,0,311,1
1,0,0,55,1
24,1,0,3902,1
1,1,0,621,1
1,8,0,2814,0
24,1,0,3902,1
24,1,0,3879,1
24,1,0,3902,1
1,1,0,641,1
1,0,0,338,1
1,0,0,170,1
1,0,0,167,1
1,0,0,177,1
24,1,0,3878,1
24,1,0,3889,1
1,1,0,737,1
1,0,0,48,1
2,0,0,1045,0
1,2,0,750,1
1,2,0,865,1
4,0,0,1701,0
24,1,0,3879,1
24,1,0,3879,1
24,1,0,3879,1
24,1,0,3879,1
0,1,0,115,1
0,0,0,414,1
1,0,0,166,1
1,0,0,163,1
0,0,0,74,1
24,1,0,3902,1
2,0,0,949,0
6,0,0,2431,0
1,0,0,658,0
3,0,0,1054,0
24,1,0,3879,1
2,0,0,2139,1
0,8,0,8224,0
1,0,0,113,1
1,4,0,3268,0
1,2,0,923,1
24,1,0,3879,1
2,0,0,625,0
1,1,0,660,1
0,0,0,194,0
24,1,0,3879,1
2,0,0,435,0
3,0,0,1037,0
0,0,0,146,0
2,0,0,704,0
7,3,0,2390,0
1,1,0,779,1
2,0,0,592,0
1,0,0,130,1
24,1,0,3878,1
0,0,0,415,0
1,1,0,612,1
24,1,0,3879,1
24,1,0,3878,1
1,0,0,114,1
1,1,0,646,1
24,1,0,3902,1
0,0,0,1106,1
0,3,0,1392,0
1,1,0,732,1
1,0,0,549,1
0,0,0,362,1
1,0,0,286,1
24,1,0,3879,1
24,1,0,3879,1
24,1,0,3879,1
0,0,0,76,1
1,0,0,518,1
2,0,0,776,0
24,1,0,3879,1
24,1,0,3879,1
24,1,0,3879,1
0,0,0,224,1
24,1,0,3879,1
24,1,0,3879,1
24,1,0,3889,1
24,1,0,3879,1
1,0,0,184,1
2,0,0,1205,0
1,0,0,50,1
1,0,0,175,1
0,0,0,14354,0
24,1,0,3879,1
24,1,0,3878,1
24,1,0,3879,1
1,2,0,6655,0
24,1,0,3878,1
24,1,0,3878,1
24,1,0,3879,1
24,1,0,3879,1
24,1,0,3878,1
1,0,0,6891,0
2,0,0,728,0
24,1,0,3878,1
24,1,0,3875,1
24,1,0,3878,1
24,1,0,3876,1
1,0,0,562,0
24,1,0,3879,1
24,1,0,3878,1
24,1,0,3879,1
24,1,0,3879,1
24,1,0,3879,1
24,1,0,3879,1
24,1,0,3879,1
1,2,0,2296,0
1,0,0,108,1
3,0,0,1529,0
0,0,0,189,0
24,1,0,3878,1
0,0,0,188,0
24,1,0,3879,1
24,1,0,3878,1
1,0,0,50,1
2,0,0,889,1
1,0,0,306,1
24,1,0,3902,1
1,0,0,4344,0
24,1,0,3878,1
1,0,0,52,1
1,1,0,661,1
2,0,0,5190,0
3,0,0,1712,0
2,0,0,2826,0
0,0,0,1362,0
24,1,0,3878,1
145,148,0,36042,0
0,0,0,399,1
24,1,0,3902,1
1,1,0,613,1
0,0,0,184,0
1,1,0,925,1
24,1,0,3878,1
1,1,0,760,1
0,0,0,457,1
1,0,0,96,1
24,1,0,3878,1
1,0,0,81,1
1,2,0,905,1
1,1,0,771,1
1,1,0,783,1
1,0,0,453,0
0,0,0,446,1
2,0,0,1075,0
2,0,0,1595,0
4,0,0,1287,0
3,0,0,595,0
24,1,0,3879,1
0,0,0,723,0
0,1,0,107,1
1,0,0,45,1
2,0,0,466,0
1,0,0,104,1
0,0,0,6058,0
1,1,0,763,1
24,1,0,3879,1
4,0,0,4449,0
1,1,0,825,1
1,0,0,245,1
0,0,0,483,1
1,1,0,638,1
1,1,0,775,1
1,1,0,682,1
24,1,0,3879,1
24,1,0,3877,1
24,1,0,3902,1
2,0,0,3174,0
0,0,0,602,0
3,0,0,517,0
2,0,0,782,0
2,0,0,902,0
2,0,0,2403,0
8,0,0,2855,0
2,0,0,936,0
2,0,0,1969,0
6,1,0,1481,0
48,0,0,36814,0
1,2,0,302,0
24,1,0,3879,1
1,0,0,94,1
24,1,0,3877,1
24,1,0,3879,1
24,1,0,3879,1
24,1,0,3879,1
6,1,0,3897,0
2,0,0,1548,0
2,0,0,1078,0
3,0,0,1367,0
4,2,0,1377,0
1,0,0,47,1
1,0,0,258,1
24,1,0,3879,1
24,1,0,3878,1
0,0,0,421,1
0,0,0,259,0
24,1,0,3878,1
3,1,0,1151,0
1,0,0,126,1
0,0,0,915,0
3,0,0,541,0
10,0,0,1276,0
2,0,0,1980,0
0,0,0,2792,0
24,1,0,3878,1
1,0,0,283,1
1,0,0,106,1
2,0,0,3756,0
3,0,0,2822,0
24,1,0,3878,1
24,1,0,3879,1
1,0,0,551,1
2,0,0,2634,0
0,0,0,591,0
0,1,0,1675,0
3,0,0,2889,0
3,0,0,2921,0
0,0,0,970,0
0,0,0,312,1
0,1,0,3964,0
0,0,0,315,1
24,1,0,3878,1
1,0,0,320,1
4,0,0,1328,0
24,1,0,3878,1
24,1,0,3879,1
2,0,0,2508,0
24,1,0,3879,1
24,1,0,3879,1
0,0,0,210,1
0,0,0,54,1
24,1,0,3878,1
6,2,0,763,0
1,0,0,304,1
1,0,0,187,1
3,0,0,677,0
0,4,0,2009,1
2,0,0,1993,0
24,1,0,3878,1
0,1,0,1427,0
1,0,0,170,1
1,0,0,326,1
5,0,0,1347,0
1,0,0,174,1
1,0,0,175,1
3,0,0,9913,0
24,1,0,3879,1
1,1,0,184,1
24,1,0,3902,1
1,0,0,165,1
2,0,0,580,0
24,1,0,3879,1
0,0,0,228,1
1,0,0,172,1
4,3,0,1108,0
1,0,0,178,1
8,0,0,1354,0
24,1,0,3879,1
24,1,0,3878,1
24,1,0,3878,1
0,0,0,14466,0
1,0,0,144,1
0,0,0,111,0
24,1,0,3878,1
24,1,0,3879,1
24,1,0,3879,1
1,1,0,1411,0
5,0,0,3303,0
2,0,0,601,0
1,0,0,342,1
1,0,0,318,1
1,0,0,193,1
1,0,0,172,1
1,0,0,319,1
1,0,0,305,1
0,0,0,560,0
1,0,0,262,1
24,1,0,3879,1
24,1,0,3878,1
24,1,0,3878,1
1,0,0,104,1
1,0,0,354,1
1,0,0,345,1
1,0,0,174,1
1,0,0,271,1
1,1,0,3450,0
1,0,0,327,1
24,1,0,3879,1
24,1,0,3879,1
24,1,0,3878,1
1,2,0,1370,0
1,0,0,82,1
1,0,0,115,1
0,2,0,569,0
1,0,0,88,1
1,0,0,292,1
2,0,0,853,0
0,0,0,102,1
0,0,0,233,0
24,1,0,3878,1
24,1,0,3879,1
3,0,0,2430,0
1,1,0,811,1
1,0,0,305,1
1,0,0,458,1
1,0,0,169,1
1,1,0,728,1
4,0,0,4281,0
24,1,0,3878,1
1,1,0,5023,0
1,1,0,706,1
1,0,0,188,1
1,0,0,204,1
1,1,0,742,1
2,1,0,1091,0
1,1,0,739,1
1,0,0,169,1
1,0,0,70,1
1,1,0,694,1
0,1,0,510,0
1,1,0,753,1
0,1,0,331,0
24,1,0,3879,1
18,2,0,4033,0
1,0,0,324,1
0,0,0,216,1
3,0,0,790,0
1,1,0,858,1
0,0,0,855,1
0,0,0,861,1
24,1,0,3879,1
5,0,0,1170,0
24,1,0,3902,1
1,0,0,913,0
2,0,0,466,0
3,0,0,3089,0
0,0,0,1700,0
1,1,0,385,1
1,1,0,810,1
1,0,0,575,0
1,0,0,323,1
1,1,0,686,1
0,0,0,979,1
1,0,0,310,1
1,1,0,660,1
24,1,0,3879,1
0,1,0,1486,0
24,1,0,3879,1
24,1,0,3878,1
0,0,0,313,1
0,0,0,83,1
1,1,0,604,1
3,0,0,1149,0
1,1,0,784,1
100,4,0,33590,0
24,1,0,3879,1
24,1,0,3878,1
24,1,0,3878,1
24,1,0,3878,1
0,1,0,114,1
1,2,0,708,1
19,2,0,3772,0
1,0,0,173,1
24,1,0,3879,1
24,1,0,3878,1
24,1,0,3879,1
1,0,0,44,1
0,0,0,57,1
0,0,0,102,1
0,0,0,741,0
24,1,0,3877,1
0,0,0,94,1
0,3,0,1365,0
24,1,0,3879,1
1,1,0,859,1
1,1,0,709,1
1,0,0,179,1
1,1,0,219,1
1,0,0,204,1
1,1,0,699,1
0,0,0,480,1
1,1,0,1008,1
24,1,0,3879,1
1,0,0,70,1
0,0,0,590,0
1,1,0,213,1
0,0,0,1529,0
1,0,0,173,1
1,1,0,902,1
0,0,0,201,1
2,1,0,4629,0
24,1,0,3879,1
0,0,0,202,1
0,0,0,318,1
0,0,0,312,1
2,0,0,1070,0
1,1,0,755,1
0,0,0,316,1
0,0,0,321,1
0,0,0,313,1
0,0,0,317,1
0,0,0,321,1
0,1,0,250,1
1,2,0,831,0
0,0,0,325,1
0,0,0,317,1
0,0,0,314,1
0,0,0,317,1
0,0,0,323,0
1,0,0,90,1
2,0,0,434,0
0,0,0,323,0
0,0,0,323,0
0,4,0,740,0
0,0,0,323,0
0,0,0,277,0
1,0,0,1153,0
0,0,0,320,1
0,0,0,314,1
0,0,0,724,0
1,0,0,3583,0
1,0,0,900,0
0,0,0,320,1
0,0,0,313,1
0,0,0,315,1
0,0,0,315,1
0,0,0,320,1
0,0,0,1034,0
0,0,0,315,1
0,0,0,315,1
0,0,0,319,1
1,1,0,652,1
0,0,0,317,1
2,0,0,669,0
0,0,0,321,1
0,0,0,318,1
0,0,0,311,1
24,1,0,3878,1
24,1,0,3879,1
0,0,0,317,1
24,1,0,3879,1
24,1,0,3877,1
0,0,0,82,1
3,0,0,5690,0
0,0,0,316,1
0,0,0,322,1
0,0,0,315,1
24,1,0,3879,1
0,0,0,320,1
0,0,0,318,1
1,0,0,202,1
1,0,0,183,1
0,0,0,322,1
0,0,0,315,1
0,0,0,311,1
0,0,0,324,1
0,0,0,319,1
0,0,0,318,1
1,1,0,666,1
0,0,0,315,1
0,0,0,600,0
0,0,0,320,1
1,0,0,491,0
1,0,0,169,1
0,0,0,316,1
1,0,0,312,1
0,0,0,316,1
0,0,0,320,1
0,0,0,312,1
0,0,0,138,1
0,0,0,318,1
0,0,0,51,1
0,0,0,315,1
0,0,0,325,1
0,0,0,312,1
1,0,0,2224,0
0,0,0,317,1
1,1,0,755,1
1,0,0,134,1
0,0,0,320,1
24,1,0,3902,1
0,0,0,5082,0
3,0,0,957,0
1,1,0,694,1
1,0,0,92,1
24,1,0,3879,1
1,1,0,603,1
1,0,0,327,1
3,0,0,7129,0
0,0,0,89,1
0,0,0,319,1
0,0,0,88,1
1,0,0,453,0
0,0,0,241,1
1,0,0,194,1
1,1,0,4093,0
2,0,0,1070,0
24,1,0,3879,1
24,1,0,3879,1
24,1,0,3878,1
24,1,0,3878,1
1,0,0,79,1
1,0,0,1029,0
1,1,0,856,1
1,0,0,179,1
1,0,0,69,1
20,4,0,5612,0
0,4,0,740,0
24,1,0,3879,1
3,0,0,6680,0
2,0,0,1811,0
3,0,0,3643,0
0,0,0,1217,0
0,0,0,58,1
2,3,0,6808,0
0,0,0,322,1
0,0,0,311,1
1,0,0,78,1
24,1,0,3879,1
2,0,0,534,0
1,0,0,946,0
24,1,0,3877,1
24,1,0,3879,1
24,1,0,3878,1
24,1,0,3879,1
24,1,0,3902,1
0,0,0,1816,0
1,0,0,191,1
24,1,0,3879,1
3,0,0,3209,0
24,1,0,3878,1
1,1,0,702,1
0,0,0,71,1
1,0,0,507,1
0,0,0,446,1
24,1,0,3902,1
4,0,0,4018,0
1,1,0,347,1
3,0,0,1043,0
2,3,0,5279,0
24,1,0,3878,1
0,0,0,1722,0
0,0,0,314,1
0,0,0,313,1
0,0,0,315,1
0,0,0,102,1
1,0,0,2541,0
1,0,0,374,0
1,2,0,2435,0
2,0,0,453,0
24,1,0,3878,1
24,1,0,3879,1
0,0,0,319,1
2,1,0,3199,0
1,0,0,103,1
0,0,0,222,1
3,0,0,792,0
0,0,0,4468,0
24,1,0,3902,1
4,0,0,1419,0
0,0,0,58,1
24,1,0,3878,1
24,1,0,3878,1
0,0,0,319,1
4,0,0,5599,0
24,1,0,3879,1
2,0,0,2251,0
0,0,0,325,1
0,0,0,150,1
0,0,0,1849,0
24,1,0,3879,1
0,0,0,1993,0
24,1,0,3878,1
24,1,0,3878,1
1,0,0,109,1
24,1,0,3879,1
2,1,0,2487,0
1,0,0,195,1
1,0,0,183,1
1,0,0,296,1
3,0,0,1295,0
1,0,0,276,1
3,0,0,668,0
24,1,0,3878,1
24,1,0,3879,1
24,1,0,3878,1
1,0,0,308,1
4,0,0,4962,0
0,0,0,724,0
0,1,0,136,0
0,0,0,263,1
0,3,0,3600,0
24,1,0,3879,1
24,1,0,3878,1
24,1,0,3879,1
24,1,0,3878,1
1,0,0,45,1
4,0,0,3268,0
24,1,0,3878,1
3,2,0,935,0
24,1,0,3878,1
1,0,0,80,1
1,0,0,105,1
1,0,0,580,0
1,0,0,78,1
0,0,0,468,1
4,0,0,1053,0
3,0,0,1237,0
0,0,0,453,1
1,0,0,67,1
0,0,0,705,0
3,0,0,1264,0
1,1,0,982,1
3,0,0,1493,0
6,1,0,4558,0
0,0,0,319,1
0,0,0,323,1
3,0,0,5743,0
1,0,0,1447,0
1,1,0,672,1
0,0,0,1799,0
4,0,0,1843,0
1,1,0,861,1
2,0,0,376,0
1,0,0,98,1
1,1,0,977,1
0,0,0,315,1
1,0,0,241,0
0,0,0,61,0
0,0,0,777,0
0,0,0,603,0
2,0,0,1415,0
0,5,0,5463,0
1,0,0,370,0
1,1,0,630,1
0,0,0,317,1
1,1,0,733,1
0,0,0,366,0
1,0,0,74,1
84,15,0,28776,0
1,0,0,173,1
1,1,0,621,1
1,0,0,174,1
1,0,0,66,1
1,1,0,743,1
0,0,0,244,0
1,0,0,90,1
3,0,0,1961,0
0,0,0,322,1
1,0,0,447,0
1,1,0,802,1
5,0,0,5519,0
0,0,0,64,1
1,1,0,645,1
4,0,0,1064,0
1,0,0,174,1
1,1,0,581,1
1,0,0,72,1
1,0,0,3382,0
1,0,0,268,1
24,1,0,3878,1
24,1,0,3879,1
2,0,0,2865,0
9,3,0,2843,0
1,0,0,822,0
3,0,0,2664,0
1,1,0,772,1
0,0,0,563,0
1,0,0,73,1
24,1,0,3878,1
0,0,0,590,0
9,3,0,4825,0
1,0,0,118,1
1,0,0,506,0
1,0,0,335,1
0,0,0,317,1
1,0,0,172,1
0,0,0,46,1
0,0,0,636,0
3,0,0,1038,0
0,0,0,1178,0
9,3,0,2843,0
1,0,0,1387,0
0,2,0,720,0
2,0,0,139,1
1,0,0,51,1
0,0,0,313,1
0,0,0,318,1
2,0,0,157,1
1,1,0,629,1
3,0,0,1536,0
1,0,0,174,1
1,0,0,174,1
24,1,0,3902,1
1,1,0,840,1
0,0,0,766,0
1,1,0,3643,0
1,0,0,203,1
0,0,0,312,1
1,1,0,259,1
0,0,0,315,1
1,0,0,71,1
1,0,0,173,1
0,1,0,110,1
3,0,0,488,0
0,5,0,1966,0
1,0,0,1367,0
2,0,0,465,0
1,0,0,335,1
3,0,0,756,0
0,0,0,319,1
1,0,0,175,1
24,1,0,3878,1
1,0,0,73,1
0,0,0,1064,0
1,0,0,186,1
1,0,0,869,0
1,2,0,895,0
1,4,0,1689,0
3,0,0,1734,0
1,4,0,1990,0
1,0,0,4052,0
0,0,0,320,1
2,6,0,10007,0
0,0,0,1394,0
0,0,0,311,1
1,0,0,69,1
2,0,0,878,0
2,0,0,1167,0
0,0,0,437,0
0,0,0,316,1
3,0,0,1087,0
1,0,0,196,1
0,0,0,134,1
0,0,0,6610,0
1,0,0,70,1
24,1,0,3878,1
1,0,0,1132,0
1,0,0,114,1
4,0,0,1796,0
6,0,0,964,0
0,0,0,317,1
0,0,0,390,1
0,0,0,314,1
24,1,0,3879,1
1,0,0,593,0
0,0,0,881,1
1,0,0,305,1
0,0,0,462,1
0,0,0,876,0
1,1,0,640,1
2,0,0,1056,0
1,1,0,585,1
3,0,0,492,0
0,0,0,816,1
1,0,0,171,1
0,1,0,3564,0
1,1,0,921,0
1,2,0,2648,0
2,0,0,1625,0
1,1,0,537,0
1,1,0,802,1
24,1,0,3902,1
0,0,0,600,0
1,1,0,709,1
1,1,0,848,1
0,0,0,236,0
2,0,0,1148,0
0,0,0,2105,0
1,1,0,673,1
1,1,0,671,1
1,1,0,694,1
0,2,0,1486,1
1,1,0,665,1
0,0,0,320,1
1,1,0,1045,1
24,1,0,3902,1
24,1,0,3902,1
1,1,0,675,1
3,0,0,2851,0
1,0,0,74,1
2,0,0,758,0
1,1,0,636,1
0,0,0,727,1
2,0,0,1602,0
4,0,0,1198,0
24,1,0,3902,1
0,1,0,399,0
24,1,0,3902,1
1,0,0,353,1
0,0,0,1781,0
0,0,0,312,1
0,1,0,1003,0
1,0,0,52,1
1,0,0,58,1
1,0,0,92,1
1,0,0,95,1
1,0,0,281,1
2,0,0,142,1
0,0,0,410,0
24,1,0,3902,1
1,0,0,113,1
0,0,0,448,1
1,0,0,874,1
1,0,0,298,0
24,1,0,3877,1
2,0,0,2610,0
24,1,0,3902,1
24,1,0,3902,1
0,2,0,1222,0
1,0,0,1486,0
3,0,0,1498,0
1,0,0,290,1
1,0,0,223,1
6,1,0,4798,0
24,1,0,3902,1
7,2,0,1901,0
1,0,0,1704,0
4,0,0,615,0
1,0,0,193,1
24,1,0,3902,1
1,0,0,324,1
24,1,0,3902,1
24,1,0,3902,1
1,0,0,133,1
0,2,0,1932,0
1,0,0,195,1
1,0,0,293,1
1,0,0,303,1
24,1,0,3902,1
1,0,0,110,1
1,0,0,1032,0
3,0,0,975,0
6,1,0,847,0
1,0,0,58,1
24,1,0,3902,1
1,2,0,9596,0
1,0,0,49,1
24,1,0,3902,1
1,0,0,513,1
24,1,0,3902,1
0,0,0,692,0
1,0,0,70,1
1,0,0,108,1
24,1,0,3902,1
2,0,0,1454,0
24,1,0,3902,1
1,0,0,47,1
24,1,0,3902,1
24,1,0,3902,1
1,0,0,1013,0
1,0,0,638,0
0,3,0,2288,0
0,0,0,2179,0
3,0,0,1431,0
24,1,0,3885,1
24,1,0,3878,1
1,2,0,728,1
1,0,0,324,1
0,0,0,1720,0
2,0,0,453,0
0,0,0,137,1
0,0,0,431,1
24,1,0,3902,1
1,0,0,82,1
0,1,0,108,1
1,1,0,759,1
1,0,0,1094,0
0,0,0,967,0
2,1,0,472,0
1,0,0,61,1
24,1,0,3902,1
1,0,0,79,1
24,1,0,3902,1
2,0,0,749,0
1,0,0,46,1
1,0,0,91,1
24,1,0,3879,1
24,1,0,3880,1
0,3,0,7431,0
1,0,0,102,1
1,0,0,164,1
1,2,0,790,1
24,1,0,3902,1
1,2,0,709,1
1,0,0,63,1
1,0,0,72,1
24,1,0,3902,1
1,0,0,79,1
1,1,0,669,1
1,1,0,658,1
24,1,0,3902,1
24,1,0,3902,1
24,1,0,3902,1
2,0,0,1329,0
1,0,0,282,1
1,1,0,915,1
24,1,0,3902,1
1,0,0,562,0
1,0,0,326,1
1,1,0,750,1
1,0,0,161,1
1,0,0,91,1
1,1,0,647,1
0,0,0,415,1
1,0,0,113,1
1,0,0,162,1
1,0,0,227,1
1,1,0,675,1
0,0,0,733,0
1,0,0,531,1
1,0,0,162,1
1,1,0,601,1
1,0,0,162,1
3,0,0,1550,0
1,0,0,550,1
6,0,0,15411,0
3,0,0,5850,0
3,0,0,5850,0
0,0,0,338,0
1,0,0,160,1
2,1,0,494,1
0,0,0,813,1
0,1,0,1094,0
0,0,0,333,1
19,11,0,11613,0
24,1,0,3902,1
1,0,0,164,1
1,1,0,692,1
0,1,0,3827,0
1,1,0,707,1
1,0,0,449,1
3,1,0,9407,0
24,1,0,3902,1
24,1,0,3902,1
1,0,0,58,1
1,1,0,707,1
1,0,0,1537,0
2,0,0,687,0
0,0,0,972,0
1,0,0,315,1
24,1,0,3902,1
24,1,0,3877,1
24,1,0,3878,1
1,0,0,73,1
1,0,0,254,1
0,0,0,216,1
0,0,0,62,1
0,0,0,314,1
2,0,0,2633,0
3,0,0,11067,0
2,0,0,802,0
0,3,0,13170,0
5,1,0,2152,0
1,1,0,297,1
1,0,0,134,1
24,1,0,3902,1
7,1,0,6813,0
24,1,0,3902,1
5,0,0,1899,0
0,0,0,37,1
1,0,0,521,0
78,4,0,23830,0
42,3,0,7622,0
0,0,0,92,1
24,1,0,3902,1
1,0,0,104,1
0,0,0,318,1
0,0,0,319,1
0,0,0,89,1
5,0,0,2097,0
1,0,0,91,1
24,1,0,3902,1
0,0,0,213,1
1,0,0,337,1
24,1,0,3890,1
0,0,0,395,0
24,1,0,3902,1
24,1,0,3902,1
3,0,0,1234,0
0,0,0,95,1
3,0,0,3687,0
2,0,0,877,0
1,1,0,2550,0
1,1,0,2028,0
2,0,0,392,0
1,0,0,336,1
6,0,0,2428,0
0,0,0,262,1
1,0,0,537,0
24,1,0,3902,1
0,0,0,172,0
1,0,0,183,1
24,1,0,3902,1
1,0,0,739,0
0,0,0,206,1
1,0,0,309,1
24,1,0,3902,1
1,0,0,97,1
2,0,0,301,0
1,0,0,118,1
0,0,0,715,0
1,0,0,111,1
0,0,0,94,1
1,1,0,5698,0
1,0,0,46,1
1,0,0,163,1
0,0,0,632,0
1,0,0,50,1
1,0,0,254,1
2,0,0,1268,0
24,1,0,3902,1
24,1,0,3902,1
24,1,0,3902,1
4,0,0,812,0
24,1,0,3902,1
0,0,0,99,1
1,1,0,109,1
0,0,0,110,1
0,0,0,92,1
0,0,0,96,1
2,0,0,841,0
0,0,0,88,1
1,0,0,283,1
1,0,0,175,1
6,4,0,2105,0
10,0,0,1947,0
2,0,0,519,0
0,0,0,94,1
1,0,0,288,1
0,0,0,77,1
1,0,0,1887,0
1,0,0,220,1
24,1,0,3902,1
1,0,0,549,1
1,1,0,839,1
24,1,0,3879,1
1,1,0,575,1
1,0,0,67,1
1,0,0,80,1
1,1,0,639,1
0,0,0,822,0
1,0,0,85,1
24,1,0,3902,1
24,1,0,3902,1
24,1,0,3902,1
0,0,0,269,1
0,0,0,1477,0
1,1,0,614,1
24,1,0,3902,1
0,0,0,433,1
1,1,0,697,1
0,0,0,836,0
1,0,0,109,1
0,3,0,3666,0
1,1,0,709,1
1,1,0,645,1
1,1,0,772,1
0,8,0,1946,0
24,1,0,3902,1
24,1,0,3902,1
24,1,0,3902,1
1,0,0,111,1
4,0,0,5741,0
1,0,0,70,1
1,1,0,205,1
0,0,0,90,1
24,1,0,3902,1
1,1,0,754,1
1,0,0,92,1
0,1,0,1880,0
0,0,0,502,0
1,1,0,597,1
6,0,0,1165,0
24,1,0,3878,1
24,1,0,3902,1
24,1,0,3878,1
2,0,0,1131,0
1,1,0,693,1
2,0,0,638,0
1,1,0,641,1
1,1,0,941,1
24,1,0,3902,1
1,1,0,230,1
1,1,0,847,1
0,0,0,302,0
24,1,0,3878,1
24,1,0,3879,1
1,0,0,950,0
2,0,0,493,1
0,0,0,285,0
3,0,0,1421,0
0,0,0,94,1
24,1,0,3902,1
24,1,0,3902,1
24,1,0,3902,1
24,1,0,3902,1
24,1,0,3879,1
24,1,0,3879,1
0,0,0,504,0
0,0,0,321,1
1,0,0,119,1
0,0,0,321,1
1,1,0,950,1
0,0,0,558,0
24,1,0,3879,1
24,1,0,3902,1
3,0,0,1121,0
2,0,0,1036,0
1,1,0,572,1
1,0,0,289,1
4,0,0,1303,0
24,1,0,3879,1
1,0,0,503,1
24,1,0,3879,1
1,0,0,63,1
24,1,0,3879,1
24,1,0,3877,1
0,0,0,117,1
1,0,0,254,1
1,0,0,302,1
1,0,0,130,1
1,1,0,452,0
0,0,0,168,0
24,1,0,3875,1
0,0,0,454,1
24,1,0,3878,1
2,1,0,2806,0
24,1,0,3879,1
24,1,0,3902,1
1,0,0,584,1
2,0,0,623,0
0,0,0,928,0
1,0,0,51,1
24,1,0,3902,1
0,2,0,28724,0
2,3,0,5019,0
24,1,0,3879,1
24,1,0,3879,1
24,1,0,3879,1
24,1,0,3902,1
0,0,0,2762,0
0,0,0,1145,0
0,0,0,411,0
0,0,0,833,0
1,0,0,85,1
1,1,0,219,1
1,0,0,207,0
1,0,0,291,1
1,0,0,248,1
24,1,0,3878,1
24,1,0,3876,1
24,1,0,3878,1
1,0,0,62,1
1,0,0,397,1
1,0,0,69,1
24,1,0,3879,1
1,0,0,399,1
1,0,0,49,1
24,1,0,3879,1
24,1,0,3902,1
0,0,0,667,0
0,0,0,293,0
3,0,0,704,0
2,0,0,342,0
1,1,0,562,0
0,0,0,567,0
24,1,0,3879,1
0,0,0,1001,0
24,1,0,3879,1
0,0,0,9617,0
1,0,0,523,1
1,0,0,712,0
0,0,0,348,0
24,1,0,3902,1
0,0,0,2374,0
3,1,0,4851,0
0,1,0,587,0
0,1,0,1002,0
4,0,0,5464,0
0,0,0,189,1
0,0,0,311,1
1,0,0,162,1
0,0,0,452,1
1,3,0,1495,0
1,0,0,195,1
2,0,0,1173,0
24,1,0,3879,1
3,0,0,1924,0
0,0,0,1424,0
1,0,0,251,1
1,1,0,605,1
1,1,0,939,1
2,0,0,549,0
1,0,0,164,1
24,1,0,3902,1
1,0,0,162,1
1,1,0,586,1
1,1,0,970,1
2,0,0,627,0
2,1,0,491,1
1,1,0,979,1
1,0,0,409,0
2,0,0,1795,0
2,0,0,2748,0
24,1,0,3878,1
1,0,0,321,0
1,1,0,710,1
1,3,0,728,0
1,1,0,921,1
3,0,0,975,0
4,0,0,410,0
24,1,0,3902,1
1,0,0,285,1
1,1,0,638,1
1,0,0,100,1
0,0,0,3349,0
3,0,0,554,0
0,0,0,470,1
3,0,0,1059,0
0,0,0,409,1
1,0,0,139,1
24,1,0,3902,1
0,0,0,1217,0
1,1,0,619,1
1,1,0,734,1
1,0,0,502,1
3,0,0,1087,0
0,0,0,434,1
0,0,0,207,1
1,1,0,785,1
24,1,0,3902,1
1,0,0,169,1
0,0,0,195,1
0,0,0,245,1
3,1,0,2727,0
24,1,0,3902,1
1,1,0,659,1
1,0,0,927,0
24,1,0,3902,1
1,0,0,132,1
0,0,0,4592,0
1,0,0,3723,0
0,0,0,318,1
1,0,0,92,1
1,0,0,311,1
1,0,0,163,1
1,0,0,161,1
0,3,0,1767,0
24,1,0,3902,1
1,0,0,99,1
1,0,0,1299,0
0,0,0,365,0
0,0,0,816,0
4,1,0,1366,0
1,0,0,1716,0
0,0,0,294,1
1,0,0,358,1
0,0,0,161,1
1,1,0,633,1
1,0,0,168,1
1,2,0,2276,0
24,1,0,3878,1
1,0,0,59,1
24,1,0,3902,1
24,1,0,3902,1
0,0,0,450,1
1,1,0,3296,0
3,0,0,11890,0
1,1,0,203,1
1,0,0,87,1
1,0,0,162,1
24,1,0,3902,1
0,1,0,326,0
24,1,0,3902,1
0,0,0,704,0
1,0,0,107,1
0,0,0,206,1
1,0,0,466,1
0,1,0,935,0
24,1,0,3902,1
0,3,0,2244,0
24,1,0,3902,1
1,0,0,594,1
4,1,0,3504,0
0,0,0,1170,0
2,0,0,429,0
6,1,0,14798,0
1,0,0,4553,0
24,1,0,3902,1
24,1,0,3902,1
24,1,0,3902,1
1,0,0,95,1
2,2,0,650,0
1,0,0,128,1
1,0,0,1650,0
1,0,0,115,1
1,1,0,103,1
0,0,0,437,1
1,0,0,358,1
1,0,0,579,0
24,1,0,3878,1
24,1,0,3902,1
1,0,0,444,1
1,0,0,215,1
24,1,0,3902,1
0,0,0,763,0
1,0,0,508,1
1,0,0,577,1
2,0,0,2066,0
24,1,0,3879,1
24,1,0,3879,1
24,1,0,3874,1
0,0,0,11328,0
24,1,0,3879,1
24,1,0,3879,1
1,0,0,619,1
0,1,0,562,0
24,1,0,3878,1
9,0,0,2635,0
0,2,0,322,0
0,6,0,766,0
0,0,0,75,1
0,0,0,229,1
24,1,0,3902,1
0,0,0,1328,1
1,0,0,95,1
24,1,0,3879,1
24,1,0,3879,1
0,0,0,442,1
1,0,0,165,1
2,0,0,323,0
24,1,0,3902,1
24,1,0,3902,1
24,1,0,3879,1
24,1,0,3878,1
2,0,0,946,0
24,1,0,3902,1
0,7,0,1422,0
5,0,0,4185,0
2,0,0,1663,0
1,1,0,207,1
24,1,0,3878,1
24,1,0,3879,1
0,0,0,552,0
1,1,0,588,1
0,0,0,147,0
2,0,0,3124,0
0,0,0,406,0
3,0,0,521,0
24,1,0,3879,1
24,1,0,3879,1
1,2,0,682,1
1,1,0,620,1
1,1,0,576,1
1,0,0,155,1
1,0,0,139,1
2,1,0,4062,0
0,0,0,47,1
1,2,0,880,1
0,2,0,533,0
2,0,0,1628,0
24,1,0,3878,1
1,1,0,639,1
0,0,0,431,1
1,0,0,583,1
4,0,0,629,0
0,0,0,1753,0
2,0,0,3587,0
1,0,0,439,0
2,0,0,2039,0
1,1,0,627,1
1,0,0,490,1
24,1,0,3878,1
24,1,0,3879,1
0,0,0,317,1
1,0,0,755,0
0,0,0,321,1
1,1,0,947,1
1,1,0,869,1
24,1,0,3902,1
24,1,0,3902,1
2,0,0,2120,0
1,0,0,85,1
0,0,0,422,1
0,0,0,712,0
1,1,0,853,1
1,0,0,287,1
24,1,0,3879,1
1,1,0,609,1
0,0,0,320,1
0,0,0,845,0
1,1,0,684,1
0,0,0,1992,0
24,1,0,3902,1
24,1,0,3902,1
1,1,0,856,1
0,0,0,125,1
24,1,0,3879,1
0,0,0,313,1
1,0,0,269,1
0,0,0,406,1
4,0,0,658,0
1,0,0,127,1
1,0,0,125,1
1,0,0,286,1
1,0,0,284,1
3,0,0,706,0
0,0,0,689,0
3,2,0,1430,0
5,0,0,1202,0
1,0,0,49,1
24,1,0,3875,1
1,0,0,581,1
2,0,0,2497,0
1,0,0,206,1
1,0,0,290,1
1,0,0,181,1
0,0,0,825,0
1,0,0,290,1
2,0,0,561,0
24,1,0,3878,1
24,1,0,3902,1
3,1,0,6860,0
1,0,0,142,1
24,1,0,3878,1
1,0,0,1003,0
0,1,0,110,1
0,1,0,113,1
1,0,0,264,1
1,0,0,283,1
2,3,0,4823,0
24,1,0,3879,1
1,0,0,143,1
1,1,0,255,1
10,3,0,2754,0
1,1,0,4313,0
0,0,0,31,1
1,0,0,140,1
1,0,0,141,1
0,4,0,1035,1
24,1,0,3887,1
1,0,0,140,1
24,1,0,3879,1
24,1,0,3880,1
1,0,0,340,1
24,1,0,3879,1
24,1,0,3902,1
1,0,0,142,1
3,0,0,1256,0
24,1,0,3902,1
0,0,0,555,0
1,0,0,141,1
1,0,0,141,1
0,0,0,879,0
5,0,0,853,0
24,1,0,3902,1
0,0,0,230,1
2,0,0,3842,0
0,0,0,187,1
24,1,0,3902,1
24,1,0,3902,1
0,2,0,225,0
0,1,0,3152,0
0,1,0,7083,0
0,4,0,6742,0
3,0,0,1064,0
24,1,0,3879,1
24,1,0,3902,1
0,0,0,804,0
24,1,0,3902,1
2,0,0,1105,0
0,0,0,85,1
2,0,0,875,0
0,0,0,227,1
0,0,0,320,1
0,0,0,467,1
1,0,0,1698,0
0,0,0,307,0
24,1,0,3902,1
0,1,0,114,1
1,0,0,180,1
2,0,0,727,0
1,0,0,631,1
1,0,0,177,1
1,0,0,133,1
24,1,0,3902,1
1,0,0,1935,0
6,0,0,1205,0
24,1,0,3879,1
1,2,0,942,0
24,1,0,3878,1
0,0,0,185,1
1,0,0,106,1
1,0,0,92,1
0,0,0,85,1
1,0,0,556,1
24,1,0,3902,1
24,1,0,3902,1
0,1,0,2435,0
24,1,0,3879,1
24,1,0,3879,1
24,1,0,3879,1
24,1,0,3878,1
24,1,0,3879,1
2,0,0,1994,0
24,1,0,3902,1
1,0,0,270,1
0,0,0,245,1
0,0,0,1173,0
3,0,0,637,0
24,1,0,3878,1
24,1,0,3878,1
1,0,0,533,1
0,0,0,243,1
24,1,0,3878,1
0,0,0,183,1
0,0,0,216,1
3,0,0,1612,0
0,0,0,296,1
24,1,0,3878,1
3,0,0,920,0
1,1,0,716,1
24,1,0,3880,1
24,1,0,3879,1
1,2,0,769,1
1,1,0,831,1
0,0,0,314,1
1,0,0,323,1
1,1,0,903,1
2,0,0,978,0
0,0,0,185,1
1,0,0,121,1
1,1,0,855,1
1,1,0,920,1
1,2,0,5495,0
0,1,0,558,0
0,0,0,238,0
24,1,0,3879,1
3,0,0,1393,0
1,0,0,142,1
2,0,0,1119,0
3,0,0,778,0
4,0,0,1049,0
1,1,0,686,1
1,1,0,942,1
1,1,0,880,1
2,0,0,1344,0
0,0,0,227,1
1,1,0,307,1
3,2,0,3043,0
1,1,0,855,1
1,1,0,733,1
1,1,0,664,1
1,1,0,699,1
3,0,0,668,0
24,1,0,3879,1
0,0,0,67,1
1,0,0,110,1
2,0,0,735,0
1,0,0,310,1
0,1,0,111,1
1,0,0,233,1
1,2,0,990,0
24,1,0,3902,1
0,1,1,113,1
2,0,0,938,0
0,0,0,184,1
1,1,0,674,1
0,0,0,618,0
0,0,0,306,0
1,0,0,323,0
0,0,0,208,1
1,0,0,99,1
1,0,0,507,1
24,1,0,3879,1
43,1,0,11995,0
24,1,0,3902,1
4,0,0,2485,0
0,0,0,463,1
1,0,0,261,0
1,0,0,75,1
1,0,0,62,1
0,0,0,2518,0
2,0,0,1002,1
0,0,0,140,1
2,0,0,880,0
0,0,0,183,0
2,0,0,1932,0
25,4,0,14272,0
1,1,0,550,0
0,0,0,465,1
0,1,0,1122,1
0,0,0,450,1
2,0,0,1089,0
1,0,0,98,1
2,7,0,5428,0
24,1,0,3879,1
24,1,0,3902,1
1,0,0,179,1
24,1,0,3879,1
0,0,0,185,1
0,0,0,229,0
3,0,0,361,1
3,0,0,353,1
0,0,0,299,1
1,0,0,430,1
24,1,0,3879,1
2,0,0,1321,0
24,1,0,3878,1
2,1,0,2205,0
2,0,0,1049,0
3,0,0,1125,0
2,1,0,1476,0
1,0,0,99,1
1,0,0,72,1
0,1,0,115,1
24,1,0,3879,1
2,0,0,939,0
2,2,0,1547,0
24,1,0,3877,1
0,0,0,694,0
1,0,0,45,1
0,0,0,1030,0
24,1,0,3879,1
2,0,0,430,0
0,1,0,1193,0
24,1,0,3878,1
68,21,0,24763,0
24,1,0,3879,1
0,0,0,1027,0
24,1,0,3878,1
0,0,0,426,0
1,0,0,382,0
1,0,0,138,1
6,0,0,1915,0
24,1,0,3879,1
1,0,0,61,1
1,0,0,112,1
24,1,0,3879,1
1,1,0,819,1
1,1,0,818,1
0,0,0,521,0
1,1,0,600,1
24,1,0,3879,1
1,1,0,441,1
1,1,0,808,1
2,0,0,842,0
1,0,0,304,1
0,0,0,1037,0
24,1,0,3879,1
0,0,0,186,1
24,1,0,3902,1
1,0,0,354,1
2,0,0,2162,0
1,1,0,623,1
5,0,0,2043,0
2,7,0,2934,0
0,0,0,1445,0
0,0,0,235,1
24,1,0,3879,1
24,1,0,3878,1
1,0,0,51,1
5,1,0,1592,0
3,0,0,888,0
3,0,0,474,0
1,1,0,1045,1
0,0,0,648,0
24,1,0,3902,1
2,0,0,1162,0
3,0,0,558,0
0,0,0,56,1
2,0,0,1251,0
24,1,0,3879,1
24,1,0,3879,1
1,1,0,848,1
2,0,0,369,0
1,0,0,112,1
1,0,0,144,1
24,1,0,3879,1
1,0,0,326,1
0,0,0,215,1
0,0,0,163,1
1,0,0,105,1
1,0,0,81,1
2,0,0,174,1
24,1,0,3879,1
1,1,0,649,1
0,0,0,315,1
0,0,0,839,0
1,0,0,83,1
1,0,0,141,1
0,0,0,242,1
0,0,0,7251,0
1,0,0,335,1
1,0,0,141,1
0,0,0,882,0
24,1,0,3878,1
0,0,0,259,1
24,1,0,3879,1
24,1,0,3879,1
24,1,0,3879,1
2,0,0,356,0
1,0,0,77,1
1,0,0,171,1
24,1,0,3902,1
1,0,0,81,1
24,1,0,3879,1
4,0,0,806,0
2,0,0,718,0
0,0,0,159,0
2,3,0,1891,0
10,4,0,1860,0
1,0,0,95,1
2,5,0,2353,0
0,0,0,222,1
0,0,0,317,1
1,0,0,181,1
0,1,0,273,1
2,0,0,1222,0
0,0,0,55,1
24,1,0,3877,1
24,1,0,3879,1
24,1,0,3878,1
24,1,0,3879,1
24,1,0,3878,1
1,1,0,1049,0
0,0,0,185,1
24,1,0,3879,1
0,1,0,4819,0
3,0,0,11458,0
1,0,0,361,1
0,2,0,832,0
1,0,0,2899,0
0,0,0,879,0
3,3,0,1404,0
2,0,0,482,0
0,0,0,453,1
1,0,0,101,1
0,0,0,88,1
24,1,0,3879,1
1,0,0,1220,0
1,0,0,471,0
0,0,0,185,1
1,0,0,176,1
1,0,0,501,0
1,0,0,91,1
1,0,0,258,1
0,0,0,828,0
0,0,0,276,1
0,0,0,186,1
2,0,0,640,0
2,0,0,1447,0
1,1,0,1078,0
1,0,0,3009,0
1,0,0,357,1
0,1,0,107,1
1,0,0,308,1
1,0,0,354,1
1,0,0,426,0
2,0,0,1014,1
1,0,0,94,1
1,1,0,859,1
1,0,0,356,0
1,0,0,308,1
1,1,0,612,1
2,7,0,2198,0
24,1,0,3902,1
0,0,0,216,1
1,1,0,952,1
0,0,0,130,1
1,1,0,362,0
0,0,0,186,1
2,0,0,1006,1
0,0,0,211,1
0,0,0,1501,0
2,0,0,1012,0
0,0,0,4462,0
2,0,0,1378,0
1,0,0,176,1
1,0,0,595,0
1,0,0,101,1
1,0,0,470,1
0,0,0,310,0
6,0,0,3978,0
1,0,0,91,1
1,0,0,104,1
2,0,0,1738,0
24,1,0,3885,1
1,0,0,90,1
24,1,0,3902,1
4,0,0,4182,0
1,0,0,79,1
0,0,0,449,1
1,0,0,185,0
10,4,0,4314,0
2,0,0,2171,0
1,4,0,4166,0
3,0,0,2746,0
1,0,0,670,0
1,0,0,114,1
0,0,0,308,0
1,0,0,480,1
0,0,0,1972,0
0,0,0,1335,1
0,0,0,183,1
0,0,0,2391,0
1,0,0,609,1
0,0,0,67,1
0,0,0,48,1
2,2,0,777,0
1,0,0,1231,0
1,0,0,171,1
0,0,0,880,0
3,0,0,2440,0
0,0,0,309,0
1,1,0,2118,0
1,0,0,1049,0
1,1,0,322,1
1,0,0,370,1
2,0,0,1419,0
1,0,0,349,1
0,1,0,129,1
3,0,0,2419,0
1,1,0,329,1
1,0,0,287,1
2,0,0,1006,1
1,0,0,1540,0
1,0,0,331,1
1,1,0,789,1
1,0,0,130,1
0,0,0,184,1
1,0,0,78,1
5,0,0,671,0
1,1,0,617,1
1,0,0,175,1
1,1,0,532,1
2,0,0,689,0
1,1,0,735,1
21,0,0,2367,0
0,0,0,1227,0
1,1,0,720,1
1,2,0,967,0
9,1,0,2927,0
17,0,0,2831,0
4,0,0,1819,0
0,0,0,569,0
1,2,0,643,1
0,0,0,184,1
0,0,0,355,1
0,0,0,259,1
0,0,0,220,1
1,1,0,745,1
1,1,0,497,1
10,0,0,3734,0
1,0,0,132,1
1,0,0,312,1
1,0,0,171,0
1,1,0,702,1
0,0,0,261,1
1,1,0,230,1
1,1,0,649,1
1,1,0,479,1
1,1,0,875,1
0,1,0,635,0
0,0,0,254,1
0,0,0,857,1
2,0,0,1057,0
1,0,0,170,1
3,0,0,487,0
1,0,0,107,1
24,1,0,3902,1
1,1,0,839,1
1,0,0,561,0
1,0,0,169,1
1,0,0,114,1
1,0,0,168,1
2,0,0,786,0
1,0,0,1202,0
2,0,0,2014,0
0,0,0,3136,0
1,0,0,319,1
1,0,0,167,1
3,0,0,12630,0
1,0,0,93,1
1,1,0,748,1
3,0,0,1548,0
1,0,0,171,1
2,0,0,464,0
24,1,0,3878,1
1,1,0,2445,0
0,0,0,227,1
1,0,0,170,1
1,0,0,168,1
2,0,0,644,0
1,4,0,2612,0
1,0,0,168,1
2,0,0,965,0
2,0,0,1269,0
2,0,0,725,0
0,0,0,461,1
1,0,0,529,1
24,1,0,3902,1
0,0,0,216,0
1,0,0,173,1
1,1,0,705,1
1,0,0,175,1
1,1,0,2598,0
1,0,0,83,1
0,0,0,875,0
1,0,0,445,1
1,1,0,703,1
1,0,0,884,0
1,1,0,679,1
24,1,0,3902,1
0,0,0,349,0
5,0,0,580,0
1,0,0,3151,0
24,1,0,3875,1
1,1,0,798,1
1,0,0,98,1
1,0,0,133,1
2,3,0,2801,0
24,1,0,3902,1
1,1,0,625,1
1,0,0,76,1
24,1,0,3902,1
1,1,0,835,1
1,1,0,763,1
0,0,0,189,1
1,1,0,626,1
5,0,0,1181,0
24,1,0,3879,1
1,0,0,717,0
1,1,0,913,1
24,1,0,3902,1
3,0,0,1911,0
0,0,0,309,0
2,0,0,591,0
7,0,0,1451,0
1,1,0,461,1
1,1,0,952,1
2,1,0,938,0
1,0,0,94,1
2,0,0,999,0
1,0,0,196,1
24,1,0,3902,1
0,0,0,309,1
3,3,0,1414,0
24,1,0,3902,1
1,0,0,173,1
1,2,0,855,1
1,1,0,574,1
1,1,0,673,1
1,0,0,107,1
1,0,0,345,1
0,0,0,239,1
1,0,0,631,0
0,0,0,32,1
0,0,0,257,0
24,1,0,3902,1
1,0,0,1858,0
1,0,0,967,0
0,1,0,114,1
24,1,0,3902,1
0,0,0,850,0
0,0,0,508,0
24,1,0,3876,1
1,0,0,176,1
1,0,0,175,1
1,0,0,173,1
1,0,0,926,0
1,0,0,172,1
0,0,0,91,1
2,0,0,739,0
1,0,0,174,1
1,0,0,1022,0
1,0,0,318,1
0,1,0,799,0
4,0,0,5515,0
2,0,0,1083,0
1,0,0,515,0
2,0,0,2377,0
1,0,0,169,1
1,0,0,110,1
1,1,0,371,1
0,0,0,36,1
2,0,0,1246,0
1,0,0,103,1
1,0,0,4979,0
0,0,0,221,1
1,0,0,454,1
2,0,0,599,0
0,0,0,533,1
1,0,0,45,1
3,0,0,1691,0
1,0,0,137,1
1,0,0,3132,0
1,0,0,47,1
2,1,0,5501,0
3,0,0,664,0
2,0,0,680,0
3,0,0,829,0
1,0,0,81,1
0,0,0,315,1
1,0,0,345,0
1,0,0,87,1
0,0,0,320,0
1,0,0,128,1
0,0,0,323,1
1,0,0,128,1
2,0,0,5477,0
0,0,0,432,1
1,0,0,485,0
1,0,0,154,1
0,0,0,159,0
0,0,0,673,0
24,1,0,3902,1
0,0,0,312,1
2,0,0,541,0
1,0,0,91,1
1,0,0,302,1
1,0,0,485,0
0,0,0,317,1
1,0,0,645,0
0,0,0,1046,0
1,0,0,480,0
1,1,0,715,1
1,1,0,595,1
0,0,0,92,1
1,1,0,642,1
2,0,0,640,0
1,1,0,684,1
1,0,0,937,0
5,0,0,5352,0
6,1,0,1879,0
1,1,0,885,1
27,2,0,4921,0
24,1,0,3875,1
1,1,0,656,1
2,1,0,782,0
0,0,0,228,1
1,0,0,746,0
0,0,0,65,1
0,0,0,217,0
1,0,0,135,1
0,0,0,845,1
1,0,0,291,1
1,0,0,85,1
1,0,0,96,1
3,0,0,4229,0
6,0,0,3951,0
3,0,0,2816,0
13,2,0,3289,0
2,0,0,1820,0
24,1,0,3902,1
1,1,0,674,1
0,0,0,91,1
4,0,0,976,0
1,0,0,185,1
5,0,0,1435,0
1,0,0,106,1
24,1,0,3902,1
1,0,0,95,1
1,0,0,3159,0
1,0,0,101,1
0,0,0,27,1
1,0,0,323,1
2,0,0,967,0
0,0,0,92,1
1,1,0,615,1
1,1,0,699,1
2,4,0,3514,0
1,1,0,711,1
1,1,0,706,1
1,0,0,1373,0
2,4,0,4057,0
0,0,0,392,1
0,0,0,92,1
1,0,0,168,1
4,0,0,655,0
1,1,0,469,1
1,1,0,625,1
1,0,0,1497,0
1,0,0,305,1
0,0,0,140,1
1,0,0,77,1
5,0,0,2796,0
0,1,0,605,0
0,0,0,1267,1
0,1,0,111,1
24,1,0,3879,1
1,0,0,538,1
0,0,0,201,1
0,0,0,563,0
3,0,0,1445,0
0,0,0,1590,0
2,1,0,1397,0
2,1,0,2061,0
2,1,0,924,0
0,0,0,804,0
1,0,0,336,1
2,0,0,2464,0
2,2,0,896,0
0,3,0,2827,0
0,0,0,566,0
1,0,0,449,1
24,1,0,3882,1
1,2,0,2503,0
2,0,0,791,0
1,0,0,1022,0
1,0,0,168,1
24,1,0,3902,1
0,1,0,109,1
0,0,0,181,1
0,5,0,4906,0
1,0,0,498,1
1,0,0,543,1
0,0,0,414,1
1,0,0,306,1
0,0,0,265,1
1,0,0,292,1
0,0,0,1799,0
24,1,0,3876,1
24,1,0,3877,1
0,2,0,2697,0
1,1,0,700,1
2,0,0,518,0
24,1,0,3902,1
2,3,0,4767,0
24,1,0,3902,1
1,0,0,267,1
1,0,0,100,1
1,0,0,114,1
1,1,0,736,1
1,1,0,637,1
2,0,0,8450,0
1,2,0,1108,0
2,0,0,655,0
1,0,0,1857,0
1,0,0,177,1
1,1,0,739,1
24,1,0,3902,1
0,0,0,620,0
0,0,0,421,1
3,0,0,669,0
0,0,0,555,1
0,0,0,1201,0
3,6,0,3476,1
1,0,0,169,1
1,0,0,45,1
1,1,0,733,1
2,0,0,4199,0
0,0,0,470,0
1,0,0,172,1
1,1,0,843,1
1,0,0,185,1
1,0,0,82,1
1,1,0,576,1
0,3,0,952,0
24,1,0,3902,1
1,0,0,76,1
1,0,0,75,1
24,1,0,3874,1
1,1,0,884,1
1,1,0,579,1
1,2,0,14445,0
1,1,0,598,1
0,0,0,415,1
1,1,0,625,1
1,0,0,101,1
2,0,0,534,0
1,1,0,848,1
0,0,0,303,1
1,0,0,97,1
3,1,0,10237,0
1,0,0,49,1
3,0,0,414,0
3,0,0,1785,0
7,0,0,1142,0
4,0,0,5846,0
1,0,0,1041,0
1,1,0,1975,0
0,0,0,240,0
0,0,0,92,1
0,0,0,91,1
0,1,0,821,0
1,0,0,5966,0
0,1,0,8305,0
1,1,0,623,1
5,2,0,3781,0
4,0,0,539,0
3,0,0,1773,0
3,0,0,845,0
0,0,0,59,1
0,0,0,194,1
1,1,0,335,1
1,2,0,1687,0
1,0,0,276,0
1,0,0,111,1
1,0,0,156,1
0,1,0,8305,0
0,1,0,645,0
1,0,0,114,0
5,0,0,849,0
126,2,0,28386,0
24,1,0,3902,1
1,0,0,49,1
1,0,0,102,1
1,0,0,4337,0
1,0,0,1665,0
1,0,0,92,1
1,0,0,113,1
0,0,0,256,1
1,0,0,997,0
1,0,0,176,1
0,0,0,365,0
1,0,0,109,1
3,0,0,1580,0
1,0,0,346,1
0,0,0,396,1
0,1,0,671,0
1,0,0,159,0
2,0,0,671,0
3,0,0,3608,0
3,1,0,2119,0
1,0,0,273,1
2,0,0,915,0
1,0,0,256,1
4,2,0,1239,0
1,0,0,130,1
1,0,0,325,1
1,1,0,851,1
1,0,0,326,1
2,0,0,523,0
0,0,0,118,1
1,0,0,177,1
0,1,0,4082,0
7,5,0,2238,0
1,0,0,111,1
1,0,0,82,1
2,0,0,1516,0
1,0,0,132,1
3,0,0,450,0
1,0,0,1184,0
0,0,0,481,0
1,2,0,619,1
7,5,0,2238,0
0,0,0,91,1
1,1,0,586,1
1,1,0,878,1
1,1,0,666,1
1,0,0,165,1
1,1,0,798,1
1,1,0,761,1
1,1,0,430,0
1,0,0,101,1
0,0,0,232,1
1,1,0,857,1
0,8,0,353,0
0,3,0,579,0
12,2,0,5799,0
1,0,0,1789,0
1,1,0,667,1
0,0,0,215,1
0,0,0,1174,0
1,1,0,776,1
0,0,0,90,1
1,1,0,621,1
2,0,0,1824,0
1,0,0,966,0
4,0,0,2486,0
3,1,0,5460,0
1,1,0,704,1
2,12,0,3337,0
0,2,0,3751,0
2,0,0,915,0
0,0,0,139,1
1,0,0,285,1
0,0,0,193,1
5,0,0,1441,0
1,0,0,79,1
1,0,0,79,1
0,0,0,91,1
1,0,0,73,1
1,2,0,970,1
4,5,0,1294,0
0,0,0,821,1
1,0,0,308,1
1,0,0,329,1
0,0,0,127,1
1,0,0,54,1
1,0,0,136,1
2,0,0,603,0
2,0,0,2686,0
2,0,0,2686,0
1,0,0,156,1
6,3,0,1790,0
1,0,0,73,1
26,4,0,4442,0
3,3,0,6046,0
0,0,0,1416,0
2,0,0,559,0
0,0,0,2586,0
3,0,0,291,0
1,0,0,758,0
0,0,0,92,1
28,6,0,6526,0
2,0,0,762,0
0,0,0,722,0
4,0,0,1413,0
1,1,0,653,0
0,0,0,1095,0
4,1,0,5163,0
1,0,0,171,1
1,0,0,256,1
6,0,0,1007,0
1,0,0,328,1
3,0,0,11327,0
127,130,0,34093,0
1,0,0,462,1
1,3,0,2926,0
5,1,0,4628,0
1,0,0,169,1
0,3,0,169,0
6,0,0,1136,0
6,0,0,1904,0
0,1,0,3807,0
5,0,0,2295,0
0,0,0,156,0
5,0,0,2606,0
1,0,0,106,1
2,1,0,1586,0
1,1,0,2589,0
0,0,0,287,1
0,0,0,555,0
1,0,0,63,1
0,0,0,90,1
1,1,0,2402,0
1,0,0,97,1
1,0,0,103,1
0,0,0,1421,0
1,0,0,168,1
5,1,0,2339,0
1,1,0,629,1
1,0,0,167,1
1,0,0,166,1
1,0,0,168,1
1,0,0,90,1
3,1,0,2413,0
0,0,0,2072,0
1,0,0,2969,0
36,2,0,10865,0
0,2,0,1478,1
1,0,0,88,1
1,0,0,167,1
1,0,0,362,1
0,8,0,4685,0
1,0,0,567,1
1,1,0,2770,0
1,0,0,86,1
1,1,0,634,1
3,1,0,6898,0
1,0,0,166,1
1,1,0,655,1
1,0,0,112,1
1,1,0,900,1
1,0,0,587,1
1,0,0,104,1
1,1,0,768,1
0,0,0,374,1
2,0,0,5451,0
1,1,0,867,1
0,0,0,949,1
1,1,0,746,1
1,0,0,51,1
2,0,0,860,0
0,2,0,915,0
0,0,0,890,0
0,0,0,37,0
0,4,0,2623,0
1,0,0,169,1
1,0,0,480,1
1,0,0,65,1
0,0,0,813,1
1,0,0,358,0
1,1,0,603,1
1,0,0,183,1
2,0,0,723,0
1,0,0,170,1
1,0,0,102,1
1,0,0,170,1
0,0,0,181,1
1,1,0,588,1
1,2,0,842,1
2,0,0,1052,0
0,0,0,4101,0
1,1,0,589,1
1,0,0,495,1
4,0,0,1332,0
4,0,0,892,0
3,0,0,790,0
2,0,0,1045,0
1,0,0,2092,0
5,0,0,2427,0
1,0,0,167,1
1,1,0,678,1
3,1,0,609,0
1,0,0,112,1
0,0,0,110,1
3,1,0,1307,0
0,0,0,175,1
0,0,0,159,1
1,1,0,927,1
1,0,0,352,1
1,0,0,489,1
0,0,0,392,0
0,0,0,9084,0
1,0,0,2198,0
3,0,0,4340,0
3,2,0,5059,0
1,0,0,295,1
0,0,0,65,1
2,0,0,1412,0
1,0,0,387,1
0,0,0,1683,0
1,0,0,544,1
1,0,0,116,1
4,1,0,875,0
1,1,0,802,1
0,0,0,85,1
1,0,0,47,1
1,2,0,822,0
1,0,0,405,0
2,2,0,6496,1
1,0,0,475,0
2,0,0,789,0
2,0,0,2229,0
0,0,0,131,1
0,0,0,233,1
1,6,0,1571,0
0,0,0,363,0
3,10,0,7191,0
2,0,0,924,0
0,0,0,343,0
1,9,0,688,1
0,0,0,299,1
2,0,0,2283,0
0,0,0,161,1
24,1,0,3902,1
0,0,0,130,1
0,0,0,332,0
0,0,0,863,1
0,0,0,86,1
24,1,0,3902,1
24,1,0,3902,1
24,1,0,3902,1
0,0,0,102,1
0,0,0,110,1
1,0,0,312,1
0,0,0,614,0
1,0,0,303,1
0,1,0,111,1
0,1,0,4185,0
1,0,0,1070,0
2,0,0,612,0
0,4,0,2941,0
24,1,0,3902,1
0,0,0,553,0
0,0,0,316,1
3,3,0,5099,0
0,0,0,320,1
0,0,0,258,1
0,2,0,759,0
24,1,0,3902,1
1,1,0,457,1
1,0,0,91,1
1,1,0,607,1
1,0,0,71,1
2,3,0,2650,0
1,1,0,933,1
1,1,0,667,1
1,0,0,136,1
24,1,0,3902,1
1,1,0,683,1
24,1,0,3902,1
1,0,0,172,1
1,1,0,890,1
1,1,0,735,1
1,0,0,303,1
1,0,0,172,1
24,1,0,3902,1
11,1,0,5074,0
1,0,0,166,1
1,2,0,775,0
4,0,0,2463,0
2,0,0,1273,0
2,0,0,978,0
1,0,0,77,1
1,1,0,629,1
2,0,0,900,0
1,0,0,174,1
1,1,0,665,1
1,1,0,846,1
4,0,0,1901,0
1,1,0,591,1
2,0,0,1258,0
1,1,0,644,1
1,0,0,169,1
24,1,0,3902,1
1,0,0,504,0
1,0,0,95,1
1,1,0,668,1
0,0,0,554,1
0,0,0,285,1
4,1,0,828,0
24,1,0,3902,1
24,1,0,3902,1
24,1,0,3902,1
0,0,0,1238,0
1,0,0,109,1
4,0,0,1478,0
2,0,0,726,0
11,0,0,6289,0
1,0,0,156,1
2,0,0,730,0
0,0,0,311,1
24,1,0,3902,1
0,0,0,950,1
0,0,0,270,1
1,0,0,91,1
24,1,0,3902,1
1,0,0,109,1
1,0,0,754,0
2,0,0,626,0
1,0,0,53,1
0,0,0,404,1
0,0,0,312,1
0,0,0,313,1
2,0,0,866,0
1,0,0,713,0
1,0,0,369,0
1,0,0,388,0
0,0,0,1405,0
1,0,0,76,1
2,0,0,178,1
1,0,0,84,1
1,0,0,157,1
3,0,0,1589,0
1,0,0,81,1
0,0,0,850,0
1,0,0,168,1
24,1,0,3902,1
24,1,0,3902,1
1,0,0,83,1
24,1,0,3875,1
1,0,0,82,1
0,1,0,2174,0
3,1,0,923,0
1,0,0,876,0
3,1,0,3229,0
2,1,0,1096,0
1,0,0,737,0
0,1,0,4884,1
1,0,0,81,1
24,1,0,3902,1
0,1,0,2962,0
0,1,0,1440,0
1,0,0,109,1
1,0,0,469,1
1,0,0,203,1
0,0,0,954,1
0,0,0,270,1
1,0,0,265,1
0,0,0,516,0
1,0,0,715,0
24,1,0,3902,1
1,1,0,62,1
0,0,0,408,1
1,1,0,999,1
0,0,0,316,1
0,0,0,295,1
1,0,0,91,1
1,1,0,1657,0
0,0,0,839,1
0,0,0,390,1
0,0,0,82,1
1,0,0,92,1
0,0,0,74,1
4,0,0,1535,0
0,1,0,1669,0
1,0,0,656,0
1,0,0,165,0
24,1,0,3902,1
1,0,0,166,1
2,0,0,1926,0
3,0,0,2034,0
0,0,0,397,0
1,0,0,167,1
0,0,0,45,1
1,0,0,243,1
1,0,0,491,1
1,0,0,552,1
0,0,0,83,1
0,0,0,95,1
0,0,0,1903,0
2,0,0,599,0
1,0,0,116,1
1,2,0,872,1
2,0,0,946,0
1,0,0,91,1
1,17,1,4564,0
0,0,0,60,1
1,17,1,5589,0
1,0,0,537,1
1,0,0,72,1
1,0,0,178,1
2,0,0,720,0
0,0,0,3994,1
1,0,0,85,0
0,0,0,1477,0
2,0,0,367,0
1,0,0,210,0
0,0,0,2422,0
1,1,0,655,1
1,1,0,728,1
7,0,0,2091,0
1,1,0,979,1
4,0,0,4325,0
1,0,0,84,1
1,0,0,72,1
3,0,0,13302,0
2,1,0,1546,0
1,0,0,83,1
1,1,0,682,1
1,1,0,633,1
1,0,0,168,1
1,1,0,866,1
1,0,0,304,1
1,0,0,294,1
1,0,0,295,1
1,0,0,264,1
24,1,0,3902,1
0,1,0,2495,0
1,0,0,172,1
0,0,0,4392,0
3,0,0,5901,0
1,1,0,878,1
1,1,0,1690,0
0,0,0,581,0
0,2,0,772,0
2,0,0,1456,0
24,1,0,3902,1
1,0,0,54,1
24,1,0,3902,1
0,0,0,81,1
1,1,0,661,1
3,2,0,1184,0
1,0,0,289,1
1,0,0,115,1
1,0,0,537,1
0,0,0,130,1
1,1,0,686,1
0,0,0,662,0
1,0,0,155,1
1,1,0,993,1
1,1,0,643,1
1,0,0,290,1
1,0,0,307,1
0,1,0,551,0
0,0,0,1797,0
0,1,0,3204,0
1,0,0,559,1
24,1,0,3902,1
1,1,0,624,1
1,0,0,629,1
5,0,0,1127,0
2,0,0,1984,0
1,0,0,1133,0
2,0,0,1171,0
1,0,0,103,1
3,0,0,3015,0
0,0,0,848,1
0,0,0,84,1
1,0,0,69,1
1,0,0,298,1
1,0,0,74,1
0,0,0,317,1
1,0,0,72,1
0,0,0,260,1
0,0,0,999,0
0,0,0,321,1
0,0,0,84,1
0,0,0,83,1
0,0,0,312,1
0,0,0,349,1
0,0,0,85,1
1,0,0,447,1
24,1,0,3877,1
24,1,0,3879,1
2,0,0,2496,0
2,0,0,271,0
2,0,0,241,0
0,0,0,316,1
24,1,0,3902,1
0,0,0,84,1
0,3,0,2099,0
1,0,0,3151,0
0,0,0,4005,0
1,0,0,1666,0
3,0,0,1836,0
2,0,0,528,0
24,1,0,3879,1
0,0,0,314,1
1,0,0,468,1
0,0,0,8173,0
0,1,0,277,1
1,0,0,133,1
1,0,0,363,0
1,0,0,100,1
1,0,0,73,1
0,0,0,61,1
0,3,0,2358,0
1,0,0,85,1
0,1,0,1644,0
1,0,0,100,1
0,0,0,504,0
2,0,0,2096,0
24,1,0,3879,1
110,11,0,32938,0
1,3,0,3546,0
1,0,0,665,0
3,0,0,703,0
2,0,0,3678,0
1,0,0,1774,0
0,1,0,2415,0
1,0,0,74,1
24,1,0,3879,1
2,0,0,730,0
24,1,0,3878,1
0,0,0,234,1
24,1,0,3879,1
0,0,0,119,1
24,1,0,3879,1
1,0,0,175,1
1,0,0,73,1
1,0,0,292,1
1,0,0,279,1
1,0,0,339,1
24,1,0,3878,1
24,1,0,3902,1
1,0,0,339,1
0,0,0,4287,1
0,0,0,70,0
0,0,0,404,1
24,1,0,3878,1
24,1,0,3879,1
0,0,0,4942,1
1,1,0,639,0
2,0,0,531,0
1,0,0,105,1
24,1,0,3902,1
2,0,0,345,0
1,0,0,164,1
1,0,0,175,1
0,0,0,228,0
0,0,0,955,0
0,2,0,1078,0
1,0,0,91,1
1,0,0,101,1
1,0,0,95,1
1,0,0,89,1
24,1,0,3902,1
1,0,0,77,1
1,0,0,77,1
1,0,0,83,1
1,0,0,230,1
0,0,0,822,0
1,0,0,181,1
1,0,0,1982,0
24,1,0,3879,1
1,0,0,109,1
24,1,0,3879,1
1,0,0,83,1
0,0,0,258,1
1,0,0,102,1
0,0,0,39,1
1,0,0,130,1
1,0,0,73,1
1,0,0,813,0
1,0,0,1311,0
1,0,0,813,0
2,0,0,599,0
0,0,0,468,0
1,0,0,102,1
1,0,0,180,1
1,0,0,1382,0
1,1,0,513,1
1,0,0,167,1
0,1,0,222,1
1,0,0,88,1
1,0,0,449,1
1,0,0,175,1
0,0,0,227,1
1,1,0,677,1
1,1,0,718,1
1,1,0,644,1
1,1,0,742,1
0,1,0,280,0
3,0,0,3661,0
0,0,0,121,1
1,1,0,644,1
1,0,0,109,1
1,0,0,166,1
2,0,0,881,0
1,0,0,105,1
1,0,0,105,1
0,0,0,213,1
2,0,0,1002,0
0,0,0,292,1
1,1,0,589,1
1,1,0,526,1
1,1,0,794,1
0,2,0,376,0
2,0,0,498,0
3,0,0,2004,0
4,0,0,1294,0
23,2,0,6683,0
2,0,0,156,0
1,1,0,864,1
24,1,0,3877,1
4,0,0,5447,0
1,0,0,232,1
0,0,0,318,1
1,0,0,270,1
1,0,0,324,1
1,0,0,288,1
1,1,0,655,1
1,0,0,853,0
1,1,0,609,1
1,0,0,83,1
1,0,0,85,1
0,0,0,59,1
3,0,0,975,0
5,0,0,2318,0
1,1,0,899,1
1,0,0,66,1
0,1,0,1567,0
1,0,0,301,1
1,0,0,82,1
2,0,0,557,0
1,0,0,106,1
1,0,0,178,1
1,0,0,208,1
1,0,0,172,1
5,0,0,1637,0
0,0,0,402,1
1,1,0,217,1
0,0,0,116,1
0,0,0,317,1
1,0,0,3490,0
24,1,0,3879,1
8,1,0,2756,0
2,0,0,630,0
4,0,0,1755,0
10,0,0,2673,0
1,0,0,48,1
0,0,0,82,1
6,4,0,1195,0
1,0,0,250,1
1,1,0,651,1
1,0,0,225,1
1,0,0,165,1
3,0,0,10283,0
1,0,0,122,1
1,0,0,210,1
1,0,0,77,1
1,0,0,184,1
1,0,0,544,1
0,0,0,869,1
0,0,0,674,1
0,0,0,419,1
1,0,0,173,1
1,0,0,182,1
1,0,0,319,0
1,0,0,149,1
1,0,0,150,1
3,0,0,1664,0
1,0,0,217,1
1,0,0,85,1
3,1,0,2574,0
0,0,0,234,1
1,0,0,135,1
0,1,0,107,1
1,0,0,46,1
0,0,0,220,1
0,0,0,519,1
0,0,0,468,1
0,0,0,418,1
1,0,0,478,1
1,0,0,134,1
0,0,0,216,1
0,0,0,415,1
1,0,0,313,1
1,0,0,77,1
1,0,0,183,1
2,0,0,1111,0
1,0,0,213,1
24,1,0,3878,1
5,2,0,5368,0
0,0,0,617,0
2,0,0,970,0
10,1,0,3546,0
1,0,0,271,1
1,0,0,46,1
8,8,0,3588,0
1,0,0,170,1
1,0,0,162,1
1,0,0,160,1
0,0,0,225,0
2,0,0,172,1
1,0,0,172,1
1,0,0,177,1
1,1,0,466,1
0,0,0,234,1
24,1,0,3878,1
0,0,0,1815,0
24,1,0,3902,1
0,1,0,588,1
1,0,0,170,1
2,14,0,6176,0
0,0,0,426,0
0,0,0,2257,1
1,0,0,205,1
0,0,0,125,1
0,2,0,3129,0
24,1,0,3879,1
0,0,0,146,1
8,2,0,1504,0
0,0,0,233,1
1,0,0,115,1
0,0,0,424,1
1,0,0,113,1
1,0,0,80,1
1,0,0,315,1
1,0,0,261,1
0,0,0,841,1
1,0,0,463,1
1,0,0,161,1
2,0,0,4494,0
1,0,0,245,1
1,0,0,51,1
1,0,0,338,1
0,0,0,92,1
1,0,0,243,1
1,0,0,1002,0
0,0,0,719,0
1,0,0,140,1
24,1,0,3879,1
2,0,0,1478,0
1,0,0,304,1
2,0,0,518,0
2,0,0,560,0
8,0,0,2349,0
4,8,0,2404,0
1,0,0,113,1
2,1,0,1378,0
1,0,0,301,1
1,0,0,399,1
1,11,0,68962,0
24,1,0,3878,1
24,1,0,3878,1
0,0,0,1221,0
1,0,0,265,1
1,0,0,242,1
1,0,0,148,1
1,0,0,362,1
1,0,0,485,1
2,0,0,2360,0
1,0,0,114,1
1,0,0,113,1
0,0,0,315,1
1,0,0,119,1
1,0,0,113,1
1,0,0,171,1
1,0,0,90,1
1,0,0,277,1
0,0,0,74,0
1,0,0,160,1
1,0,0,461,1
1,0,0,223,1
1,0,0,312,1
1,0,0,368,1
1,1,0,4032,0
0,0,0,3037,1
0,0,0,151,1
1,0,0,227,1
1,0,0,217,1
1,0,0,227,1
1,0,0,170,1
0,0,0,226,1
1,0,0,178,1
4,1,0,2457,0
1,0,0,225,1
1,0,0,232,1
1,0,0,259,1
1,0,0,253,1
1,0,0,295,1
1,0,0,175,1
1,0,0,170,1
3,0,0,1000,0
1,1,0,160,1
1,0,0,243,1
1,3,0,983,0
0,0,0,464,0
0,0,0,118,0
1,1,0,2258,0
0,0,0,408,0
1,1,0,733,1
1,1,0,770,1
1,0,0,83,1
2,0,0,854,0
1,0,0,264,1
1,0,0,302,1
1,0,0,166,1
1,0,0,155,1
1,0,0,79,1
5,0,0,1844,0
0,0,0,33,1
1,1,0,659,1
1,0,0,262,1
1,0,0,470,1
1,0,0,225,1
0,2,0,203,0
24,1,0,3879,1
1,1,0,458,1
1,1,0,814,1
1,0,0,344,1
1,0,0,470,1
1,1,0,258,1
2,1,0,3608,0
1,0,0,178,1
1,0,0,362,1
1,0,0,333,1
1,0,0,181,1
0,0,0,460,0
1,0,0,141,1
3,0,0,938,0
1,0,0,495,1
5,0,0,1386,0
1,1,0,888,1
1,0,0,130,1
1,1,0,870,1
24,1,0,3879,1
1,1,0,706,1
0,0,0,252,0
1,0,0,3555,0
1,1,0,573,1
1,2,0,626,1
1,0,0,170,1
1,0,0,270,1
1,0,0,309,1
1,0,0,379,1
0,0,0,349,0
1,0,0,731,0
1,0,0,75,1
2,1,0,6597,0
5,5,0,5058,0
1,0,0,934,0
1,1,0,757,1
0,1,0,3413,1
1,0,0,245,1
1,0,0,188,1
1,1,0,421,1
1,0,0,167,1
2,0,0,1401,0
1,0,0,192,1
1,0,0,186,1
24,1,0,3879,1
2,0,0,2534,0
1,1,0,643,1
1,0,0,47,1
1,0,0,381,1
1,0,0,189,1
0,0,0,65,1
3,0,0,1512,0
0,0,0,50,1
24,1,0,3879,1
24,1,0,3879,1
0,0,0,317,1
4,0,0,1771,0
1,0,0,302,1
1,0,0,200,1
0,0,0,412,1
1,0,0,346,1
1,0,0,160,1
1,0,0,442,1
1,2,0,630,1
7,0,0,1108,0
1,0,0,173,1
3,0,0,737,0
24,1,0,3878,1
1,0,0,142,1
1,0,0,181,1
1,0,0,345,1
1,0,0,361,1
1,0,0,168,1
1,0,0,163,1
1,0,0,216,1
0,0,0,310,0
0,0,0,448,1
1,0,0,312,1
0,0,0,416,1
1,0,0,312,1
1,0,0,436,1
1,0,0,198,1
0,2,0,1616,0
3,0,0,783,0
0,2,0,1769,0
3,3,0,1129,0
0,0,0,680,0
2,0,0,3846,0
2,0,0,512,0
0,0,0,860,1
1,0,0,165,1
0,0,0,228,1
0,0,0,660,0
1,0,0,165,1
0,1,0,687,0
1,0,0,101,1
0,0,0,1049,0
1,0,0,169,1
1,0,0,170,1
1,0,0,207,1
6,0,0,2757,0
1,0,0,221,1
24,1,0,3902,1
0,0,0,468,0
24,1,0,3878,1
1,0,0,272,1
0,0,0,1110,0
1,0,0,455,1
1,0,0,177,1
2,0,0,1016,0
1,0,0,170,1
1,0,0,1518,0
3,0,0,2290,0
6,0,0,2321,0
1,0,0,231,1
24,1,0,3879,1
0,0,0,139,1
1,0,0,561,1
1,0,0,179,1
2,0,0,4802,0
1,0,0,205,1
0,0,0,109,1
1,0,0,321,1
0,0,0,1699,0
1,0,0,101,1
0,0,0,316,1
0,0,0,320,1
1,0,0,541,0
5,0,0,665,0
2,0,0,1144,0
1,0,0,46,1
1,1,0,309,1
0,0,0,430,0
1,0,0,341,1
1,0,0,344,1
1,0,0,106,1
1,0,0,183,1
1,0,0,102,1
1,0,0,214,1
1,0,0,181,1
0,0,0,212,0
1,0,0,322,1
1,0,0,61,1
2,0,0,303,1
0,0,0,230,1
3,0,0,1494,0
0,0,0,4768,0
1,0,0,269,1
4,0,0,1317,0
1,0,0,77,1
0,0,0,205,1
0,1,0,5294,1
1,0,0,2035,0
0,0,0,243,1
0,0,0,152,1
0,2,0,458,1
1,1,0,172,1
1,0,0,173,1
1,0,0,586,0
0,0,0,445,1
1,0,0,152,1
0,0,0,847,0
0,0,0,130,1
3,0,0,1750,0
1,0,0,203,1
1,0,0,1798,0
5,1,0,2102,0
1,0,0,1227,0
1,0,0,537,1
2,0,0,2749,0
0,1,0,115,1
1,0,0,309,1
1,0,0,420,1
1,0,0,1185,0
1,0,0,180,1
1,0,0,212,1
6,0,0,2472,0
1,0,0,596,1
1,1,0,175,1
1,0,0,239,1
1,0,0,159,1
3,0,0,3240,0
1,0,0,110,1
0,0,0,411,1
1,0,0,181,1
1,0,0,485,1
0,0,0,454,0
1,0,0,146,1
1,0,0,261,1
1,0,0,177,1
1,0,0,177,1
1,0,0,203,1
4,0,0,2920,0
1,0,0,207,1
1,0,0,174,1
1,0,0,259,1
1,0,0,152,1
6,0,0,1278,0
1,0,0,182,1
1,0,0,1449,0
1,0,0,114,1
1,0,0,274,1
1,0,0,190,1
1,0,0,138,1
1,0,0,154,1
1,0,0,374,1
1,0,0,463,1
24,1,0,3879,1
1,0,0,179,1
1,0,0,160,1
1,0,0,209,1
1,0,0,336,1
1,0,0,150,1
1,0,0,228,1
1,0,0,170,1
1,0,0,211,1
1,0,0,246,1
2,12,0,2614,0
1,0,0,142,1
1,0,0,278,1
1,0,0,167,1
0,0,0,4611,1
1,0,0,146,1
1,0,0,196,1
1,0,0,190,1
1,0,0,301,1
1,1,0,191,1
1,0,0,167,1
1,0,0,177,1
6,0,0,1645,0
1,0,0,190,1
1,0,0,283,1
1,0,0,188,1
1,0,0,190,1
1,0,0,85,1
1,0,0,266,1
1,1,0,4583,0
1,0,0,244,1
1,0,0,310,1
1,0,0,292,1
1,1,0,660,1
1,0,0,183,1
1,0,0,324,1
1,0,0,352,1
1,2,0,610,0
1,0,0,109,1
1,0,0,236,1
1,0,0,272,1
1,0,0,182,1
1,0,0,246,1
1,0,0,734,0
0,0,0,319,1
1,0,0,244,1
1,0,0,174,1
1,0,0,283,1
24,1,0,3879,1
1,1,0,641,1
1,0,0,65,1
24,1,0,3878,1
1,0,0,225,1
1,1,0,220,1
1,0,0,208,1
1,0,0,377,1
1,0,0,213,1
0,0,0,198,0
1,0,0,362,1
1,0,0,399,1
2,0,0,714,0
1,0,0,148,1
2,1,0,5487,0
1,0,0,413,1
1,0,0,170,1
1,0,0,159,1
1,0,0,273,1
1,0,0,229,1
1,0,0,251,1
1,0,0,391,1
1,0,0,181,1
1,0,0,259,1
1,0,0,250,1
1,0,0,1644,0
1,0,0,442,1
1,0,0,384,1
1,0,0,180,1
1,0,0,188,1
1,0,0,365,1
24,1,0,3879,1
2,0,0,2011,0
6,0,0,1325,1
0,8,0,2275,1
0,0,0,299,0
1,0,0,105,1
24,1,0,3879,1
24,1,0,3878,1
1,0,0,219,1
1,0,0,270,1
0,0,0,5369,0
1,0,0,456,1
1,0,0,590,1
0,0,0,861,1
1,0,0,204,1
1,0,0,384,1
1,0,0,177,1
1,0,0,203,1
1,0,0,329,1
1,0,0,448,1
1,0,0,165,1
1,0,0,164,1
1,0,0,384,1
5,3,0,2524,0
0,0,0,204,1
0,0,0,1039,0
3,0,0,7066,0
0,0,0,1182,0
1,0,0,166,1
1,1,0,755,1
6,0,0,1784,0
1,0,0,214,1
1,0,0,190,1
1,0,0,177,1
1,0,0,140,1
1,0,0,133,1
0,0,0,318,1
2,0,0,779,0
0,0,0,311,1
1,0,0,227,1
1,1,0,921,1
0,0,0,470,1
1,1,0,737,1
0,0,0,275,0
0,0,0,339,1
1,0,0,322,1
6,0,0,1305,1
1,1,0,728,1
1,0,0,278,1
2,0,0,2050,0
1,0,0,188,1
1,1,0,202,1
1,0,0,457,1
2,0,0,805,0
1,0,0,98,1
2,0,0,1572,0
0,0,0,230,0
1,0,0,170,1
24,1,0,3879,1
1,0,0,196,1
0,0,0,199,1
1,0,0,344,1
1,0,0,96,1
1,0,0,139,1
1,0,0,182,1
1,0,0,174,1
1,0,0,171,1
0,0,0,164,1
1,0,0,173,1
0,4,0,4765,0
1,0,0,108,1
1,0,0,456,1
1,0,0,164,1
1,1,0,706,1
1,0,0,237,1
0,0,0,182,1
0,0,0,235,1
1,0,0,197,1
4,0,0,3195,0
1,0,0,143,1
1,0,0,175,1
5,0,0,1596,0
0,0,0,223,1
0,0,0,336,1
1,0,0,164,1
0,0,0,219,1
1,1,0,831,1
1,1,0,782,1
1,0,0,257,1
0,0,0,236,1
0,0,0,239,1
0,0,0,293,1
1,1,0,634,1
0,0,0,348,1
3,0,0,3717,0
1,1,0,838,1
0,5,0,2531,0
0,0,0,232,1
1,0,0,251,1
0,0,0,2670,1
1,0,0,213,1
0,0,0,433,1
1,0,0,189,1
1,0,0,171,1
0,0,0,225,1
0,0,0,243,1
1,2,0,859,1
0,0,0,206,1
1,0,0,112,1
0,0,0,33,1
0,0,0,195,1
1,2,0,663,1
1,0,0,180,1
1,0,0,149,1
1,0,0,216,1
9,1,0,2838,0
0,0,0,138,0
0,0,0,202,1
1,0,0,165,1
24,1,0,3879,1
24,1,0,3878,1
1,0,0,69,1
0,0,0,268,1
0,0,0,212,1
6,2,0,3445,0
1,0,0,476,1
0,0,0,207,1
1,0,0,84,1
1,0,0,178,1
0,0,0,255,1
1,0,0,75,1
0,0,0,600,1
24,1,0,3879,1
0,0,0,90,1
0,0,0,214,1
0,0,0,4083,1
1,0,0,187,1
1,0,0,170,1
1,0,0,164,1
1,0,0,199,1
0,0,0,135,0
0,3,0,2851,0
2,0,0,1037,0
0,5,0,3476,0
1,0,0,131,1
0,1,0,379,1
1,0,0,210,1
24,1,0,3902,1
1,0,0,243,1
0,0,0,223,1
1,0,0,82,1
0,0,0,417,1
1,0,0,149,1
1,0,0,172,1
0,0,0,275,0
4,0,0,1745,0
1,0,0,101,1
0,0,0,269,1
24,1,0,3879,1
1,0,0,153,1
2,0,0,1804,0
0,0,0,388,1
1,0,0,77,1
2,0,0,1458,0
0,0,0,3060,1
0,0,0,299,1
29,1,0,4633,0
1,0,0,262,1
0,0,0,671,0
1,0,0,91,1
0,0,0,776,0
1,0,0,1780,0
1,0,0,246,0
2,0,0,431,0
0,0,0,529,1
1,0,0,104,1
24,1,0,3878,1
2,0,0,596,0
1,2,0,678,1
1,1,0,835,1
0,0,0,326,1
0,0,0,318,1
0,0,0,472,0
1,2,0,705,1
1,0,0,185,1
24,1,0,3878,1
0,0,0,108,1
1,0,0,495,0
1,0,0,97,1
1,0,0,90,1
1,0,0,63,1
2,0,0,744,0
1,1,0,611,1
1,0,0,107,1
1,1,0,622,1
1,1,0,798,1
0,1,0,1371,0
1,0,0,938,0
2,0,0,663,0
0,1,0,3371,0
0,0,0,111,0
15,0,0,6575,0
1,0,0,139,1
1,0,0,72,1
0,0,0,737,0
1,1,0,839,1
0,1,0,106,1
1,1,0,780,1
1,0,0,626,1
0,0,0,407,1
0,0,0,578,0
2,0,0,405,0
1,1,0,873,1
1,1,0,697,1
0,0,0,1109,0
0,0,0,1599,0
1,0,0,276,1
1,0,0,276,1
1,1,0,852,1
0,1,0,228,1
1,0,0,166,1
0,0,0,601,1
4,2,0,2422,0
4,4,0,3313,0
1,1,0,869,0
1,0,0,1728,0
0,0,0,851,1
0,0,0,220,0
24,1,0,3878,1
24,1,0,3878,1
24,1,0,3878,1
1,1,0,263,1
0,0,0,4706,1
24,1,0,3902,1
2,0,0,1171,0
1,1,0,827,1
1,0,0,70,1
24,1,0,3879,1
14,2,0,5337,0
24,1,0,3879,1
24,1,0,3879,1
0,0,0,67,1
0,0,0,401,1
1,0,0,600,1
1,0,0,325,1
0,0,0,420,1
0,0,0,43,1
2,0,0,2187,0
0,0,0,38,1
4,0,0,2426,0
1,0,0,112,1
1,0,0,1231,0
0,0,0,492,0
0,0,0,1659,0
0,0,0,1208,0
1,0,0,169,1
0,0,0,39,1
1,0,0,151,1
1,0,0,155,1
0,0,0,433,1
11,7,0,9495,0
1,1,0,840,1
24,1,0,3879,1
2,12,1,2474,0
1,0,0,337,1
1,0,0,361,1
24,1,0,3879,1
24,1,0,3879,1
24,1,0,3878,1
0,0,0,317,1
3,3,0,3261,0
24,1,0,3879,1
24,1,0,3878,1
1,2,0,796,0
0,0,0,1774,0
2,7,0,6620,0
1,0,0,769,0
0,0,0,573,0
24,1,0,3879,1
24,1,0,3879,1
0,0,0,679,0
1,0,0,377,1
2,0,0,1375,0
0,0,0,152,1
1,0,0,553,1
24,1,0,3877,1
1,0,0,509,0
1,1,0,188,1
1,0,0,598,0
1,0,0,229,1
1,0,0,323,0
1,1,0,922,1
0,0,0,330,1
1,0,0,254,1
1,0,0,176,1
0,0,0,2323,0
2,0,0,1176,0
1,3,0,1084,0
2,0,0,600,0
2,0,0,3280,0
0,0,0,2081,0
0,0,0,153,1
2,1,0,178,1
0,0,0,265,1
1,0,0,95,1
1,0,0,94,1
0,0,0,354,1
0,0,0,176,0
0,0,0,223,1
1,0,0,76,1
0,0,0,267,1
1,0,0,545,1
1,0,0,95,1
1,0,0,287,1
1,0,0,103,1
0,2,0,4063,0
6,0,0,1882,0
2,0,0,3263,0
1,0,0,93,1
2,0,0,2245,0
0,0,0,3089,0
4,13,1,2541,0
0,0,0,171,0
24,1,0,3879,1
1,0,0,178,1
0,0,0,636,0
24,1,0,3879,1
1,0,0,63,1
1,0,0,757,1
24,1,0,3877,1
1,1,0,10333,0
1,0,0,98,1
0,0,0,317,1
1,0,0,263,1
1,0,0,236,1
2,0,0,2054,0
1,0,0,236,1
1,0,0,264,1
0,0,0,352,0
1,0,0,264,1
1,0,0,51,1
0,0,0,254,1
1,0,0,183,1
0,0,0,731,0
1,0,0,258,1
0,0,0,321,1
0,0,0,185,1
1,0,0,162,1
0,0,0,356,1
0,0,0,160,1
1,0,0,162,1
1,1,0,819,1
0,0,0,2628,0
4,2,0,1645,0
0,0,0,1639,0
0,0,0,346,0
0,0,0,1462,0
0,0,0,2997,1
1,0,0,163,1
0,0,0,318,1
3,0,0,1281,0
1,0,0,83,1
2,0,0,1875,0
0,3,0,7373,1
0,0,0,113,1
1,0,0,161,1
2,2,0,4801,0
1,0,0,163,1
7,0,0,3091,0
5,0,0,1601,0
1,0,0,577,0
1,1,0,262,1
0,0,0,604,1
24,1,0,3878,1
1,0,0,1608,0
2,0,0,934,0
0,1,0,186,0
2,0,0,2839,0
1,0,0,365,1
2,0,0,1058,0
0,0,0,36,1
0,0,0,1476,0
2,0,0,1743,0
1,1,0,610,1
0,0,0,353,0
0,0,0,682,1
3,1,0,582,0
1,0,0,164,1
24,1,0,3878,1
1,0,0,111,1
1,0,0,270,1
1,1,0,179,1
3,1,0,1990,0
0,0,0,888,0
0,0,0,2909,0
3,0,0,1299,0
0,0,0,212,1
1,1,0,591,1
0,6,0,1526,0
1,1,0,630,1
1,1,0,690,1
0,0,0,38,1
2,0,0,557,0
1,0,0,403,1
1,0,0,263,1
2,0,0,826,0
1,0,0,192,1
1,0,0,160,1
1,0,0,473,1
1,1,0,530,1
1,0,0,75,1
5,3,0,3418,0
3,0,0,1212,0
2,0,0,1452,0
2,0,0,1394,0
2,2,0,341,0
1,1,0,592,1
2,2,0,341,0
1,0,0,173,1
0,2,0,5499,1
1,0,0,181,1
1,0,0,455,1
1,1,0,554,1
1,0,0,108,1
1,1,0,617,1
0,0,0,480,0
0,0,0,121,1
1,0,0,477,1
1,0,0,162,1
1,0,0,240,1
2,0,0,1347,0
1,1,0,437,1
1,0,0,174,1
2,1,0,1309,0
1,1,0,640,1
1,0,0,233,1
0,0,0,458,0
1,0,0,915,0
12,13,0,5500,0
3,0,0,3399,0
2,0,0,1382,0
1,0,0,248,1
1,0,0,169,1
1,1,0,676,1
0,0,0,185,1
1,0,0,162,1
1,0,0,133,1
1,1,0,831,1
1,0,0,272,1
1,0,0,933,0
0,0,0,709,1
1,0,0,96,1
6,14,0,23733,0
1,0,0,162,1
1,0,0,420,1
0,0,0,1025,0
6,13,0,22827,0
0,0,0,1646,0
0,0,0,1181,0
0,0,0,1850,0
1,0,0,404,1
1,0,0,79,1
2,0,0,690,0
1,0,0,338,1
24,1,0,3878,1
2,0,0,892,0
1,0,0,171,1
1,0,0,193,1
1,0,0,531,1
5,1,0,3177,0
0,0,0,312,1
0,0,0,211,1
3,0,0,3634,0
1,0,0,453,1
0,0,0,317,1
0,0,0,2938,0
1,0,0,1128,0
3,1,0,921,0
2,0,0,959,0
1,0,0,300,1
1,0,0,166,1
1,0,0,319,1
0,0,0,452,1
24,1,0,3902,1
1,0,0,818,0
0,0,0,1017,1
1,0,0,173,1
0,0,0,840,1
1,0,0,626,0
1,0,0,410,1
1,0,0,46,1
102,14,0,34054,0
11,13,0,6145,0
0,1,0,1203,0
0,0,0,4509,0
24,1,0,3902,1
1,0,0,399,1
3,0,0,959,0
0,0,0,4149,1
0,0,0,242,1
24,1,0,3902,1
0,0,0,3517,1
1,0,0,85,1
1,0,0,451,1
3,3,0,1004,0
0,0,0,1190,0
1,0,0,95,1
0,0,0,4913,0
0,0,0,973,0
2,0,0,304,0
0,0,0,426,1
0,1,0,1416,1
1,0,0,110,1
1,0,0,83,1
0,0,0,735,0
1,0,0,559,1
1,1,0,932,1
1,2,0,1262,0
0,3,0,3767,0
0,0,0,497,0
0,0,0,952,0
0,0,0,408,0
2,4,0,3683,0
1,1,0,561,1
2,0,0,4214,0
1,0,0,249,1
1,0,0,253,1
1,0,0,381,1
1,0,0,172,1
1,0,0,57,1
1,0,0,634,0
24,1,0,3902,1
0,0,0,30,1
1,0,0,230,1
1,1,0,736,1
1,1,0,740,1
0,0,0,418,1
2,0,0,459,0
0,0,0,1346,0
0,0,0,438,0
1,0,0,1842,0
1,0,0,1083,0
1,4,0,1944,0
1,1,0,748,1
1,0,0,130,1
1,0,0,180,1
1,2,0,740,1
1,0,0,246,1
0,3,0,1428,0
1,1,0,862,1
0,0,0,334,0
1,0,0,365,1
0,0,0,4716,0
6,3,0,2858,0
3,0,0,625,0
1,0,0,231,1
1,0,0,352,1
2,0,0,1275,0
1,0,0,139,1
1,0,0,233,1
2,0,0,1085,0
1,1,0,228,0
1,0,0,79,1
1,0,0,372,1
1,1,0,687,1
1,0,0,345,1
1,1,0,577,1
1,2,0,865,1
1,0,0,192,1
1,0,0,163,1
2,0,0,1040,0
1,0,0,274,1
1,0,0,337,1
24,1,0,3880,1
1,0,0,221,1
0,3,0,2106,0
0,0,0,247,0
2,3,0,1006,0
1,0,0,408,0
3,0,0,1293,0
0,0,0,2651,0
1,0,0,263,1
2,21,0,3615,0
1,0,0,210,1
1,1,0,600,1
1,0,0,163,1
1,2,0,981,1
24,1,0,3878,1
1,0,0,103,1
1,0,0,403,1
1,1,0,853,1
0,0,0,544,0
0,1,0,341,1
1,0,0,78,1
0,0,0,414,1
14,11,0,6380,0
1,0,0,111,1
14,11,0,7805,0
3,0,0,1505,0
2,0,0,1499,0
2,0,0,2406,0
1,0,0,491,0
24,1,0,3902,1
0,0,0,410,1
1,0,0,173,1
1,0,0,271,1
1,0,0,456,1
1,7,0,5482,0
1,1,0,8364,0
1,0,0,154,1
1,0,0,339,1
1,0,0,189,1
0,1,0,4779,0
1,0,0,251,1
1,0,0,161,1
1,0,0,381,1
0,0,0,378,1
1,0,0,173,1
1,1,0,182,1
2,0,0,1737,0
2,3,0,5189,0
1,0,0,188,1
1,0,0,177,1
0,0,0,683,0
3,0,0,677,0
1,0,0,1287,0
2,0,0,1706,0
0,0,0,2162,0
2,1,0,749,0
1,0,0,159,1
3,0,0,1866,0
0,0,0,388,1
2,0,0,830,0
0,0,0,438,0
1,0,0,186,1
1,0,0,190,1
3,0,0,886,0
0,0,0,1463,0
1,0,0,53,1
10,4,0,2488,0
2,0,0,1044,0
0,1,0,1855,0
0,0,0,315,1
0,0,0,311,1
1,0,0,103,1
0,0,0,871,0
0,0,0,238,0
1,0,0,2380,0
1,0,0,266,1
0,0,0,229,1
7,0,0,2554,0
24,1,0,3902,1
0,2,0,3989,0
0,0,0,386,1
2,0,0,337,1
1,0,0,172,1
7,0,0,2426,0
1,0,0,162,1
1,0,0,55,1
0,0,0,220,1
1,1,0,493,1
0,0,0,71,1
2,0,0,2938,0
0,0,0,423,1
1,0,0,276,1
1,0,0,926,0
2,4,0,4038,0
1,0,0,531,0
0,0,0,278,0
0,0,0,12216,0
2,0,0,191,1
24,1,0,3878,1
0,0,0,414,1
0,0,0,168,0
0,0,0,661,1
0,0,0,322,1
0,1,0,114,1
1,1,0,643,1
0,1,0,584,1
1,0,0,822,0
24,1,0,3902,1
0,0,0,408,1
3,0,0,824,0
1,1,0,145,1
1,0,0,171,1
2,0,0,5414,0
0,1,0,588,1
1,0,0,87,1
1,0,0,152,0
6,5,0,5563,0
0,0,0,1265,0
0,0,0,391,1
1,1,0,784,1
1,0,0,75,1
1,0,0,83,1
1,0,0,304,1
1,0,0,117,1
10,1,0,2945,0
1,0,0,325,1
0,0,0,227,1
0,0,0,412,1
4,0,0,1078,0
0,0,0,616,1
1,1,0,801,1
1,0,0,410,0
2,0,0,1466,0
0,0,0,321,1
1,0,0,410,0
0,0,0,1243,0
1,1,0,663,1
24,1,0,3878,1
24,1,0,3879,1
1,0,0,82,1
1,0,0,116,1
1,1,0,691,1
1,0,0,544,0
1,1,0,979,1
1,0,0,169,1
1,0,0,114,1
1,0,0,100,1
1,0,0,1771,0
1,0,0,85,1
1,0,0,163,1
24,1,0,3879,1
2,1,0,3711,0
1,1,0,556,1
1,0,0,165,1
24,1,0,3902,1
1,0,0,152,1
0,7,0,3660,0
1,1,0,652,1
5,0,0,2274,0
3,2,0,5248,0
1,0,0,542,0
4,0,0,4120,0
1,1,0,763,1
1,1,0,683,1
1,0,0,190,1
1,0,0,309,1
1,0,0,382,1
1,1,0,674,1
0,0,0,426,1
1,0,0,416,0
0,0,0,138,1
1,1,0,602,1
1,2,0,847,1
0,0,0,1143,0
24,1,0,3879,1
0,0,0,122,1
1,0,0,164,1
0,0,0,6288,0
1,0,0,94,1
1,0,0,336,1
1,0,0,107,1
1,0,0,172,1
1,0,0,161,1
0,3,0,4981,0
1,0,0,6818,0
1,0,0,1334,0
0,0,0,318,1
6,3,0,2024,0
1,0,0,323,1
0,0,0,250,1
1,0,0,284,1
3,0,0,6883,0
12,7,0,4218,0
0,0,0,710,0
1,0,0,71,1
0,0,0,1777,0
0,0,0,82,1
1,0,0,330,1
3,0,0,5015,0
1,0,0,103,1
1,0,0,185,1
1,0,0,251,1
0,0,0,213,1
1,0,0,259,1
1,0,0,244,1
0,0,0,1770,1
0,0,0,155,1
1,0,0,67,1
0,3,0,4205,1
0,0,0,1767,0
24,1,0,3878,1
0,0,0,220,1
24,1,0,3902,1
1,0,0,191,1
0,0,0,179,1
0,0,0,149,1
1,1,0,177,1
0,1,0,1839,0
0,0,0,2398,0
1,0,0,216,1
1,0,0,310,1
4,0,0,1761,0
0,0,0,318,1
24,1,0,3902,1
6,0,0,2429,0
1,0,0,169,1
3,0,0,737,0
1,0,0,76,1
1,0,0,68,1
24,1,0,3879,1
1,0,0,2749,0
1,0,0,230,0
0,0,0,375,0
1,0,0,683,0
0,4,0,2460,0
1,0,0,102,1
0,0,0,89,1
0,1,0,4567,0
1,1,0,694,1
0,0,0,3432,1
1,0,0,361,1
0,0,0,717,0
0,0,0,682,0
2,0,0,3815,0
0,0,0,526,0
1,0,0,202,1
1,7,0,2750,0
1,1,0,797,1
0,0,0,2459,1
0,0,0,207,1
2,0,0,1681,0
1,0,0,46,1
1,2,0,630,1
0,0,0,320,1
1,1,0,831,1
1,1,0,634,1
0,0,0,426,1
0,0,0,2069,1
1,1,0,690,1
2,0,0,2240,0
0,0,0,117,1
0,0,0,147,1
0,2,0,1297,0
0,0,0,590,0
1,1,0,373,0
1,0,0,1059,0
1,1,0,609,1
1,1,0,2111,0
0,0,0,2724,1
1,0,0,222,1
0,0,0,703,1
3,0,0,854,0
2,0,0,145,1
1,0,0,219,1
1,1,0,860,1
2,0,0,1092,0
1,1,0,602,1
4,0,0,1315,0
1,0,0,291,1
1,0,0,99,1
1,1,0,651,1
0,0,0,1334,0
0,0,0,152,0
3,5,0,1706,0
24,1,0,3876,1
24,1,0,3879,1
1,0,0,3623,0
0,4,0,4990,0
1,0,0,128,1
1,0,0,364,1
1,0,0,197,1
1,0,0,283,1
3,0,0,488,0
1,1,0,834,1
1,0,0,71,1
1,0,0,150,1
1,0,0,309,1
4,0,0,607,0
1,1,0,637,1
0,0,0,1880,0
1,0,0,374,1
1,0,0,164,1
0,0,0,98,1
0,0,0,264,1
0,0,0,1265,0
0,0,0,1894,0
1,0,0,423,0
2,0,0,2143,0
1,0,0,403,1
1,0,0,169,1
1,0,0,827,0
1,0,0,269,1
0,0,0,149,1
1,0,0,827,0
0,0,0,264,1
1,0,0,827,0
24,1,0,3879,1
0,0,0,440,1
7,0,0,2133,0
4,0,0,1317,0
0,0,0,269,1
1,1,0,744,1
0,0,0,321,1
3,0,0,1153,0
1,0,0,203,1
1,0,0,577,1
24,1,0,3878,1
6,0,0,2815,0
24,1,0,3913,1
0,1,0,586,1
1,0,0,827,0
0,2,0,3573,0
24,1,0,3878,1
26,6,0,5240,0
0,0,0,773,0
2,0,0,578,0
0,2,0,298,1
0,0,0,764,0
1,0,0,329,1
0,0,0,205,1
0,0,0,221,0
0,0,0,54,1
0,0,0,342,1
1,7,0,2602,0
0,2,0,727,0
0,1,0,212,1
1,0,0,143,1
0,0,0,4158,0
0,0,0,621,1
0,1,0,4776,1
0,1,0,418,0
0,0,0,741,0
1,0,0,471,0
0,0,0,617,1
1,0,0,141,1
1,0,0,140,1
1,0,0,144,1
0,0,0,635,0
0,0,0,661,1
1,0,0,301,1
1,0,0,138,1
1,0,0,142,1
0,0,0,81,1
89,22,0,29998,0
1,0,0,143,1
24,1,0,3879,1
0,0,0,2206,0
0,0,0,78,1
3,0,0,1474,0
1,0,0,442,1
2,0,0,1028,0
0,0,0,694,0
1,0,0,2166,0
6,0,0,4944,0
0,0,0,721,0
24,1,0,3878,1
0,0,0,1061,0
2,1,0,1002,0
1,0,0,164,1
0,0,0,438,1
1,0,0,105,1
1,0,0,205,1
1,0,0,235,1
0,0,0,1290,0
0,0,0,224,1
1,0,0,67,1
1,0,0,131,1
2,0,0,540,0
0,0,0,669,1
1,0,0,361,1
1,0,0,201,1
0,0,0,5917,1
1,0,0,141,1
1,3,0,788,0
2,0,0,1313,0
1,0,0,895,0
0,0,0,844,0
3,0,0,3046,0
0,0,0,1039,0
1,0,0,841,0
0,0,0,618,1
0,0,0,426,1
0,0,0,3411,1
1,1,0,936,1
0,4,0,5564,0
0,0,0,839,1
24,1,0,3879,1
1,1,0,824,1
1,1,0,928,1
1,1,0,665,1
0,4,0,6612,0
3,0,0,933,0
24,1,0,3878,1
0,0,0,1756,0
0,0,0,257,1
1,1,0,639,1
1,0,0,230,1
3,4,0,1906,0
0,0,0,428,1
2,0,0,1873,0
1,1,0,644,1
0,0,0,855,1
1,1,0,833,1
0,0,0,424,1
0,0,0,1449,0
0,0,0,2116,0
1,0,0,7124,0
3,2,0,2851,0
0,1,0,3349,0
1,1,0,565,1
1,3,0,455,0
7,0,0,2545,0
1,0,0,71,1
1,1,0,854,1
1,0,0,485,1
0,2,0,5936,1
1,1,0,806,1
1,1,0,875,0
1,0,0,93,1
19,4,0,5508,0
3,0,0,3260,0
0,0,0,877,0
1,0,0,510,0
2,1,0,1009,1
1,0,0,262,1
0,0,0,474,0
1,0,0,164,1
1,0,0,182,1
2,0,0,670,0
1,2,0,685,1
0,0,0,827,0
1,0,0,173,1
0,0,0,315,1
1,0,0,181,1
3,0,0,3020,0
1,2,0,628,1
1,0,0,109,1
0,0,0,163,1
1,1,0,727,1
1,0,0,103,1
24,1,0,3878,1
3,2,0,6273,0
1,0,0,291,0
3,0,0,3391,0
4,0,0,4415,0
1,0,0,141,1
0,0,0,868,1
1,0,0,182,1
1,0,0,200,1
3,1,0,7603,0
1,0,0,251,1
1,1,0,604,1
0,0,0,605,0
3,0,0,1840,0
1,0,0,253,1
1,0,0,553,1
0,0,0,484,0
1,0,0,233,1
1,0,0,172,1
1,1,0,201,1
3,3,0,1017,0
3,0,0,1893,0
1,1,0,636,0
1,0,0,167,1
0,0,0,224,1
0,1,0,799,0
1,0,0,95,1
1,0,0,233,1
2,1,0,5850,0
0,0,0,375,0
24,1,0,3879,1
1,0,0,105,1
24,1,0,3879,1
2,0,0,695,0
1,0,0,124,1
1,0,0,343,1
0,0,0,489,0
0,1,0,926,0
3,0,0,1323,0
1,0,0,114,1
2,0,0,1697,0
0,0,0,1094,0
1,0,0,299,1
0,1,0,583,1
5,0,0,1637,0
1,0,0,152,1
1,0,0,181,1
1,0,0,165,1
0,3,0,1618,0
1,1,0,618,1
1,0,0,181,1
1,0,0,114,1
7,0,0,2642,0
24,1,0,3879,1
1,0,0,6909,0
0,0,0,607,0
24,1,0,3879,1
3,2,0,5271,0
1,0,0,368,1
1,0,0,299,1
2,0,0,721,0
1,0,0,491,0
9,2,0,2782,0
1,0,0,485,1
1,2,0,887,1
1,0,0,4341,0
1,0,0,151,1
1,1,0,952,1
1,1,0,878,1
0,0,0,320,1
1,1,0,581,1
1,1,0,805,1
96,7,0,32698,0
3,0,0,1222,0
4,1,0,5466,0
1,0,0,5105,0
0,0,0,630,0
0,0,0,730,1
0,0,0,56,1
1,0,0,262,1
1,0,0,164,1
1,0,0,198,1
1,0,0,184,1
1,0,0,245,1
1,0,0,374,1
0,0,0,188,0
1,0,0,161,1
0,0,0,217,1
1,0,0,237,1
1,0,0,152,1
1,1,0,881,1
0,0,0,1094,0
9,2,0,2782,0
1,0,0,308,1
0,1,0,114,1
1,1,0,2886,0
3,0,0,2679,0
0,0,0,466,0
0,0,0,184,0
1,0,0,162,1
0,0,0,682,1
1,1,0,761,1
2,1,0,8072,0
1,1,0,684,1
1,1,0,750,1
0,0,0,264,1
1,1,0,600,1
1,1,0,704,1
2,0,0,1825,0
1,1,0,657,1
1,2,0,9573,0
0,0,0,117,1
3,2,0,41699,0
1,1,0,579,1
1,0,0,148,1
3,2,0,42536,0
2,0,0,2485,0
4,1,0,6182,0
1,0,0,510,0
1,0,0,301,1
1,0,0,491,0
0,0,0,531,0
2,1,0,8072,0
1,0,0,194,1
0,0,0,3147,0
0,0,0,322,1
1,0,0,209,1
1,0,0,177,1
0,0,0,663,1
2,0,0,180,1
1,0,0,234,1
1,0,0,1040,0
1,0,0,178,1
2,1,0,1008,1
24,1,0,3873,1
24,1,0,3879,1
1,0,0,112,1
24,1,0,3879,1
1,0,0,191,1
3,0,0,955,0
24,1,0,3878,1
3,0,0,2107,0
2,0,0,1006,0
0,7,0,671,0
0,0,0,384,0
3,1,0,705,0
0,0,0,24,1
0,0,0,712,1
0,0,0,222,1
1,0,0,171,1
3,1,0,34109,0
1,0,0,196,1
1,0,0,270,1
1,0,0,58,1
1,0,0,3743,0
1,1,0,1697,0
0,1,0,250,1
0,0,0,230,1
24,1,0,3902,1
4,1,0,842,0
0,1,0,2296,0
0,0,0,216,1
1,0,0,455,1
0,0,0,817,1
1,0,0,46,1
1,0,0,377,1
0,0,0,983,0
2,0,0,4401,0
3,0,0,2342,0
1,0,0,207,1
0,0,0,714,1
2,0,0,581,0
1,0,0,172,1
0,0,0,214,1
4,0,0,664,0
2,0,0,470,0
1,0,0,156,1
1,0,0,325,1
0,0,0,206,1
1,0,0,47,1
1,0,0,140,1
0,0,0,223,1
0,0,0,318,1
0,0,0,344,0
0,0,0,317,1
1,0,0,103,1
0,0,0,146,1
1,0,0,243,1
1,0,0,179,1
0,0,0,433,1
0,0,0,991,0
2,0,0,1444,0
2,0,0,428,0
0,2,0,2101,0
3,1,0,34109,0
0,0,0,244,0
0,0,0,891,0
0,0,0,1117,0
0,0,0,672,1
1,0,0,688,0
1,0,0,309,1
1,0,0,183,1
2,0,0,629,0
0,0,0,1190,0
1,0,0,144,1
24,1,0,3879,1
24,1,0,3879,1
2,0,0,716,0
1,0,0,141,1
0,0,0,738,1
3,0,0,799,0
1,0,0,752,0
3,0,0,889,0
1,0,0,1998,0
0,0,0,3351,1
2,0,0,1606,0
1,1,0,731,1
0,0,0,1376,0
0,0,0,678,1
1,1,0,736,1
5,0,0,5364,0
1,0,0,1145,0
1,1,0,1006,1
0,4,0,761,0
1,0,0,272,1
1,0,0,210,1
1,0,0,281,1
1,0,0,172,1
1,1,0,821,1
0,1,0,587,1
1,0,0,412,1
1,0,0,194,1
1,0,0,682,0
1,0,0,1343,0
1,0,0,88,0
1,1,0,442,1
1,2,0,930,0
1,0,0,244,1
1,0,0,251,1
1,0,0,161,1
0,0,0,435,1
0,0,0,95,1
1,0,0,110,1
7,1,0,3640,0
24,1,1,3879,1
1,0,0,320,1
1,0,0,171,1
1,0,0,191,1
1,1,0,660,1
1,0,0,193,1
0,0,0,796,0
1,0,0,189,1
1,1,0,849,1
1,0,0,170,1
0,0,0,360,0
1,1,0,660,1
24,1,0,3878,1
24,1,0,3889,1
0,0,0,845,1
0,0,0,1541,0
0,0,0,183,0
0,0,0,1487,0
1,1,0,638,1
1,0,0,266,1
2,0,0,1577,0
1,0,0,180,1
1,0,0,272,1
1,1,0,646,1
1,1,0,627,1
0,2,0,2746,0
1,2,0,665,1
1,0,0,169,1
1,0,0,184,1
5,3,0,5395,0
1,0,0,522,1
0,0,0,1138,0
2,0,0,1096,0
0,0,0,1886,0
1,0,0,1043,0
1,0,0,1218,0
0,0,0,911,0
1,1,0,896,1
2,0,0,1548,0
0,0,0,3269,1
2,0,0,511,0
9,0,0,10272,0
0,0,0,438,1
1,0,0,238,1
0,0,0,215,1
1,0,0,129,1
1,0,0,205,1
1,0,0,166,1
1,0,0,309,1
3,0,0,3756,0
1,0,0,400,1
0,0,0,239,1
20,0,0,15444,0
0,0,0,274,1
3,0,0,2238,0
0,0,0,245,1
1,0,0,308,1
9,0,0,10272,0
0,0,0,711,1
1,0,0,110,1
3,0,0,1755,0
3,1,0,2040,0
2,0,0,700,0
1,0,0,639,0
1,0,0,477,1
1,1,0,168,1
0,0,0,478,0
1,0,0,166,1
1,0,0,262,1
1,0,0,190,1
1,0,0,1639,0
0,0,0,232,1
1,0,0,193,1
3,0,0,1023,0
1,0,0,539,1
1,0,0,313,1
0,0,0,101,1
1,0,0,183,1
1,0,0,5546,0
0,0,0,446,1
1,0,0,177,1
1,1,0,367,1
1,0,0,272,1
2,0,0,614,0
0,0,0,477,0
1,0,0,1541,0
1,0,0,379,1
4,0,0,982,0
1,1,0,524,1
1,0,0,131,1
0,1,0,290,0
1,0,0,195,1
1,0,0,324,1
1,0,0,174,1
1,0,0,46,1
3,0,0,3246,0
1,0,0,431,1
0,1,0,235,1
1,0,0,178,1
1,0,0,199,1
2,0,0,623,0
2,2,0,1411,0
1,0,0,204,1
1,0,0,266,1
0,0,0,39,0
1,2,0,632,0
1,0,0,566,0
3,0,0,1438,0
1,0,0,149,1
3,0,0,1873,0
0,0,0,232,1
1,0,0,169,1
3,0,0,934,0
0,0,0,442,1
1,0,0,189,1
2,0,0,592,0
0,4,0,3687,0
0,0,0,1515,0
1,0,0,168,1
1,1,0,543,1
0,0,0,178,1
0,0,0,636,1
1,0,0,175,1
0,0,0,640,1
4,0,0,2251,0
2,0,0,1014,0
1,0,0,509,0
5,0,0,655,0
1,0,0,115,1
0,0,0,640,1
1,0,0,291,1
4,0,0,590,0
1,0,0,167,1
0,0,0,641,1
1,0,0,1320,0
1,0,0,167,1
0,0,0,588,1
1,0,0,121,1
1,0,0,107,1
1,0,0,269,0
0,0,0,637,1
0,0,0,636,1
0,0,0,193,1
0,2,0,4208,0
1,0,0,57,1
0,0,0,640,1
1,1,0,578,1
1,0,0,73,1
1,0,0,399,1
1,0,0,421,0
0,0,0,405,0
3,0,0,1917,0
1,0,0,142,1
0,0,0,648,0
1,0,0,177,1
4,0,0,1180,0
24,1,0,3878,1
2,0,0,606,0
0,0,0,662,1
1,1,0,653,1
1,1,0,610,1
1,0,0,236,1
1,0,0,262,1
0,0,0,199,1
0,0,0,639,1
1,0,0,210,1
5,1,0,15999,0
1,0,0,361,1
1,0,0,405,1
1,1,0,855,1
5,0,0,1068,0
0,0,0,1421,0
0,0,0,131,0
3,0,0,1519,0
1,2,0,642,1
1,0,0,70,1
1,5,0,1820,0
2,0,0,173,1
1,1,0,596,1
1,0,0,255,1
1,0,0,161,1
1,0,0,477,1
3,0,0,1524,0
1,0,0,336,1
1,1,0,575,1
1,0,0,329,1
1,0,0,208,1
1,1,0,171,1
1,0,0,317,1
0,0,0,122,1
0,0,0,1739,0
1,0,0,403,1
1,0,0,79,1
1,0,0,425,1
2,0,0,1228,0
0,0,0,2451,0
3,0,0,2157,0
1,0,0,802,0
3,0,0,2163,0
1,0,0,477,1
2,0,0,1090,0
1,0,0,112,1
1,0,0,391,1
1,1,0,246,1
1,1,0,826,1
1,1,0,790,1
1,0,0,181,1
1,0,0,67,1
1,0,0,171,1
0,0,0,452,1
1,1,0,748,1
1,0,0,918,0
1,0,0,112,1
1,0,0,79,1
0,0,0,40,1
0,0,0,685,1
3,0,0,2096,0
3,0,0,7262,0
0,0,0,1749,0
1,0,0,1412,0
1,2,0,1426,0
0,3,0,765,0
1,0,0,386,1
1,1,0,677,1
0,0,0,203,1
1,1,0,678,1
0,0,0,487,0
1,0,0,387,1
1,0,0,381,1
1,0,0,310,1
1,1,0,655,1
2,0,0,1311,0
1,0,0,380,1
1,0,0,176,1
0,0,0,453,1
1,0,0,381,1
1,0,0,213,1
0,0,0,236,1
0,0,0,463,1
1,0,0,202,1
0,0,0,1024,0
1,0,0,382,1
4,11,0,8195,0
0,4,0,4418,0
0,0,0,194,1
2,0,0,4175,0
1,1,0,809,1
1,0,0,283,1
7,6,0,2985,0
1,0,0,176,1
1,0,0,167,1
0,0,0,1693,0
0,1,0,2941,1
1,0,0,401,1
1,0,0,170,1
0,1,0,205,1
3,0,0,1590,0
1,0,0,151,1
1,0,0,345,1
1,0,0,169,1
1,0,0,307,1
1,0,0,132,1
0,0,0,1156,0
1,1,0,378,0
1,0,0,232,0
0,0,0,939,0
1,0,0,191,1
1,1,0,178,1
1,0,0,365,1
0,0,0,1975,0
1,0,0,163,1
1,0,0,383,1
0,0,0,843,1
1,0,0,345,1
1,0,0,199,1
1,0,0,183,1
1,0,0,154,1
1,0,0,172,1
0,0,0,213,1
1,0,0,133,1
1,0,0,478,0
1,0,0,174,1
0,1,0,4055,1
1,0,0,189,1
1,0,0,293,1
1,0,0,453,1
1,0,0,309,1
1,0,0,157,1
0,0,0,671,0
1,0,0,312,1
0,0,0,1311,0
1,0,0,210,1
1,0,0,453,1
1,0,0,345,1
1,0,0,132,1
1,0,0,264,1
1,0,0,308,1
0,0,0,2641,0
0,0,0,134,1
3,0,0,2157,0
0,0,0,515,1
1,0,0,339,1
0,0,0,536,1
0,0,0,405,1
0,0,0,138,1
2,1,0,11704,0
4,0,0,1632,0
73,5,0,22422,0
1,5,0,1097,0
3,0,0,1145,0
1,0,0,200,1
1,0,0,240,1
1,0,0,133,1
1,1,0,615,0
1,0,0,277,1
1,0,0,280,1
1,0,0,596,1
1,0,0,251,1
1,0,0,201,1
1,1,0,187,1
3,13,0,9878,0
1,0,0,182,1
1,0,0,201,1
5,0,0,1387,0
0,0,0,688,1
0,0,0,191,1
1,0,0,168,1
1,0,0,235,1
1,0,0,70,1
1,0,0,225,1
2,0,0,341,0
1,0,0,329,1
1,0,0,188,1
1,0,0,170,1
0,0,0,664,1
1,0,0,361,1
1,0,0,308,1
0,0,0,731,1
3,0,0,1597,0
1,0,0,219,1
0,4,0,2166,0
0,0,0,525,0
1,1,0,637,0
2,0,0,2994,0
2,0,0,900,0
1,1,0,1936,0
1,0,0,156,1
0,0,0,62,1
0,0,0,221,1
3,0,0,2199,0
1,0,0,277,1
1,0,0,344,1
1,0,0,522,1
1,0,0,381,1
1,0,0,365,1
1,0,0,266,1
1,0,0,300,1
1,0,0,106,1
1,0,0,190,1
1,0,0,111,1
1,0,0,179,1
1,0,0,194,1
0,0,0,687,1
0,0,0,3510,1
1,0,0,3355,0
1,0,0,359,1
1,0,0,237,1
1,2,0,1046,0
1,1,0,886,1
1,0,0,420,1
1,0,0,184,1
1,0,0,186,1
0,0,0,156,1
1,0,0,313,1
2,1,0,941,0
1,0,0,190,1
2,0,0,175,1
1,0,0,167,1
1,0,0,431,1
0,0,0,2686,0
0,0,0,414,1
1,0,0,181,1
1,1,0,568,1
1,1,0,689,1
0,0,0,730,1
1,0,0,302,1
1,0,0,192,1
0,0,0,1035,0
3,6,0,11139,0
5,0,0,2913,0
0,0,0,143,1
1,0,0,533,0
1,0,0,180,1
1,1,0,731,1
1,1,0,420,1
1,1,0,251,1
1,0,0,275,1
1,0,0,477,1
0,0,0,2905,0
1,0,0,179,1
1,0,0,335,1
0,1,0,885,0
1,1,0,587,1
1,0,0,554,1
1,0,0,50,1
3,0,0,1549,0
1,0,0,331,1
1,1,0,634,1
1,0,0,238,1
1,0,0,216,1
1,0,0,206,1
2,0,0,780,0
1,0,0,386,1
1,0,0,191,1
1,0,0,618,1
1,0,0,189,1
1,0,0,125,1
1,0,0,174,1
1,0,0,383,1
1,1,0,368,1
6,0,0,1389,0
0,0,0,188,1
1,2,0,653,1
1,0,0,652,0
8,0,0,1855,0
0,0,0,526,0
1,1,0,766,1
1,0,0,79,1
1,1,0,760,1
1,0,0,49,1
0,0,0,91,1
0,0,0,713,1
1,0,0,169,1
1,0,0,194,1
65,0,0,13131,0
1,1,0,705,1
1,1,0,624,1
1,0,0,198,1
0,0,0,204,1
1,1,0,875,1
0,0,0,613,1
1,1,0,705,1
3,0,0,854,0
1,0,0,111,1
1,0,0,180,1
1,0,0,221,1
0,0,0,615,1
2,0,0,2368,0
3,0,0,1643,0
0,0,0,101,0
2,14,0,3540,0
0,0,0,5325,0
1,0,0,184,1
1,0,0,100,1
1,0,0,185,1
1,1,0,159,1
1,0,0,54,1
1,0,0,95,1
0,0,0,143,1
0,1,0,3306,1
0,0,0,1047,0
1,0,0,404,1
1,0,0,186,1
0,0,0,2472,0
1,0,0,67,1
8,0,0,3015,0
1,0,0,312,1
1,0,0,308,1
1,0,0,153,1
1,0,0,200,1
1,0,0,180,1
1,0,0,104,1
1,0,0,307,1
1,0,0,72,1
45,20,0,32158,0
1,0,0,224,1
1,0,0,179,1
0,0,0,395,0
1,0,0,183,1
1,0,0,165,1
1,0,0,364,1
2,0,0,1230,0
1,0,0,205,1
1,0,0,190,1
1,2,0,264,1
1,0,0,131,1
0,0,0,613,0
0,0,0,676,1
1,0,0,231,1
1,0,0,596,1
1,0,0,184,1
2,0,0,1164,0
0,0,0,1071,0
3,0,0,785,0
6,0,0,1461,0
1,0,0,171,1
1,0,0,315,1
1,0,0,195,1
1,0,0,198,1
1,0,0,426,1
1,0,0,99,1
1,0,0,168,1
1,0,0,365,1
0,0,0,2131,0
1,0,0,243,1
1,0,0,262,1
0,0,0,662,1
1,0,0,165,1
0,0,0,1426,0
1,0,0,194,1
1,0,0,166,1
1,0,0,148,1
1,0,0,277,1
1,0,0,176,1
1,0,0,169,1
1,0,0,195,1
0,0,0,241,1
1,0,0,181,1
1,0,0,343,1
18,0,0,8299,0
1,0,0,199,1
1,0,0,383,1
0,0,0,109,1
1,0,0,184,1
1,0,0,857,0
1,0,0,169,1
1,0,0,246,1
1,0,0,181,1
1,0,0,197,1
3,0,0,738,0
1,0,0,164,1
1,0,0,261,1
1,0,0,175,1
1,0,0,267,1
1,0,0,199,1
1,0,0,167,1
1,0,0,148,1
1,0,0,192,1
1,0,0,200,1
1,0,0,377,1
1,0,0,112,1
0,0,0,717,1
1,0,0,209,1
1,0,0,197,1
1,0,0,151,1
1,0,0,312,1
1,0,0,219,1
0,0,0,1360,0
1,1,0,204,1
1,0,0,416,1
1,0,0,197,1
1,0,0,191,1
2,1,0,3957,0
1,0,0,180,1
1,0,0,200,1
1,0,0,184,1
1,0,0,174,1
1,0,0,596,1
1,0,0,477,1
1,0,0,214,1
0,0,0,168,1
1,0,0,163,1
1,0,0,242,1
1,0,0,171,1
1,0,0,182,1
1,0,0,170,1
1,0,0,148,1
1,0,0,1068,0
1,0,0,403,1
1,0,0,273,1
1,0,0,238,1
0,0,0,218,1
1,0,0,574,1
1,0,0,200,1
1,0,0,364,1
1,0,0,1875,0
1,0,0,204,1
1,0,0,224,1
1,0,0,163,1
1,0,0,188,1
5,3,0,3425,0
1,0,0,149,1
0,0,0,217,1
1,0,0,210,1
1,0,0,244,1
1,0,0,157,1
1,0,0,194,1
1,0,0,155,1
1,0,0,272,1
1,0,0,263,1
0,0,0,216,1
3,0,0,690,0
5,0,0,1807,0
1,0,0,385,0
1,0,0,329,1
1,0,0,183,1
1,0,0,188,1
1,0,0,404,1
1,0,0,152,1
1,0,0,316,0
1,0,0,224,1
1,0,0,723,0
1,0,0,192,1
1,0,0,176,1
1,0,0,132,1
0,0,0,1177,0
1,0,0,210,1
1,0,0,181,1
0,0,0,1498,0
1,0,0,320,1
1,0,0,173,1
0,7,0,620,0
1,0,0,352,1
1,0,0,259,1
1,0,0,266,1
1,0,0,81,1
1,1,0,860,0
1,0,0,197,1
1,0,0,282,1
1,0,0,330,1
1,0,0,383,1
1,0,0,245,1
1,0,0,291,1
1,0,0,195,1
0,0,0,696,0
1,0,0,243,1
1,0,0,78,1
1,0,0,216,1
1,0,0,829,0
0,0,0,342,1
59,5,0,11173,0
1,0,0,115,1
1,0,0,177,1
1,0,0,152,1
1,0,0,798,0
1,0,0,294,1
1,0,0,246,1
1,0,0,96,1
1,0,0,234,1
1,1,0,255,1
1,0,0,468,0
1,0,0,171,1
2,0,0,755,0
1,0,0,325,1
0,0,0,252,0
2,0,0,155,1
24,1,0,3902,1
5,0,0,1645,0
1,0,0,357,1
0,0,0,550,0
2,1,0,1009,0
3,2,0,2496,0
1,0,0,1141,0
1,0,0,559,0
1,0,0,1141,0
1,0,0,537,1
1,0,0,818,0
1,0,0,551,1
1,1,0,805,1
1,0,0,1141,0
0,0,0,708,1
0,0,0,250,1
1,0,0,203,1
1,0,0,91,1
2,1,0,22146,0
1,1,0,611,1
1,1,0,689,1
1,0,0,188,1
1,1,0,604,1
0,0,0,324,1
2,0,0,860,0
0,0,0,54,1
0,2,0,457,1
1,1,0,163,1
0,0,0,914,0
1,0,0,90,1
1,0,0,106,1
2,0,0,1557,0
0,1,0,506,1
1,1,0,931,1
3,2,0,1482,0
1,0,0,334,1
1,0,0,189,1
1,0,0,340,1
1,0,0,96,1
24,1,0,3902,1
1,1,0,634,1
1,1,0,389,1
0,0,0,326,1
0,0,0,397,1
1,0,0,105,1
0,0,0,1332,0
0,0,0,686,1
0,0,0,228,0
1,0,0,92,1
8,0,0,9884,0
1,0,0,87,1
0,2,0,1200,0
1,0,0,386,1
3,0,0,1504,0
1,0,0,384,1
1,1,0,651,1
1,1,0,876,1
0,0,0,688,0
0,0,0,2618,0
3,2,0,3760,0
3,3,0,7189,0
1,0,0,190,1
0,0,0,462,0
0,0,0,2323,0
1,0,0,89,1
0,2,0,2492,0
2,0,0,1142,0
0,2,0,2775,0
1,1,0,821,1
1,0,0,383,1
1,0,0,1387,0
24,1,0,3879,1
24,1,0,3878,1
1,0,0,401,1
0,0,0,326,0
1,1,0,639,1
24,1,0,3879,1
0,0,0,243,1
4,0,0,3091,0
0,0,0,164,1
1,0,0,188,1
3,0,0,1401,0
0,0,0,398,0
0,0,0,283,1
0,0,0,264,1
1,0,0,92,1
0,0,0,139,1
1,0,0,381,1
0,0,0,467,0
1,0,0,189,1
0,0,0,247,1
1,0,0,128,1
1,0,0,383,1
1,0,0,187,1
2,0,0,421,0
0,0,0,380,1
1,1,0,957,1
1,3,0,1410,0
1,0,0,595,0
0,0,0,737,0
3,0,0,701,0
2,0,0,2713,0
0,0,0,728,0
1,0,0,171,1
0,0,0,776,1
0,0,0,153,1
0,0,0,448,1
0,0,0,641,0
1,0,0,402,0
24,1,0,3878,1
1,0,0,1062,0
0,0,0,221,1
0,0,0,618,1
0,1,0,652,0
2,0,0,1500,0
1,1,0,108,1
1,1,0,477,1
0,0,0,433,0
1,0,0,73,1
0,0,0,710,1
24,1,0,3878,1
1,0,0,180,1
1,0,0,401,1
2,1,0,2081,0
1,0,0,738,0
2,0,0,1978,0
0,0,0,5007,0
0,0,0,490,0
0,3,0,3285,0
0,0,0,1515,0
0,0,0,661,1
0,0,0,235,1
1,0,0,107,1
0,0,0,619,0
24,1,0,3879,1
1,0,0,65,1
24,1,0,3878,1
1,0,0,90,1
0,0,0,960,1
1,0,0,112,1
1,0,0,295,1
1,0,0,36,1
0,8,0,3463,1
1,1,0,1947,1
1,4,0,2766,1
1,1,0,284,1
1,0,0,341,1
24,1,0,3878,1
24,1,0,3879,1
24,1,0,3878,1
1,0,0,186,1
0,0,0,4609,1
0,1,0,232,1
1,0,0,274,1
0,0,0,2446,1
1,0,0,92,1
1,0,0,99,1
2,0,0,527,0
0,0,0,5022,1
0,0,0,491,0
0,0,0,92,1
1,0,0,77,1
1,0,0,216,1
0,1,0,586,1
0,3,0,4310,0
0,0,0,468,0
1,0,0,216,1
0,0,0,658,1
0,0,0,270,1
0,0,0,4873,1
0,0,0,413,1
0,0,0,2670,1
0,0,0,614,1
0,0,0,80,1
1,0,0,189,1
1,0,0,111,1
0,0,0,864,1
0,0,0,3224,1
1,1,0,736,1
1,0,0,187,1
1,3,0,2123,0
0,1,0,4685,1
1,0,0,194,1
1,0,0,160,1
1,1,0,934,1
3,0,0,749,0
2,0,0,386,0
1,0,0,1340,0
4,1,0,6211,0
0,1,0,3594,0
0,0,0,3975,1
0,1,0,6492,1
3,0,0,1556,0
1,0,0,93,1
0,0,0,568,0
1,1,0,819,1
0,1,0,4684,1
1,1,0,818,1
1,1,0,149,1
0,0,0,7188,1
10,0,0,1231,0
1,0,0,208,1
0,0,0,3981,1
24,1,0,3877,1
0,0,0,6131,1
10,0,0,1413,0
0,0,0,118,1
0,0,0,405,1
0,1,0,3968,1
0,0,0,4402,1
0,0,0,2289,1
1,1,0,407,0
0,0,0,5596,1
1,0,0,1054,0
0,1,0,5107,1
0,1,0,3645,1
1,0,0,546,1
1,1,0,865,1
1,1,0,463,1
0,0,0,2684,1
0,0,0,301,0
71,8,0,25158,0
0,0,0,660,0
3,3,0,5337,0
0,0,0,1776,0
1,0,0,47,1
0,1,0,1916,0
1,0,0,187,1
0,0,0,1107,0
0,0,0,315,1
0,0,0,688,1
2,0,0,2828,0
1,0,0,190,1
0,0,0,2434,1
1,0,0,137,1
3,3,0,1214,0
24,1,0,3879,1
1,0,0,98,1
1,0,0,111,1
0,0,0,6875,1
1,0,0,82,1
3,0,0,1502,0
2,0,0,2092,0
0,0,0,448,0
0,0,0,557,0
3,1,0,1969,0
1,0,0,62,1
1,0,0,177,1
2,1,0,731,0
3,1,0,1074,1
1,1,0,751,1
0,1,0,673,0
0,0,0,772,1
1,0,0,401,1
1,0,0,187,1
0,0,0,219,1
2,0,0,2743,0
1,0,0,87,1
2,0,0,1369,0
1,0,0,78,1
1,1,0,868,1
1,0,0,150,1
0,1,0,1585,0
1,0,0,187,1
1,0,0,178,1
1,0,0,187,1
1,1,0,3098,0
2,0,0,422,0
0,0,0,819,0
1,1,0,788,1
24,1,0,3902,1
1,1,0,648,1
2,0,0,500,0
1,0,0,503,1
1,0,0,48,1
3,0,0,6978,0
8,1,0,2555,0
0,0,0,360,0
0,0,0,106,0
1,1,0,438,0
0,1,0,936,0
0,0,0,1925,0
0,0,0,839,0
1,0,0,7184,0
8,1,0,2555,0
0,0,0,1091,0
2,0,0,782,0
2,1,0,2738,0
2,2,0,4074,0
3,5,0,2244,0
0,0,0,2026,0
1,1,0,884,1
1,0,0,194,1
1,0,0,52,1
0,1,0,3865,0
0,1,0,5056,1
1,0,0,100,1
1,0,0,100,1
1,0,0,108,1
2,0,0,937,0
0,1,0,485,0
3,0,0,3437,0
1,0,0,4242,0
1,0,0,2932,0
1,0,0,1225,0
0,0,0,1229,0
2,1,0,4019,0
2,0,0,847,0
1,0,0,108,1
1,0,0,95,1
1,0,0,93,1
4,2,0,5258,0
1,1,0,787,0
0,1,0,866,0
4,1,0,705,0
1,0,0,140,1
24,1,0,3902,1
0,0,0,4901,1
3,0,0,934,0
0,0,0,177,1
1,1,0,820,1
0,0,0,6770,1
24,1,0,3878,1
1,0,0,191,1
1,0,0,316,1
0,0,0,700,0
2,0,0,772,0
0,0,0,302,0
24,1,0,3902,1
1,0,0,263,1
1,0,0,256,1
24,1,0,3879,1
1,0,0,247,1
3,0,0,1096,0
1,0,0,105,1
1,0,0,104,1
0,0,0,776,1
0,0,0,421,0
1,0,0,186,1
24,1,0,3879,1
0,0,0,2599,1
1,0,0,303,1
0,0,0,319,1
0,0,0,738,1
1,0,0,166,1
1,0,0,166,1
1,0,0,165,1
0,0,0,736,1
1,1,0,151,1
1,0,0,244,1
1,0,0,214,1
24,1,0,3902,1
1,0,0,234,1
1,0,0,403,1
0,0,0,4751,1
1,1,0,190,1
1,0,0,243,1
1,0,0,164,1
2,0,0,392,0
1,0,0,177,1
0,0,0,2296,0
1,1,0,384,1
1,0,0,74,1
1,0,0,285,1
1,0,0,165,1
1,0,0,175,1
1,0,0,426,1
1,1,0,217,1
1,1,0,862,1
1,0,0,266,1
0,0,0,5018,1
1,1,0,179,1
1,0,0,165,1
1,0,0,164,1
1,0,0,270,1
1,1,0,286,1
0,2,0,459,1
1,0,0,210,1
1,0,0,165,1
1,1,0,566,1
1,1,0,796,1
1,0,0,168,1
0,0,0,2493,0
1,1,0,714,1
1,0,0,315,1
1,0,0,78,1
1,0,0,112,1
0,0,0,735,1
1,0,0,1488,0
1,0,0,178,1
2,0,0,943,0
2,2,0,4700,0
2,2,0,4700,0
1,0,0,169,1
1,0,0,220,1
1,0,0,184,1
1,1,0,462,1
1,0,0,149,1
1,0,0,102,1
1,0,0,373,1
1,0,0,383,1
1,0,0,176,1
2,0,0,818,0
2,1,0,839,0
3,1,0,3502,0
1,0,0,182,1
1,0,0,200,1
1,0,0,485,1
1,0,0,144,1
1,0,0,145,1
1,0,0,163,1
1,0,0,232,1
1,0,0,243,1
1,0,0,1488,0
0,0,0,732,1
0,0,0,403,0
1,0,0,145,1
1,1,0,759,1
2,2,0,1713,0
2,0,0,957,0
1,0,0,3203,0
0,0,0,432,1
0,0,0,216,1
0,0,0,732,1
2,0,0,1311,0
1,0,0,245,1
1,0,0,60,1
4,1,0,6644,0
0,0,0,232,1
1,0,0,164,1
4,0,0,1164,0
1,0,0,262,1
1,0,0,150,1
1,0,0,312,1
3,0,0,581,0
0,0,0,1980,0
1,1,0,203,1
1,0,0,210,1
1,1,0,580,1
1,0,0,403,1
0,0,0,2644,1
1,1,0,674,1
1,0,0,165,1
0,0,0,736,1
1,0,0,189,1
1,0,0,80,1
1,0,0,140,1
0,0,0,1111,0
0,0,0,184,1
0,0,0,118,1
1,0,0,362,1
0,0,0,848,1
0,0,0,737,1
1,0,0,125,1
0,0,0,2265,0
0,0,0,158,1
1,0,0,190,1
1,0,0,84,1
1,2,0,656,1
1,1,0,735,1
0,0,0,686,0
1,0,0,179,1
1,1,0,628,1
2,0,0,1446,0
1,0,0,939,0
1,0,0,167,1
1,1,0,932,1
1,0,0,107,1
2,4,0,7793,0
4,0,0,825,0
0,0,0,1224,0
1,0,0,208,1
0,1,0,240,1
1,1,0,717,1
1,0,0,184,1
1,0,0,196,1
1,1,0,637,1
1,0,0,312,1
1,0,0,168,1
0,1,0,1198,0
24,1,0,3879,1
0,0,0,3398,1
0,0,0,1380,0
1,0,0,381,1
1,0,0,176,1
1,1,0,872,1
4,0,0,1328,0
1,0,0,169,1
1,0,0,673,1
1,0,0,142,1
2,0,0,733,0
133,136,0,32510,0
3,1,0,2350,0
1,0,0,782,0
1,0,0,361,1
1,0,0,176,1
1,0,0,183,1
1,0,0,195,1
1,0,0,177,1
1,0,0,141,1
1,0,0,1134,0
2,0,0,1184,0
2,0,0,807,0
1,0,0,179,1
0,0,0,939,0
2,1,0,2680,0
0,0,0,194,0
0,0,0,784,1
1,0,0,142,1
1,0,0,143,1
0,0,0,476,0
1,0,0,166,1
0,0,0,223,1
1,0,0,179,1
0,0,0,228,1
0,0,0,41,1
1,0,0,353,1
0,0,0,1093,0
0,1,0,1318,0
0,0,0,235,1
1,0,0,63,1
0,0,0,600,0
0,0,0,226,1
1,0,0,131,1
1,0,0,477,1
0,0,0,567,0
1,0,0,143,1
0,0,0,110,1
0,0,0,211,1
1,0,0,177,1
0,0,0,153,1
0,0,0,1248,0
0,1,0,110,1
24,1,0,3879,1
3,0,0,5105,0
0,0,0,769,1
1,0,0,269,1
1,0,0,142,1
1,0,0,412,1
1,1,0,171,1
2,2,0,4816,0
1,0,0,168,1
2,0,0,142,1
1,1,0,2509,0
1,0,0,90,1
0,0,0,593,0
0,0,0,158,1
1,0,0,187,1
1,0,0,82,1
0,0,0,1647,0
0,0,0,114,1
1,0,0,518,1
1,0,0,144,1
1,0,0,1290,0
1,1,0,621,1
1,0,0,128,1
1,0,0,288,1
1,0,0,272,1
0,4,0,838,0
0,2,0,976,0
1,0,0,168,1
1,0,0,157,1
1,0,0,374,1
1,0,0,3011,0
1,0,0,145,1
1,0,0,374,1
2,3,0,1279,0
1,0,0,169,1
1,0,0,365,1
1,0,0,210,1
1,0,0,105,1
3,0,0,1642,0
1,0,0,327,1
1,0,0,362,1
1,0,0,89,1
2,0,0,1197,0
0,0,0,866,1
1,1,0,693,1
0,0,0,317,1
1,1,0,683,1
0,0,0,2689,1
1,0,0,374,1
1,0,0,232,1
0,3,0,1422,0
1,0,0,167,1
1,0,0,166,1
1,0,0,308,1
1,1,0,3231,0
1,1,0,584,1
1,1,0,804,1
0,0,0,266,1
1,2,0,713,1
3,0,0,1618,0
0,1,0,1554,0
1,0,0,173,1
1,0,0,174,1
2,0,0,1008,0
1,0,0,522,1
1,1,0,172,1
1,0,0,164,1
1,0,0,362,1
1,0,0,301,1
2,2,0,924,0
3,1,0,4517,0
2,0,0,615,0
0,0,0,76,1
1,0,0,168,1
1,1,0,588,1
1,1,0,857,1
1,0,0,831,0
1,0,0,218,1
1,0,0,164,1
1,1,0,726,1
3,0,0,2759,0
24,1,0,3875,1
1,0,0,292,1
24,1,0,3879,1
1,1,0,620,1
1,1,0,704,1
2,1,0,5159,0
0,1,0,932,0
3,0,0,1066,0
0,0,0,258,1
1,0,0,62,1
0,0,0,285,1
4,0,0,2549,0
3,1,0,6291,0
1,0,0,169,1
0,0,0,212,1
1,1,0,794,1
0,0,0,415,1
0,0,0,192,1
1,0,0,128,1
1,1,0,511,1
1,0,0,115,1
1,0,0,142,1
0,0,0,79,1
1,0,0,97,1
1,0,0,132,1
1,0,0,301,1
0,0,0,322,1
2,0,0,189,1
1,0,0,175,1
3,1,0,6806,0
0,1,0,109,1
0,0,0,193,1
1,0,0,307,1
1,0,0,213,1
1,0,0,426,1
1,0,0,172,1
1,1,0,1234,0
6,2,0,8336,0
7,3,0,9447,0
1,0,0,56,1
1,0,0,343,1
0,0,0,205,1
0,0,0,2801,0
1,0,0,153,1
0,0,0,670,1
1,0,0,178,1
1,0,0,297,1
8,3,0,10325,0
1,1,0,261,1
5,1,0,3630,0
0,1,0,287,1
1,0,0,186,1
1,0,0,219,1
1,0,0,278,1
1,0,0,110,1
1,0,0,60,1
2,1,0,6979,0
0,0,0,829,1
1,1,0,184,1
0,1,0,2646,0
0,0,0,200,1
1,0,0,345,1
8,3,0,11667,0
1,0,0,203,1
1,0,0,167,1
0,0,0,671,1
1,0,0,156,1
12,2,0,4235,0
1,0,0,153,1
1,0,0,350,1
1,0,0,290,1
1,0,0,170,1
2,0,0,1295,0
1,0,0,183,1
1,0,0,166,1
1,0,0,155,1
0,0,0,230,1
0,0,0,169,1
2,0,0,1938,0
1,0,0,93,1
0,0,0,315,1
0,2,0,233,0
1,0,0,86,1
1,0,0,156,1
1,0,0,96,1
0,2,0,1000,0
0,0,0,137,1
0,0,0,413,0
1,0,0,596,1
1,0,0,249,1
0,0,0,469,1
0,0,0,1203,0
1,0,0,438,1
0,0,0,149,1
1,0,0,181,1
0,1,0,547,0
1,0,0,158,1
1,0,0,161,1
1,4,0,2005,0
1,0,0,136,1
0,0,0,154,1
7,3,0,12103,0
1,0,0,248,1
1,0,0,187,1
1,0,0,239,1
0,0,0,200,1
0,0,0,985,0
1,0,0,157,1
1,0,0,181,1
1,0,0,236,1
0,0,0,303,1
0,2,0,625,0
1,0,0,165,1
1,9,0,2212,0
0,0,0,315,1
0,0,0,316,1
0,0,0,318,1
0,0,0,316,1
24,1,0,3879,1
0,0,0,311,1
0,0,0,316,1
0,0,0,3914,1
0,0,0,314,1
0,0,0,1132,0
0,0,0,315,1
1,0,0,169,1
0,0,0,320,1
0,0,0,849,1
0,0,0,236,1
0,0,0,318,1
0,0,0,316,1
1,0,0,72,1
1,0,0,153,1
2,0,0,9521,0
0,0,0,213,1
0,3,0,2563,0
0,0,0,756,0
0,0,0,220,0
8,0,0,3058,0
1,0,0,60,1
3,0,0,2268,0
0,0,0,2499,0
2,0,0,626,0
1,0,0,178,1
2,0,0,5260,0
22,1,0,3331,0
0,0,0,315,1
1,0,0,1201,0
1,0,0,157,1
0,0,0,138,1
2,0,0,145,1
1,0,0,56,1
1,0,0,223,1
0,0,0,314,1
0,0,0,318,1
1,0,0,399,1
1,0,0,162,1
1,0,0,105,1
2,1,0,177,1
1,0,0,129,1
1,0,0,96,1
1,0,0,318,1
1,0,0,318,1
1,0,0,244,1
0,0,0,317,1
1,0,0,415,1
0,0,0,320,1
0,0,0,315,1
1,0,0,185,1
1,0,0,161,1
1,0,0,59,1
1,0,0,338,1
1,0,0,325,1
1,0,0,165,1
1,0,0,160,1
1,0,0,158,1
0,1,0,43,1
0,0,0,349,1
1,0,0,162,1
1,0,0,146,1
1,0,0,157,1
1,0,0,156,1
1,0,0,130,1
1,0,0,211,1
0,0,0,5230,1
1,0,0,431,1
1,0,0,157,1
1,0,0,880,1
2,2,0,1588,0
3,0,0,2298,0
1,0,0,110,1
0,1,0,6416,1
2,4,0,1883,0
0,0,0,707,1
1,1,0,59,1
1,0,0,179,1
7,4,0,2163,0
1,0,0,156,1
0,2,0,1319,0
1,0,0,158,1
0,0,0,250,1
1,0,0,384,1
1,2,0,624,0
1,0,0,168,1
2,0,0,895,1
0,0,0,141,1
24,1,0,3878,1
0,0,0,115,1
0,1,0,432,1
0,0,0,420,1
0,0,0,811,1
0,0,0,332,1
0,0,0,959,0
3,0,0,1122,0
1,0,0,712,0
1,0,0,159,1
2,0,0,574,0
0,0,0,733,1
0,0,0,423,1
2,2,0,3242,0
1,0,0,358,1
0,0,0,472,1
1,0,0,136,1
0,0,0,274,1
1,0,0,303,1
1,0,0,335,1
1,0,0,159,1
0,0,0,671,1
1,0,0,253,1
2,0,0,658,0
1,0,0,189,1
4,2,0,2911,0
1,1,0,621,0
0,0,0,1249,0
1,0,0,522,1
1,0,0,1307,0
2,2,0,4141,0
1,0,0,217,1
1,0,0,65,1
3,0,0,1453,0
1,0,0,160,1
1,0,0,259,1
1,0,0,308,1
1,0,0,377,1
5,0,0,2014,0
1,0,0,174,1
1,0,0,136,1
1,1,0,165,1
0,0,0,848,1
1,0,0,308,1
1,0,0,361,1
0,0,0,839,0
1,0,0,328,1
1,0,0,185,1
0,0,0,5341,1
0,0,0,205,1
1,0,0,332,1
2,0,0,692,0
1,0,0,74,1
0,0,0,235,1
0,0,0,851,1
24,1,0,3879,1
1,0,0,177,1
1,0,0,166,1
1,0,0,596,1
1,0,0,1310,0
1,0,0,103,1
3,2,0,2426,0
1,0,0,197,1
1,0,0,392,1
1,0,0,164,1
1,0,0,192,1
1,0,0,137,1
0,0,0,412,1
1,0,0,216,1
1,0,0,404,1
6,0,0,1039,0
0,0,0,425,1
0,0,0,166,1
11,0,0,2043,0
1,0,0,175,1
1,0,0,157,1
4,0,0,4936,0
0,0,0,202,1
1,0,0,75,1
1,0,0,152,1
0,0,0,92,1
1,1,0,205,1
1,0,0,237,1
1,0,0,90,1
3,0,0,2540,0
1,0,0,868,1
0,0,0,2665,1
1,0,0,57,1
1,0,0,185,1
1,0,0,478,1
1,0,0,161,1
0,0,0,1070,0
0,0,0,320,1
0,0,0,197,1
1,0,0,343,1
1,1,0,186,1
1,0,0,64,1
1,0,0,58,1
1,0,0,338,1
1,0,0,148,1
1,0,0,164,1
0,0,0,227,1
3,0,0,1437,0
0,0,0,260,1
0,1,0,391,1
87,6,0,32577,0
24,1,0,3878,1
0,0,0,1057,0
1,0,0,165,1
1,0,0,88,1
0,0,0,39,1
0,1,0,113,1
1,0,0,71,1
5,7,0,1624,0
1,0,0,1704,0
10,8,0,2310,0
0,1,0,109,1
1,0,0,58,1
1,0,0,208,1
1,0,0,263,1
1,0,0,172,1
1,0,0,246,1
3,0,0,999,0
1,0,0,239,1
0,0,0,1839,0
1,0,0,157,1
1,0,0,224,1
1,0,0,153,1
1,0,0,193,1
1,0,0,174,1
0,1,0,107,1
1,0,0,149,1
1,0,0,165,1
2,1,0,808,0
1,0,0,163,1
1,0,0,128,1
1,0,0,224,1
1,0,0,202,0
2,0,0,2601,0
1,0,0,253,1
1,0,0,99,1
2,0,0,5851,0
1,0,0,379,1
0,0,0,434,1
1,0,0,591,0
0,0,0,207,1
0,1,0,113,1
0,0,0,16,1
1,0,0,341,0
0,0,0,5598,1
1,0,0,69,1
1,0,0,244,1
1,0,0,379,1
1,0,0,213,1
1,0,0,344,1
24,1,0,3879,1
0,0,0,2472,0
5,0,0,1012,0
11,0,0,5474,0
0,0,0,245,1
2,0,0,511,0
0,0,0,2620,1
1,1,0,387,1
1,0,0,1339,0
7,3,0,4510,0
1,0,0,370,0
0,0,0,2322,0
1,0,0,179,1
0,0,0,445,1
1,0,0,332,1
1,0,0,152,1
0,0,0,2322,0
0,0,0,160,1
0,0,0,352,1
2,0,0,3927,0
0,0,0,134,1
0,0,0,2322,0
0,0,0,3717,1
3,2,0,3838,0
1,0,0,161,1
1,0,0,172,1
1,0,0,180,1
1,5,0,4272,0
1,0,0,456,1
1,0,0,208,1
0,1,0,3620,1
1,0,0,170,1
1,0,0,180,1
6,0,0,3586,0
1,0,0,338,1
1,0,0,325,1
0,1,0,179,1
2,1,0,1957,0
1,0,0,204,1
2,0,0,184,1
2,0,0,177,1
0,0,0,1288,0
1,0,0,112,1
2,1,0,1051,0
1,0,0,178,1
1,0,0,171,1
1,0,0,178,1
0,0,0,2720,0
5,0,0,4790,0
2,0,0,179,1
0,0,0,2150,0
24,1,0,3878,1
1,0,0,190,1
0,0,0,427,1
1,0,0,213,1
1,0,0,438,0
1,0,0,162,1
24,1,0,3878,1
2,0,0,1432,0
0,0,0,43,1
0,0,0,1869,0
3,0,0,5113,0
5,0,0,1424,0
0,0,0,1598,0
1,0,0,79,1
1,0,0,3474,0
2,1,0,2357,0
0,0,0,145,0
1,0,0,94,1
0,0,0,167,1
1,0,0,172,1
1,0,0,268,1
0,0,0,5718,1
0,0,0,837,1
1,0,0,66,1
1,0,0,163,1
2,0,0,940,0
1,0,0,483,1
1,3,0,496,0
1,0,0,280,1
1,0,0,93,1
2,0,0,735,0
3,4,0,1633,0
0,0,0,315,1
1,0,0,170,1
0,0,0,2735,0
0,0,0,366,1
0,0,0,372,1
1,1,0,199,1
1,0,0,198,1
1,0,0,160,1
24,1,0,3881,1
1,0,0,848,0
1,0,0,162,1
1,0,0,108,1
1,0,0,70,1
1,0,0,251,1
1,0,0,343,1
0,0,0,438,1
1,0,0,1657,0
6,2,0,1262,0
1,0,0,160,1
0,0,0,433,1
1,1,0,1947,1
0,0,0,243,1
1,0,0,339,1
0,0,0,776,0
1,0,0,178,1
0,0,0,440,1
0,0,0,439,1
0,0,0,443,1
1,0,0,257,1
0,0,0,432,1
1,0,0,176,1
0,0,0,438,1
0,0,0,430,1
0,0,0,446,1
0,0,0,419,1
0,0,0,419,1
0,0,0,255,1
0,0,0,422,1
0,0,0,447,1
0,1,0,269,1
0,0,0,469,1
0,0,0,414,1
0,0,0,409,1
0,0,0,417,1
1,0,0,158,1
0,0,0,441,1
1,0,0,618,1
1,0,0,213,1
1,0,0,374,1
0,3,0,1088,0
1,0,0,163,1
0,0,0,234,1
1,0,0,177,1
1,0,0,177,1
0,0,0,422,1
0,0,0,507,0
0,0,0,458,1
0,0,0,406,1
0,0,0,416,1
2,0,0,987,0
2,0,0,1647,0
0,0,0,435,1
0,0,0,459,1
0,0,0,471,1
1,0,0,302,1
0,0,0,414,1
1,0,0,53,1
1,1,0,3300,0
2,0,0,525,0
1,0,0,167,1
4,2,0,2439,0
0,0,0,442,1
0,0,0,408,1
1,0,0,250,1
0,0,0,416,1
0,0,0,424,1
0,0,0,443,1
0,0,0,413,1
1,0,0,184,0
0,0,0,420,1
0,0,0,438,1
0,0,0,418,1
0,0,0,420,1
0,0,0,430,1
0,0,0,401,1
0,0,0,463,1
0,0,0,417,1
0,0,0,416,1
0,0,0,446,1
0,0,0,431,1
0,0,0,455,1
0,0,0,425,1
0,0,0,434,1
0,0,0,424,1
0,0,0,415,1
0,0,0,405,1
0,0,0,437,1
0,0,0,446,1
0,0,0,402,1
0,0,0,430,1
0,0,0,436,1
1,0,0,1066,0
0,0,0,447,1
0,0,0,412,1
0,0,0,412,1
0,0,0,429,1
0,0,0,416,1
1,0,0,200,1
1,0,0,266,1
0,0,0,446,1
1,0,0,88,1
0,0,0,408,1
1,4,0,4349,0
0,0,0,850,0
0,0,0,137,1
1,0,0,172,1
3,0,0,2347,0
1,0,0,179,1
1,0,0,256,1
1,0,0,277,1
1,1,0,202,1
1,0,0,321,1
0,0,0,315,1
0,0,0,207,1
1,0,0,308,1
0,0,0,838,0
1,2,0,1241,0
10,0,0,4515,0
1,0,0,574,1
0,0,0,303,1
0,0,0,485,1
1,0,0,832,0
1,0,0,596,1
0,0,0,265,1
1,0,0,166,1
2,0,0,1132,0
1,0,0,251,1
1,0,0,200,1
1,0,0,330,1
2,0,0,4231,0
1,0,0,442,1
1,0,0,383,1
1,0,0,943,0
1,0,0,272,1
1,0,0,248,1
0,0,0,578,0
1,0,0,154,1
3,3,0,1377,0
1,0,0,90,1
1,0,0,379,1
1,0,0,187,1
1,0,0,191,1
1,0,0,258,1
1,0,0,208,1
1,0,0,399,1
1,0,0,259,1
1,0,0,101,1
1,0,0,237,1
1,0,0,81,1
1,0,0,230,1
0,0,0,2965,0
1,0,0,78,1
1,0,0,268,1
1,0,0,243,1
1,0,0,336,1
1,0,0,277,1
1,0,0,214,1
0,1,0,673,0
2,1,0,1932,0
1,3,0,3359,0
2,0,1,179,1
1,0,0,179,1
1,0,0,403,1
5,0,0,1877,0
1,0,0,189,1
1,0,0,448,1
1,0,0,184,1
1,0,0,244,1
0,0,0,1111,0
1,0,0,227,1
1,0,0,167,1
1,0,0,212,1
1,0,0,249,1
0,1,0,114,1
1,0,0,64,1
2,0,0,155,1
1,0,0,109,1
2,0,0,360,0
0,1,0,774,0
0,1,0,229,1
1,0,0,175,1
1,0,0,368,1
2,0,0,833,0
1,0,0,251,1
1,0,0,320,1
1,0,0,257,1
0,0,0,211,1
3,0,0,1988,0
1,0,0,522,1
0,0,0,3092,1
3,15,0,12054,0
3,0,0,915,0
0,0,0,2821,0
1,2,0,642,0
1,0,0,160,1
0,0,0,205,0
1,0,0,312,1
1,1,0,194,1
1,0,0,165,1
0,0,0,1942,0
1,0,0,208,1
1,0,0,148,1
1,0,0,616,1
1,0,0,248,1
1,0,0,262,1
1,0,0,250,1
1,0,0,242,1
1,0,0,223,1
1,0,0,199,1
2,0,0,686,0
1,1,0,176,1
1,0,0,174,1
1,0,0,562,0
1,0,0,478,1
1,0,0,234,1
1,0,0,164,1
0,0,0,2091,0
1,0,0,118,1
1,0,0,66,1
2,4,0,462,0
0,0,0,4687,1
1,0,0,194,1
1,0,0,208,1
1,0,0,177,1
10,0,0,5016,0
3,0,0,922,0
0,0,0,668,0
8,0,0,2552,0
2,1,0,640,0
1,0,0,198,1
1,0,0,166,1
1,0,0,172,1
0,0,0,589,0
1,0,0,130,1
1,0,0,229,1
0,0,0,232,1
1,0,0,138,1
5,0,0,2305,0
1,0,0,179,1
1,0,0,89,1
1,0,0,265,1
1,0,0,320,1
1,0,0,316,1
1,0,0,53,1
1,0,0,457,1
0,0,0,424,1
2,1,0,3449,0
1,0,0,108,1
1,0,0,76,1
0,0,0,134,1
0,0,0,282,1
1,0,0,108,1
2,0,0,808,0
1,0,0,108,1
0,0,0,3337,1
2,0,0,654,0
0,0,0,412,0
1,0,0,4568,0
2,0,0,680,0
0,0,0,312,0
0,1,0,256,1
1,0,0,215,1
0,0,0,5304,1
1,0,0,311,1
1,0,0,345,1
1,0,0,363,1
4,1,0,683,0
1,0,0,347,1
1,0,0,257,1
1,0,0,365,1
1,0,0,703,0
0,1,0,1127,0
2,0,0,754,0
26,0,0,5643,0
0,0,0,388,0
1,0,0,2601,0
1,0,0,1998,0
1,0,0,219,1
18,1,0,8998,0
1,0,0,270,1
1,0,0,167,1
1,0,0,234,1
1,1,0,187,1
1,0,0,168,1
3,2,0,6408,0
1,0,0,237,1
1,0,0,240,1
1,0,0,214,1
1,0,0,184,1
0,0,0,1435,0
1,0,0,76,1
1,0,0,339,1
1,0,0,202,1
1,0,0,174,1
1,0,0,253,1
0,0,0,442,1
1,0,0,176,1
1,0,0,193,1
1,1,0,133,1
3,2,0,3623,0
1,0,0,188,1
2,1,0,3558,0
1,0,0,344,1
0,1,0,1199,0
1,0,0,309,1
1,0,0,146,1
1,0,0,216,1
1,0,0,322,0
1,0,0,272,1
1,0,0,174,1
1,0,0,142,1
1,0,0,201,1
2,0,0,1030,0
1,0,0,188,1
1,0,0,558,0
2,0,0,552,0
2,0,0,1632,0
1,0,0,172,1
4,3,0,2385,0
1,0,0,189,1
1,0,0,307,1
1,0,0,176,1
1,0,0,188,1
1,0,0,141,1
1,0,0,244,1
1,0,0,431,1
1,0,0,197,1
1,0,0,384,1
1,0,0,167,1
1,0,0,135,1
1,0,0,200,1
1,0,0,329,1
1,0,0,266,1
1,0,0,798,0
1,0,0,248,1
1,0,0,169,1
1,0,0,609,0
1,0,0,168,1
1,0,0,144,1
1,0,0,208,1
1,0,0,179,1
1,0,0,185,1
1,0,0,195,1
1,0,0,1339,0
1,0,0,453,1
1,0,0,207,1
1,0,0,190,1
1,0,0,195,1
1,0,0,200,1
1,0,0,313,1
1,0,0,243,1
1,0,0,146,1
1,0,0,131,1
0,0,0,531,1
1,0,0,157,1
1,0,0,227,1
1,0,0,786,0
1,0,0,229,1
1,0,0,112,1
1,0,0,266,1
1,0,0,189,1
1,0,0,45,1
1,0,0,309,1
1,0,0,178,1
1,0,0,163,1
1,0,0,195,1
1,0,0,183,1
0,0,0,118,0
1,0,0,455,1
1,0,0,339,1
1,0,0,195,1
1,0,0,456,1
1,0,0,124,1
1,0,0,161,1
1,0,0,146,1
1,0,0,202,1
1,0,0,361,1
1,0,0,193,1
1,1,0,222,1
1,0,0,165,1
1,1,0,174,1
1,0,0,175,1
2,0,0,596,0
2,0,0,704,0
1,0,0,195,1
1,0,0,199,1
1,0,0,223,1
1,0,0,391,1
1,0,0,206,1
0,0,0,142,1
1,0,0,277,1
0,0,0,161,1
1,0,0,168,1
1,0,0,182,1
1,0,0,131,1
0,0,0,1222,0
1,1,0,353,1
0,2,0,411,1
1,0,0,177,1
1,0,0,227,1
1,0,0,183,1
1,1,0,168,1
1,0,0,2624,0
1,0,0,193,1
0,0,0,432,1
1,0,0,175,1
0,0,0,36,1
1,0,0,174,1
1,0,0,216,1
1,0,0,134,1
1,0,0,266,1
1,0,0,377,1
1,0,0,174,1
0,0,0,243,1
0,0,0,134,1
1,0,0,217,1
0,7,0,3054,0
1,0,0,550,0
1,0,0,1686,0
3,0,0,1032,0
0,0,0,726,0
1,0,0,161,1
0,11,0,347,1
1,0,0,413,1
1,0,0,635,0
1,0,0,973,0
1,0,0,195,1
0,0,0,250,1
2,0,0,690,0
0,0,0,3286,0
1,0,0,208,1
2,0,0,1319,0
3,0,0,1259,0
1,0,0,199,1
1,0,0,263,1
0,0,0,1811,0
0,0,0,433,1
1,0,0,243,1
1,0,0,148,1
1,0,0,291,1
1,0,0,245,1
1,0,0,149,1
1,0,0,174,1
1,0,0,147,1
1,1,0,2869,0
1,1,0,4637,0
1,0,0,174,1
1,0,0,192,1
1,1,0,180,1
0,0,0,317,1
0,0,0,445,1
0,0,0,319,1
1,0,0,453,1
4,0,0,1240,0
1,0,0,147,1
3,0,0,914,0
1,0,0,196,0
2,0,0,482,0
1,0,0,147,1
1,0,0,150,1
0,0,0,433,1
0,10,1,348,1
1,0,0,179,1
1,1,0,241,1
1,0,0,420,1
1,0,0,173,1
0,0,0,3889,0
1,0,0,174,1
1,0,0,426,1
2,0,0,2139,0
1,0,0,2856,0
0,0,0,134,1
0,0,0,433,1
1,0,0,200,1
0,0,0,692,0
0,0,0,373,0
0,0,0,429,1
2,0,0,590,0
0,1,0,108,1
0,0,0,1308,0
0,0,0,537,0
4,1,0,1088,0
0,0,0,1230,0
0,0,0,422,1
1,0,0,309,1
0,0,0,837,1
0,0,0,142,1
1,0,0,151,1
2,0,0,692,0
2,0,0,1518,0
0,0,0,408,1
0,0,0,697,0
5,0,0,1281,0
0,1,0,4872,0
0,0,0,1527,0
2,0,0,946,0
0,0,0,2393,0
0,0,0,433,1
0,0,0,195,1
0,0,0,1123,0
0,0,0,741,0
0,0,0,481,0
1,0,0,261,1
0,1,0,3835,0
1,0,0,260,1
1,0,0,963,0
1,0,0,98,1
1,1,0,8135,0
1,0,0,260,1
1,0,0,1036,0
1,0,0,256,1
1,0,0,85,1
1,0,0,162,1
0,0,0,3479,0
7,0,0,2839,0
0,0,0,1177,0
1,0,0,128,1
2,0,0,687,0
4,0,0,627,0
0,0,0,243,1
1,0,0,261,1
3,1,0,8968,0
0,0,0,162,0
1,0,0,260,1
1,0,0,592,1
1,0,0,560,1
0,0,0,592,0
0,1,0,1772,0
4,0,0,923,0
4,0,0,1542,0
0,0,0,436,1
1,0,0,1326,0
0,0,0,339,1
0,0,0,410,1
1,0,0,73,1
3,9,0,6563,0
2,1,0,492,1
1,0,0,261,1
1,0,0,4307,0
1,0,0,194,1
1,0,0,167,1
15,5,0,7164,0
0,0,0,1173,0
0,0,0,665,1
1,0,0,116,1
0,0,0,560,0
1,0,0,255,1
1,1,0,1889,0
1,0,0,3277,0
1,0,0,260,1
0,0,0,96,1
1,0,0,197,1
1,0,0,166,1
2,1,0,489,1
0,0,0,325,0
0,0,0,114,1
1,0,0,1018,0
2,0,0,772,0
15,10,0,5357,0
1,0,0,170,1
2,0,0,487,0
0,0,0,93,0
24,1,0,3878,1
1,0,0,178,1
0,2,0,3559,0
24,1,0,3878,1
24,1,0,3879,1
0,0,0,56,1
2,0,0,791,0
7,1,0,5500,0
1,0,0,190,1
1,0,0,477,1
24,1,0,3879,1
1,0,0,283,0
0,1,0,2270,1
1,0,0,98,0
2,4,0,564,0
1,0,0,170,1
4,0,0,5193,0
1,0,0,112,1
2,2,0,1282,0
0,0,0,148,0
1,1,0,147,1
1,0,0,260,1
0,0,0,370,0
1,0,0,144,1
1,0,0,169,1
2,0,0,914,0
1,0,0,418,0
2,0,0,1118,0
3,0,0,677,0
1,0,0,773,0
0,0,0,1452,0
0,0,0,357,1
1,0,0,142,1
1,0,0,175,1
1,0,0,150,1
0,0,0,1555,0
1,0,0,171,1
0,0,0,997,0
2,0,0,1160,0
1,0,0,148,0
0,0,0,420,1
0,0,0,938,0
23,17,0,32733,0
1,0,0,160,1
19,0,0,2375,0
0,1,0,722,0
0,0,0,236,1
0,0,0,148,1
1,0,0,665,1
1,0,0,97,1
24,1,0,3879,1
0,0,0,223,0
1,0,0,153,1
1,0,0,200,1
0,0,0,241,1
2,0,0,592,0
0,0,0,1422,0
0,0,0,72,1
1,0,0,250,1
2,0,0,481,0
2,0,0,1123,0
0,0,0,399,1
1,0,0,5073,0
1,0,0,150,1
1,0,0,551,1
2,5,0,7596,0
29,6,0,14604,0
1,0,0,608,1
2,0,0,1137,0
2,0,0,1127,0
0,0,0,148,1
0,0,0,236,0
2,0,0,4052,0
1,0,0,180,1
0,2,0,979,0
1,1,0,8534,0
1,0,0,80,1
0,0,0,117,0
1,0,0,177,1
1,0,0,291,1
1,0,0,219,1
1,0,0,2475,0
0,0,0,1120,0
1,0,0,158,1
1,0,0,520,0
1,0,0,1543,0
0,0,0,393,0
2,0,0,2367,0
1,0,0,178,1
3,1,0,1563,0
1,1,0,918,1
0,0,0,421,1
1,0,0,2583,0
1,0,0,73,1
0,0,0,427,1
0,0,0,703,0
1,0,0,149,1
1,2,0,866,0
0,1,0,5003,0
16,0,0,3575,0
1,0,0,352,0
1,0,0,47,1
0,0,0,1117,0
1,0,0,169,1
2,0,0,1103,0
0,0,0,738,0
0,0,0,313,1
0,0,0,315,1
1,0,0,117,1
1,0,0,128,1
1,0,0,149,1
1,0,0,362,1
1,0,0,507,1
0,0,0,819,0
1,0,0,309,1
1,0,0,282,1
1,0,0,89,1
0,0,0,443,0
2,0,0,485,0
6,0,0,2857,0
0,0,0,215,0
0,0,0,256,0
0,0,0,731,0
0,0,0,3260,0
0,0,0,523,0
1,0,0,160,1
2,0,0,642,0
1,0,0,144,1
24,1,0,3879,1
1,1,0,189,1
0,0,0,315,1
1,0,0,243,1
1,0,0,169,1
1,0,0,162,1
1,0,0,4133,0
1,0,0,175,1
1,0,0,790,0
1,0,0,652,0
24,1,0,3879,1
0,0,0,317,1
0,0,0,4437,1
1,2,0,188,1
0,0,0,320,0
0,0,0,353,0
1,0,0,178,1
2,2,0,1180,0
3,0,0,1071,0
1,0,0,234,1
2,0,0,6176,0
1,0,0,271,1
0,0,0,181,1
1,0,0,277,1
1,0,0,604,0
1,0,0,92,1
0,1,0,485,0
1,0,0,1949,0
1,0,0,266,1
0,0,0,777,0
0,0,0,323,1
3,0,0,1586,0
1,0,0,709,0
2,0,0,491,0
1,0,0,183,1
1,0,0,171,1
0,0,0,2246,0
1,0,0,224,1
3,0,0,2754,0
1,0,0,178,1
2,0,0,1518,0
0,0,0,2291,0
2,0,0,938,0
0,0,0,523,0
1,0,0,197,1
1,0,0,196,1
1,0,0,456,1
0,0,0,390,0
0,0,0,441,0
1,0,0,184,1
1,0,0,135,1
2,0,0,1426,0
0,1,0,115,1
1,0,0,283,1
0,0,0,420,0
0,0,0,875,0
6,3,0,1790,0
0,0,0,232,1
1,0,0,47,1
0,0,0,397,0
0,0,0,133,1
1,0,0,153,1
0,0,0,495,0
0,0,0,216,1
0,0,0,857,0
0,0,0,311,1
4,0,0,1764,0
1,0,0,308,1
1,0,0,1384,0
1,0,0,470,1
1,0,0,100,1
0,0,0,1230,0
2,0,0,1006,1
0,0,0,647,0
1,0,0,579,0
1,0,0,187,1
1,0,0,532,1
0,0,0,2317,0
0,0,0,52,1
1,0,0,204,1
1,0,0,301,1
0,0,0,192,1
6,0,0,2550,0
1,0,0,224,1
2,0,0,770,0
3,0,0,2028,0
1,0,0,227,1
0,0,0,147,0
1,0,0,188,1
1,0,0,100,1
24,1,0,3878,1
1,0,0,98,1
0,0,0,839,1
0,0,0,313,1
1,2,0,1854,0
1,0,0,175,1
4,0,0,933,0
2,0,0,1822,0
24,1,0,3879,1
24,1,0,3879,1
2,0,0,753,0
0,2,0,1304,0
1,0,0,47,1
24,1,0,3879,1
0,0,0,503,0
1,0,0,327,1
1,0,0,188,1
0,0,0,34,1
1,0,0,303,1
0,0,0,2067,0
0,0,0,376,0
0,1,0,107,1
1,0,0,384,1
0,0,0,195,1
24,1,0,3878,1
0,1,0,116,0
0,0,0,1158,0
0,0,0,535,0
24,1,0,3879,1
2,0,0,595,0
1,0,0,180,1
0,0,0,89,1
0,0,0,701,1
0,0,0,1204,0
1,1,0,430,0
1,0,0,291,1
2,0,0,945,0
1,0,0,248,1
0,0,0,2570,0
0,0,0,360,0
1,5,0,2957,0
2,0,0,1457,0
1,0,0,326,0
24,1,0,3878,1
0,0,0,602,0
0,0,0,89,1
0,0,0,118,1
1,0,0,313,0
0,0,0,298,1
0,0,0,844,1
8,6,0,2857,0
1,0,0,191,1
1,0,0,192,1
0,11,0,346,1
2,0,0,417,0
0,0,0,217,1
1,0,0,206,1
0,0,0,301,1
1,0,0,905,0
0,0,0,146,1
0,0,0,1504,0
2,0,0,1004,1
3,0,0,1264,0
24,1,0,3878,1
2,0,0,374,0
2,0,0,951,0
0,2,0,1617,0
1,0,0,164,1
1,0,0,280,1
4,0,0,1087,0
1,0,0,227,1
1,0,0,174,1
1,0,0,273,1
2,0,0,2537,0
1,0,0,86,1
0,0,0,530,0
2,0,0,1234,0
4,0,0,2032,0
0,0,0,354,1
1,0,0,1201,0
0,11,0,345,1
4,0,0,6166,0
3,0,0,999,0
1,0,0,1330,0
5,0,0,1708,0
24,1,0,3878,1
2,0,0,444,0
24,1,0,3879,1
0,0,0,121,0
3,0,0,1536,0
4,0,0,4697,0
4,0,0,838,0
0,3,0,2655,0
2,0,0,523,0
0,1,0,1054,0
0,0,0,129,1
4,0,0,972,0
92,16,0,31077,0
1,0,0,522,1
0,0,0,226,1
3,3,0,1052,0
7,0,0,3190,0
1,0,0,2194,0
3,0,0,433,0
3,0,0,928,0
0,0,0,810,0
1,0,0,170,1
1,0,0,362,1
1,0,0,1267,0
1,0,0,1579,0
0,0,0,2802,0
0,1,0,637,0
24,1,0,3879,1
2,0,0,1417,0
1,0,0,103,1
0,0,0,79,1
0,0,0,230,1
0,0,0,1059,0
24,1,0,3879,1
0,0,0,743,0
3,0,0,7360,0
4,0,0,805,0
3,0,0,846,0
2,0,0,820,0
1,0,0,1638,0
1,5,0,2132,0
1,0,0,248,1
3,0,0,2346,0
46,3,0,7651,0
0,0,0,670,0
2,1,0,1020,0
6,0,0,4162,0
1,0,0,79,1
1,0,0,92,1
2,0,0,1019,0
11,7,0,4189,0
1,0,0,191,1
1,0,0,188,1
3,0,0,4160,0
1,0,0,988,0
1,0,0,177,1
1,0,0,326,1
1,0,0,2024,0
24,1,0,3878,1
0,0,0,52,1
1,0,0,480,1
0,0,0,1429,0
0,0,0,23,1
1,0,0,407,1
8,1,0,11754,0
1,0,0,186,1
24,1,0,3879,1
0,0,0,1090,0
0,0,0,384,0
1,0,0,323,1
1,0,0,286,1
2,0,0,1359,0
0,0,0,701,0
2,0,0,4929,0
1,0,0,185,1
2,0,0,2183,0
0,0,0,293,1
1,0,0,150,1
1,0,0,156,1
5,2,0,2813,0
2,0,0,915,0
0,0,0,271,0
0,12,0,10260,0
24,1,0,3879,1
1,0,0,183,1
0,1,0,243,0
1,0,0,171,1
1,0,0,182,1
1,0,0,665,0
5,2,0,3072,0
3,0,0,1046,0
0,0,0,1237,0
1,0,0,120,1
0,0,0,771,0
2,0,0,2022,0
24,1,0,3878,1
0,0,0,894,0
1,0,0,193,1
1,0,0,1024,0
0,0,0,3662,0
3,0,0,838,0
2,0,0,1181,0
0,0,0,618,0
1,0,0,384,1
1,0,0,180,1
0,1,0,96,0
2,0,0,2200,0
0,0,0,913,0
2,0,0,4529,0
1,0,0,76,1
49,2,0,7362,0
0,0,0,176,1
2,0,0,249,0
0,0,0,228,0
4,7,0,1295,0
24,1,0,3878,1
0,0,0,660,0
4,0,0,1700,0
0,0,0,1077,0
0,0,0,572,0
0,0,0,377,1
0,0,0,237,0
3,0,0,542,0
1,0,0,173,1
1,0,0,168,1
1,6,0,4637,0
1,0,0,613,0
1,0,0,188,1
24,1,0,3879,1
0,2,0,1094,0
0,0,0,386,1
6,0,0,1560,0
1,0,0,58,1
26,1,0,9171,0
1,0,0,156,1
1,0,0,188,1
1,0,0,275,1
0,0,0,701,0
1,0,0,183,1
0,0,0,160,1
2,0,0,2219,0
1,0,0,339,1
2,0,0,149,1
1,0,0,154,1
9,0,0,4531,0
2,0,0,816,0
5,1,0,3228,0
0,4,0,4068,0
2,0,0,655,0
0,0,0,1489,0
2,0,0,547,0
1,0,0,110,1
0,1,0,234,0
0,0,0,320,1
0,0,0,325,1
24,1,0,3878,1
1,0,0,224,1
5,0,0,2299,0
1,0,0,170,1
1,0,0,442,1
1,0,0,1019,0
5,0,0,1044,0
5,0,0,2653,0
1,0,0,618,0
0,0,0,377,0
4,0,0,585,0
1,0,0,257,1
1,0,0,63,1
1,0,0,412,0
0,1,0,110,1
1,0,0,47,1
1,0,0,44,1
1,0,0,54,1
1,0,0,187,1
1,0,0,50,1
1,0,0,609,1
4,1,0,369,0
97,13,0,31429,0
0,0,0,764,0
0,0,0,926,0
0,1,0,583,0
5,0,0,1134,0
2,0,0,575,0
10,0,0,4105,0
0,0,0,313,1
1,0,0,114,1
1,0,0,108,1
0,0,0,4102,1
3,0,0,999,0
0,0,0,644,0
0,0,0,163,0
2,0,0,5932,0
0,1,0,1005,0
0,3,0,2887,0
2,0,0,7180,0
0,0,0,83,1
0,0,0,364,0
0,0,0,231,1
1,0,0,115,1
0,0,0,2939,0
2,3,0,8244,0
2,3,0,8244,0
2,0,0,845,0
2,3,0,8244,0
2,3,0,8244,0
0,0,0,646,0
4,0,0,985,0
0,0,0,1413,0
0,0,0,697,1
1,1,0,500,0
0,1,0,613,0
1,0,0,86,1
0,0,0,2053,0
1,2,0,614,0
2,0,0,767,0
3,0,0,6690,0
0,0,0,94,0
1,0,0,165,1
5,0,0,1252,0
0,2,0,1026,0
0,0,0,57,1
2,0,0,2984,0
0,0,0,543,0
5,0,0,1509,0
0,0,0,2415,0
0,0,0,167,1
0,0,0,84,0
2,0,0,2611,0
1,1,0,104,1
4,2,0,3249,0
24,4,0,6595,0
1,0,0,332,1
1,0,0,330,1
4,0,0,2481,0
1,0,0,187,1
1,2,0,1734,0
1,0,0,337,1
2,4,0,6647,0
0,0,0,654,0
0,0,0,320,1
0,0,0,323,1
1,0,0,1093,0
0,0,0,318,1
0,0,0,320,1
0,0,0,326,1
0,0,0,317,1
0,0,0,315,1
1,5,0,1161,0
3,3,0,1212,0
3,0,0,829,0
1,2,0,1948,0
0,0,0,317,1
0,0,0,317,1
0,0,0,312,1
0,0,0,310,1
0,0,0,317,1
3,0,0,369,0
0,0,0,310,1
0,0,0,319,1
0,0,0,323,1
0,0,0,319,1
0,0,0,326,1
0,2,0,2128,0
0,0,0,310,1
0,0,0,313,1
0,0,0,321,1
0,0,0,314,1
0,0,0,317,1
0,0,0,311,1
1,0,0,536,0
0,0,0,316,1
0,0,0,314,1
0,0,0,816,0
0,0,0,317,1
1,0,0,162,1
0,0,0,314,1
3,2,0,1827,0
0,0,0,321,1
0,0,0,322,1
3,2,0,929,0
0,0,0,319,1
0,0,0,1187,0
0,0,0,315,1
2,0,0,438,0
0,0,0,1122,0
0,0,0,420,1
2,19,0,3520,0
1,0,0,880,1
0,0,0,312,1
1,1,0,2836,0
0,0,0,317,1
0,0,0,314,1
0,0,0,1060,0
4,2,0,1487,0
4,0,0,2468,0
2,0,0,2412,0
0,0,0,318,1
3,0,0,1304,0
0,0,0,315,1
0,0,0,319,1
1,0,0,337,1
0,0,0,832,1
1,0,0,229,1
0,1,0,1018,0
0,0,0,1084,0
1,0,0,1552,0
0,1,0,294,0
1,0,0,1177,0
0,0,0,317,1
2,2,0,1683,0
1,0,0,662,1
1,0,0,362,1
1,0,0,206,1
1,0,0,339,1
3,0,0,3624,0
4,0,0,6832,0
2,0,0,942,0
5,0,0,5917,0
3,2,0,4667,0
0,2,0,3763,0
1,0,0,196,1
2,0,0,1057,0
2,0,0,720,0
0,0,0,317,1
4,0,0,1357,0
6,0,0,2005,0
3,0,0,1154,0
2,0,0,612,0
0,0,0,790,0
1,1,0,1583,0
0,0,0,4251,0
0,0,0,261,1
1,0,0,807,0
1,0,0,147,1
1,0,0,184,1
2,0,0,773,0
2,1,0,1912,0
1,0,0,2593,0
0,0,0,434,0
1,0,0,1059,0
24,0,0,5344,0
1,0,0,172,1
1,6,0,2445,0
1,0,0,485,1
3,0,0,4277,0
1,0,0,67,1
2,0,0,606,0
1,0,0,187,1
3,0,0,942,0
1,0,0,611,1
1,0,0,344,1
4,0,0,3580,0
0,0,0,1041,0
1,1,0,1422,0
3,0,0,1192,0
2,0,0,942,0
0,2,0,3855,1
1,0,0,210,1
1,0,0,146,1
1,0,0,138,1
1,0,0,931,0
1,0,0,154,1
2,0,0,646,0
1,0,0,275,1
0,0,0,295,0
1,0,0,200,1
1,0,0,141,1
1,0,0,228,1
0,0,0,3399,1
0,0,0,142,0
1,0,0,301,1
1,1,0,218,1
0,0,0,3633,0
1,0,0,315,1
1,0,0,193,1
90,27,0,31299,0
0,1,0,1926,0
0,0,0,3082,0
0,0,0,263,0
1,0,0,191,1
2,0,0,484,0
4,0,0,1910,0
1,0,0,143,1
1,0,0,183,1
3,1,0,3290,0
0,1,0,109,1
0,0,0,316,1
1,0,0,476,1
0,0,0,3638,0
0,0,0,4386,0
22,3,0,18149,0
0,0,0,3304,0
0,1,0,110,1
1,0,0,244,1
1,0,0,292,1
0,0,0,3427,0
0,1,0,6334,1
0,0,0,3335,0
2,0,0,1065,0
1,0,0,638,0
2,0,0,1927,0
2,0,0,1927,0
1,1,0,1134,0
5,0,0,1335,0
1,0,0,204,1
1,0,0,183,1
1,0,0,280,1
0,1,0,171,0
1,0,0,411,1
1,0,0,477,1
0,0,0,3660,0
1,0,0,150,1
2,0,0,1034,0
1,0,0,318,1
1,0,0,196,1
0,1,0,1401,0
1,0,0,145,1
105,0,0,4121,0
1,0,0,200,1
1,0,0,340,1
2,0,0,293,1
1,0,0,210,1
1,0,0,302,1
1,1,0,230,1
0,0,0,354,0
2,0,0,921,0
2,0,0,2306,0
1,1,0,347,0
1,0,0,522,1
1,0,0,853,0
0,0,0,482,0
1,0,0,162,1
9,2,0,3032,0
0,1,0,229,1
1,1,0,785,0
1,0,0,478,1
1,0,0,301,1
4,0,0,1259,0
0,0,0,4594,1
1,0,0,168,1
1,0,0,144,1
2,0,0,477,0
1,1,0,214,1
1,0,0,193,1
1,0,0,613,0
1,0,0,315,1
1,0,0,199,1
1,0,0,463,1
2,0,0,671,0
1,0,0,161,1
1,0,0,63,1
1,0,0,708,0
6,0,0,2598,0
1,0,0,361,0
3,0,0,2546,0
8,0,0,3730,0
1,0,0,152,1
1,0,0,763,0
1,0,0,237,1
1,0,0,130,1
3,0,0,2539,0
1,0,0,188,1
1,0,0,196,1
1,0,0,198,1
3,0,0,1454,0
1,0,0,310,1
1,0,0,382,0
1,0,0,453,1
1,0,0,182,1
1,0,0,1149,0
1,0,0,222,1
1,0,0,214,1
1,0,0,167,1
0,0,0,70,1
1,0,0,302,1
1,2,0,1016,0
1,2,0,9378,0
0,0,0,579,0
1,0,0,166,1
1,0,0,181,1
2,1,0,1133,0
1,0,0,162,1
1,0,0,170,1
1,0,0,448,1
1,0,0,283,1
1,0,0,426,1
2,0,0,1130,0
1,0,0,154,1
0,0,0,573,1
1,0,0,163,1
0,0,0,422,0
1,0,0,144,1
1,0,0,206,1
1,0,0,111,1
1,0,0,190,1
3,0,0,904,0
1,0,0,160,1
1,0,0,494,1
2,0,0,847,0
1,0,0,837,0
0,0,0,293,0
0,0,0,172,0
1,0,0,144,1
0,0,0,222,0
1,0,0,180,1
9,2,0,3032,0
3,5,0,514,0
0,0,0,178,1
74,10,0,23631,0
1,0,0,1744,0
1,2,0,657,0
5,3,0,18136,0
1,0,0,8097,0
2,0,0,4768,0
1,0,0,130,1
1,0,0,174,1
0,0,0,633,0
1,0,0,283,1
0,0,0,36,0
0,0,0,428,1
0,0,0,398,0
2,0,0,873,0
6,0,0,2246,0
0,0,0,895,0
2,0,0,1584,0
0,0,0,1590,0
1,1,0,1007,0
1,0,0,166,1
1,0,0,206,1
0,0,0,890,0
3,0,0,1172,0
2,1,0,681,0
1,0,0,237,1
1,0,0,403,1
1,0,0,614,1
1,0,0,179,1
13,0,0,2550,0
1,0,0,154,1
0,3,0,1351,0
1,0,0,171,1
1,0,0,179,1
0,0,0,494,0
0,0,0,357,0
0,0,0,1507,0
1,0,0,156,0
1,0,0,181,1
1,0,0,384,1
1,0,0,330,1
2,0,0,2722,0
1,0,0,399,1
1,0,0,217,1
0,1,0,1187,0
1,0,0,190,1
3,5,0,514,0
1,0,0,180,1
0,0,0,110,1
1,0,0,221,1
13,1,0,2980,0
2,0,0,1929,0
1,0,0,161,1
1,0,0,133,1
24,1,0,3879,1
1,0,0,398,1
1,0,0,263,1
1,0,0,248,1
1,0,0,243,1
0,0,0,465,0
1,0,0,188,1
1,1,0,244,1
1,1,0,187,1
1,0,0,320,1
1,1,0,791,0
1,0,0,164,1
1,0,0,213,1
1,0,0,167,1
4,0,0,1454,0
1,0,0,252,1
1,0,0,155,1
1,0,0,431,1
3,0,0,1924,0
1,0,0,233,1
1,0,0,148,1
2,0,0,1789,0
1,0,0,273,1
1,0,0,338,1
1,0,0,213,1
1,0,0,761,0
1,0,0,150,1
1,0,0,175,1
1,0,0,167,1
1,0,0,179,1
1,0,0,158,1
1,0,0,262,1
4,0,0,1789,0
24,1,0,3902,1
1,0,0,234,1
1,0,0,172,1
0,0,0,482,0
1,0,0,123,1
1,0,0,288,1
1,0,0,250,1
1,0,0,411,1
2,0,0,1714,0
4,0,0,1483,0
0,0,0,634,0
2,0,0,4820,0
3,0,0,2251,0
1,0,0,386,1
1,0,0,170,1
1,0,0,320,1
9,0,0,6682,0
1,0,0,221,1
1,0,0,206,1
1,1,0,152,1
6,0,0,6775,0
1,0,0,411,1
1,0,0,191,1
1,0,0,222,1
1,0,0,152,1
1,0,0,226,1
1,0,0,224,1
0,0,0,1259,0
1,0,0,251,1
1,0,0,186,1
1,0,0,232,1
1,0,0,302,1
1,0,0,291,1
1,0,0,178,1
1,0,0,904,0
1,0,0,157,1
1,0,0,77,1
1,0,0,404,1
2,0,0,3785,0
1,0,0,170,1
1,0,0,364,1
0,1,0,610,0
0,0,0,851,0
1,0,0,181,1
0,0,0,270,0
1,0,0,130,1
1,0,0,187,1
3,0,0,1341,0
0,0,0,198,1
2,0,0,1609,0
1,0,0,158,1
1,0,0,448,0
0,3,0,599,1
2,1,0,4189,0
1,0,0,442,1
7,0,0,1329,0
2,1,0,1235,0
2,2,0,2205,0
1,0,0,151,1
0,0,0,231,0
1,0,0,881,0
3,0,0,1062,0
0,0,0,334,0
2,0,0,1481,0
4,0,0,617,0
2,1,0,2268,0
1,0,0,322,0
1,0,0,885,1
1,0,0,180,1
1,0,0,211,1
0,0,0,687,0
1,0,0,178,1
0,1,0,2282,0
1,0,0,184,1
1,0,0,224,1
2,0,0,2206,0
1,0,0,681,0
0,4,0,599,1
0,0,0,1187,0
1,0,0,163,1
3,0,0,1271,0
0,0,0,57,1
1,0,0,137,1
1,0,0,1979,0
1,0,0,163,1
1,0,0,365,1
1,3,0,1693,0
1,0,0,177,1
1,0,0,456,0
3,0,0,530,0
0,0,0,201,1
3,0,0,4725,0
0,0,0,1835,0
4,0,0,1562,0
0,0,0,632,0
0,3,0,604,1
1,1,0,10710,0
0,0,0,210,1
0,0,0,1525,0
1,0,0,156,1
1,0,0,713,0
0,0,0,104,1
1,0,0,1157,0
0,0,0,545,0
1,0,0,174,1
0,0,0,71,1
1,7,0,4727,0
0,3,0,592,1
0,0,0,261,0
1,0,0,85,1
4,4,0,8444,0
1,0,0,875,0
2,0,0,1297,0
3,0,0,782,0
0,0,0,217,0
1,0,0,93,1
0,0,0,596,0
0,0,0,217,1
0,0,0,939,0
1,0,0,157,1
0,0,0,395,0
1,0,0,1347,0
1,0,0,50,1
0,0,0,595,0
3,0,0,652,0
0,0,0,1562,0
1,0,0,667,0
3,0,0,1228,0
1,0,0,478,0
1,0,0,157,1
1,0,0,156,1
1,0,0,3583,0
1,0,0,338,1
0,0,0,488,0
4,0,0,928,0
1,0,0,2063,0
0,3,0,5647,0
1,5,0,1296,0
0,1,0,2218,0
1,0,0,173,1
0,0,0,782,0
1,0,0,170,1
0,0,0,185,0
0,0,0,1439,0
1,0,0,454,1
1,0,0,115,1
3,4,0,1183,0
3,0,0,2540,0
12,7,0,14056,0
1,0,0,328,0
3,0,0,1894,0
4,0,0,1239,0
0,0,0,738,0
2,0,0,1015,1
1,0,0,157,1
0,4,0,585,1
2,0,0,573,0
1,2,0,971,0
16,6,0,40681,0
1,0,0,272,1
1,0,0,456,0
1,0,0,332,1
7,2,0,14390,0
0,3,0,582,1
6,1,0,9134,0
1,0,0,885,0
1,0,0,318,1
3,0,0,3016,0
2,0,0,1675,0
0,1,0,3076,0
3,0,0,1649,0
5,0,0,1889,0
5,0,0,1863,0
4,0,0,1020,0
1,0,0,356,1
0,0,0,711,0
1,0,0,802,0
2,0,0,1689,0
3,0,0,569,0
1,0,0,1000,0
0,3,0,827,0
1,0,0,159,1
1,0,0,197,1
0,0,0,414,1
0,0,0,750,0
0,0,0,1328,0
1,0,0,3583,0
2,0,0,1920,0
0,1,0,259,0
0,0,0,1410,0
4,1,0,4827,0
6,3,0,2859,0
6,0,0,1535,0
1,0,0,157,1
2,0,0,326,0
1,0,0,195,1
26,1,0,9488,0
0,0,0,214,0
0,0,0,948,0
0,1,0,6081,1
1,1,0,493,1
3,0,0,1202,0
0,0,0,22,1
2,0,0,1178,0
0,0,0,348,0
3,0,0,551,0
0,0,0,245,0
2,1,0,346,0
0,0,0,3281,0
2,0,0,1918,0
3,0,0,773,0
2,1,0,1333,0
1,0,0,829,0
5,0,0,775,0
0,2,0,1943,0
0,2,0,1846,0
0,1,0,359,0
1,0,0,155,1
1,0,0,336,1
0,0,0,271,0
4,0,0,3827,0
0,0,0,2655,0
0,1,0,928,0
0,0,0,1017,0
4,0,0,1017,0
1,0,0,1672,0
0,1,0,574,0
1,0,0,99,1
2,0,0,1616,0
2,0,0,182,1
0,0,0,302,0
3,0,0,1655,0
2,2,0,4844,0
5,0,0,1491,0
2,0,0,2112,0
0,2,0,1317,0
0,0,0,1241,0
1,0,0,248,1
1,0,0,310,1
2,1,0,636,0
1,0,0,622,1
0,0,0,267,1
2,0,0,756,0
2,0,0,5087,0
5,0,0,1972,0
0,1,0,658,0
2,2,0,5401,0
0,0,0,935,0
0,0,0,458,0
0,0,0,249,1
0,3,0,597,1
1,0,0,574,1
1,1,0,895,0
0,0,0,581,0
0,0,0,522,0
2,2,0,1679,0
0,1,0,1643,0
0,4,0,576,1
2,1,0,3319,0
1,0,0,163,1
2,0,0,173,1
0,5,0,5735,0
0,3,0,597,1
1,1,0,184,1
2,1,0,6752,0
2,4,0,3475,0
0,0,0,897,0
1,0,0,335,0
0,0,0,57,1
1,0,0,159,1
1,0,0,442,0
0,0,0,596,0
0,0,0,185,1
0,0,0,712,0
0,0,0,656,0
0,0,0,1305,0
2,0,0,697,0
0,0,0,1297,0
0,0,0,505,0
0,0,0,268,1
2,0,0,4683,0
1,0,0,1527,0
1,3,0,1884,0
0,0,0,317,0
0,0,0,180,0
88,15,0,27572,0
2,0,0,814,0
0,0,0,381,0
1,0,0,376,0
3,0,0,1301,0
1,0,0,73,1
0,0,0,168,0
4,0,0,769,0
0,0,0,256,1
1,0,0,473,0
1,0,0,335,0
0,0,0,176,0
0,0,0,176,0
1,1,0,2499,0
1,0,0,197,1
0,0,0,854,0
1,0,0,1361,0
0,0,0,423,0
0,0,0,118,1
3,0,0,2489,0
1,0,0,172,1
3,0,0,2489,0
0,0,0,176,0
0,0,0,617,0
2,0,0,932,0
2,0,0,1385,0
0,0,0,351,0
0,0,0,176,0
0,0,0,265,0
0,1,0,3227,0
24,1,0,3879,1
3,0,0,492,0
0,0,0,178,1
1,4,0,1252,0
8,0,0,5107,0
1,1,0,395,1
0,0,0,279,0
0,2,0,1896,0
0,0,0,260,1
3,2,0,5194,0
0,0,0,418,1
1,0,0,214,1
2,0,0,437,0
1,0,0,291,1
0,0,0,446,0
0,0,0,1147,0
21,1,0,3294,0
1,0,0,3062,0
0,0,0,172,1
5,2,0,3182,0
0,0,0,265,0
2,0,0,1992,0
0,0,0,937,0
0,0,0,245,0
2,0,0,6342,0
1,0,0,173,1
0,0,0,50,1
1,0,0,673,1
1,0,0,159,1
0,3,0,583,1
1,0,0,95,1
0,0,0,761,0
0,0,0,37,0
1,0,0,1481,0
0,0,0,4225,0
3,1,0,861,0
3,0,0,481,0
0,0,0,253,0
0,0,0,1072,0
1,0,0,831,0
3,0,0,2317,0
1,0,0,173,1
1,0,0,179,1
1,2,0,709,0
1,0,0,160,1
1,0,0,923,0
1,1,0,880,0
2,0,0,4252,0
1,0,0,1715,0
0,0,0,674,0
1,1,0,2378,0
3,0,0,2625,0
0,4,0,599,1
2,0,0,595,0
0,0,0,155,1
1,0,0,173,1
1,0,0,1397,0
0,0,0,4543,0
24,1,0,3879,1
3,0,0,969,0
10,4,0,14781,0
1,1,0,183,1
1,0,0,195,1
2,0,0,422,0
1,0,0,177,1
1,0,0,926,0
1,0,0,177,1
9,0,0,3543,0
0,1,0,995,0
7,1,0,9901,0
1,0,0,106,1
0,1,0,2260,0
1,0,0,1136,0
1,0,0,2120,0
1,0,0,179,1
8,0,0,14018,0
12,0,0,18091,0
1,0,0,2242,0
24,1,0,3877,1
1,0,0,893,0
0,0,0,159,0
2,0,0,800,0
0,0,0,71,0
0,0,0,920,0
2,0,0,2818,0
24,1,0,3878,1
1,3,0,458,0
1,1,0,724,0
2,0,0,678,0
1,0,0,326,0
1,0,0,618,1
2,0,0,628,0
11,0,0,4395,0
2,0,0,4121,0
5,0,0,3488,0
1,0,0,77,1
4,0,0,1164,0
3,0,0,1777,0
0,1,0,881,0
1,1,0,192,1
24,1,0,3879,1
1,0,0,207,1
1,0,0,185,1
1,1,0,892,0
0,0,0,1783,0
1,0,0,429,0
0,0,0,371,0
0,0,0,932,0
1,0,0,231,1
0,0,0,709,0
1,1,0,567,0
2,2,0,1594,0
24,1,0,3879,1
2,0,0,692,0
2,2,0,341,0
2,0,0,3593,0
0,0,0,567,0
0,0,0,667,0
11,3,0,2085,0
1,3,0,1341,0
0,1,0,109,1
2,0,0,3594,0
1,0,0,169,1
1,0,0,2302,0
0,0,0,1269,0
12,1,0,11133,0
1,0,0,1355,0
0,0,0,649,0
7,0,0,2742,0
0,4,0,591,1
0,0,0,435,0
1,0,0,181,1
1,0,0,106,1
3,0,0,1396,0
0,0,0,1931,0
21,8,0,56848,0
3,0,0,1378,0
3,0,0,564,0
0,0,0,2503,0
1,0,0,629,1
0,0,0,309,1
2,0,0,764,0
2,0,0,1449,0
2,1,0,725,0
0,0,0,878,0
24,1,0,3879,1
0,3,0,8872,0
1,0,0,291,1
1,0,0,666,1
1,0,0,253,1
3,0,0,2134,0
2,0,0,2405,0
0,0,0,424,0
1,0,0,590,0
6,5,0,2749,0
0,0,0,238,1
2,0,0,1337,0
2,0,0,644,0
3,0,0,945,0
3,0,0,1633,0
1,0,0,239,0
0,0,0,456,1
6,0,0,1525,0
8,3,0,1944,0
2,0,0,1020,0
23,3,0,7731,0
4,1,0,1086,0
5,0,0,4601,0
0,1,0,110,1
1,0,0,327,1
2,9,0,2445,0
2,0,0,188,1
0,0,0,407,0
2,0,0,830,0
1,2,0,7727,0
2,0,0,729,0
4,4,0,19373,0
1,0,0,279,1
0,0,0,570,0
1,0,0,229,1
0,0,0,409,0
0,1,0,497,0
1,1,0,393,0
4,0,0,1461,0
1,0,0,726,0
0,1,0,497,0
0,0,0,2966,0
1,0,0,642,0
2,0,0,791,0
2,1,0,816,0
6,1,0,3320,0
0,0,0,358,0
2,0,0,834,0
0,5,0,5321,0
3,0,0,939,0
1,0,0,339,1
1,0,0,183,1
0,0,0,160,1
0,0,0,98,1
0,2,0,1084,0
1,0,0,134,1
0,0,0,206,1
1,0,0,118,1
0,2,0,1353,0
1,0,0,451,0
1,2,0,3625,0
2,0,0,1020,0
0,1,0,735,0
1,0,0,3124,0
1,0,0,533,0
1,0,0,186,1
1,0,0,174,1
0,0,0,1858,0
0,2,0,1548,0
2,0,0,1224,0
0,0,0,867,0
2,0,0,820,0
1,5,0,3591,0
2,0,0,549,0
1,0,0,431,1
0,6,0,5911,0
1,0,0,364,1
2,0,0,3024,0
1,0,0,170,1
0,0,0,794,0
1,0,0,1579,0
1,0,0,156,1
0,6,0,1093,0
0,0,0,402,0
0,0,0,350,0
2,1,0,3489,0
0,0,0,222,0
2,0,0,1280,0
0,4,0,4371,0
1,4,0,2641,0
0,2,0,2116,0
0,0,0,265,0
1,0,0,175,1
0,0,0,453,1
0,0,0,586,0
1,0,0,260,1
1,0,0,252,1
1,0,0,285,1
5,4,0,2884,0
0,0,0,227,1
1,0,0,271,1
2,0,0,2168,0
2,0,0,1412,0
0,0,0,1119,0
2,0,0,429,0
0,0,0,574,0
1,0,0,364,0
1,0,0,56,1
0,0,0,181,0
1,0,0,244,1
1,0,0,310,0
3,0,0,1311,0
5,0,0,5940,0
4,1,0,1761,0
0,0,0,2782,0
1,0,0,2259,0
2,1,0,1485,0
0,0,0,1175,0
4,1,0,1761,0
1,0,0,1548,0
3,0,0,769,0
4,1,0,4842,0
3,0,0,1488,0
1,0,0,1359,0
0,11,0,2052,0
3,0,0,1552,0
1,0,0,177,1
0,0,0,311,1
3,2,0,2813,0
5,0,0,1690,0
0,0,0,449,0
1,0,0,1945,0
5,0,0,2300,0
1,0,0,155,1
26,30,0,11629,0
1,0,0,218,1
0,0,0,81,0
0,0,0,421,1
2,0,0,1925,0
1,0,0,177,1
24,4,0,19779,0
5,1,0,9995,0
3,0,0,2766,0
2,7,0,2672,0
0,0,0,301,0
2,0,0,1462,0
4,0,0,8224,0
0,0,0,2391,0
0,4,0,598,1
1,0,0,590,0
1,0,0,1997,0
2,0,0,3476,0
133,137,0,32234,0
0,1,0,3579,0
0,0,0,750,0
0,12,0,3229,0
6,0,0,1469,0
0,0,0,242,1
2,0,0,335,0
1,0,0,173,1
4,2,0,1792,0
0,1,0,1669,0
1,2,0,5632,0
2,2,0,6150,0
0,0,0,382,0
1,0,0,637,0
3,2,0,1598,0
1,1,0,865,0
1,0,0,2092,0
0,0,0,480,0
0,0,0,223,0
0,2,0,1492,0
0,4,0,590,1
0,0,0,434,1
3,0,0,394,1
0,0,0,643,0
1,0,0,876,0
1,0,0,653,0
3,1,0,960,0
1,1,0,1376,0
1,0,0,104,1
1,1,0,1056,0
1,0,0,179,1
2,9,0,840,0
1,0,0,63,1
2,1,0,1096,0
0,1,0,3545,0
19,5,0,7666,0
2,0,0,1115,0
5,0,0,2897,0
1,12,0,5485,0
3,0,0,993,0
0,1,0,753,0
2,0,0,621,0
0,0,0,394,0
1,0,0,171,1
1,0,0,189,1
1,0,0,803,0
1,0,0,164,1
1,0,0,475,0
2,1,0,4246,0
4,0,0,2064,0
0,7,0,1231,0
0,4,0,597,1
0,0,0,3574,0
0,0,0,159,1
1,0,0,163,1
1,0,0,101,1
0,0,0,2933,1
1,0,0,70,1
0,0,0,1317,0
1,2,0,2620,0
0,1,0,1080,0
1,0,0,515,0
1,1,0,338,0
1,0,0,4322,0
1,0,0,170,1
0,0,0,2116,1
1,0,0,424,1
1,0,0,176,1
1,2,0,6212,0
0,0,0,1454,0
0,0,0,1328,0
0,0,0,456,0
1,0,0,1693,0
1,1,0,356,1
1,0,0,625,0
1,0,0,411,0
0,0,0,38,0
2,0,0,1154,0
0,0,0,535,0
0,16,0,81037,0
1,0,0,619,1
1,0,0,175,1
1,21,1,4884,0
3,0,0,1486,0
0,0,0,408,0
0,5,0,505,0
1,0,0,1022,0
1,1,0,818,0
2,2,0,3698,0
0,1,0,6784,0
1,0,0,274,1
0,0,0,1281,0
2,0,0,860,0
1,0,0,438,0
2,1,0,781,0
0,0,0,619,0
1,0,0,393,0
0,0,0,1123,0
1,0,0,174,1
2,0,0,1236,0
1,0,0,465,0
2,0,0,1134,0
1,0,0,606,0
1,0,0,389,1
2,0,0,436,0
1,0,0,309,0
4,3,0,1108,0
1,0,0,152,1
3,2,0,10733,0
1,0,0,266,1
1,0,0,2415,0
0,0,0,552,0
0,2,0,4625,0
2,0,0,644,0
1,0,0,529,0
0,0,0,151,1
1,0,0,82,1
0,0,0,14,0
9,0,0,6566,0
2,0,0,893,0
0,0,0,798,0
2,0,0,1419,0
0,0,0,783,1
0,1,0,108,1
0,16,0,83153,0
2,0,0,1453,0
4,2,0,2470,0
1,1,0,2193,0
2,0,0,888,0
1,0,0,106,1
0,0,0,191,1
0,0,0,857,1
1,0,0,236,1
2,2,0,2349,0
1,0,0,56,1
2,0,0,1027,0
1,0,0,360,1
2,2,0,2349,0
0,0,0,3183,0
1,2,0,2467,0
2,2,0,3506,0
0,0,0,820,0
0,0,0,481,0
4,0,0,4110,0
2,1,0,3811,0
0,0,0,471,1
1,0,0,1829,0
0,3,0,607,1
2,0,0,985,0
0,3,0,3131,0
95,17,0,31807,0
2,1,0,916,0
4,1,0,2598,0
4,2,0,2611,0
1,0,0,431,1
0,0,0,483,0
2,0,0,534,0
1,0,0,1047,0
0,0,0,1159,0
3,0,0,801,0
1,0,0,680,0
1,0,0,172,1
2,0,0,1093,0
1,0,0,70,1
0,0,0,121,0
1,1,0,196,1
0,0,0,4739,0
4,0,0,1058,0
0,0,0,278,0
0,0,0,253,0
1,0,0,622,1
1,0,0,576,0
1,0,0,283,1
1,0,0,65,1
1,0,0,227,1
1,0,0,85,1
1,0,0,598,0
1,0,0,64,1
0,1,0,7333,0
1,0,0,173,1
1,0,0,684,0
1,0,0,177,1
1,3,0,3719,0
4,3,0,2098,0
1,2,0,5000,0
0,0,0,486,0
0,0,0,123,0
0,0,0,6494,0
1,0,0,172,1
1,0,0,549,0
1,0,0,137,1
0,0,0,61,1
0,0,0,93,1
1,0,0,174,1
1,0,0,175,1
0,0,0,1404,0
1,0,0,227,1
2,7,0,801,0
0,0,0,563,0
2,0,0,396,0
0,0,0,1139,0
2,0,0,1969,0
1,1,0,195,1
1,0,0,455,1
1,0,0,596,0
0,0,0,462,1
1,0,0,858,0
1,0,0,158,1
0,0,0,366,0
1,0,0,1129,0
2,0,0,1815,0
0,0,0,591,0
0,0,0,479,1
1,2,0,5540,0
1,0,0,374,1
1,0,0,156,1
4,4,0,2354,0
0,0,0,3596,0
3,0,0,5637,0
2,0,0,1927,0
1,0,0,454,0
1,1,0,431,1
1,0,0,180,1
0,3,0,2104,0
2,0,0,358,0
3,0,0,1170,0
4,1,0,10716,0
1,0,0,676,0
2,0,0,4393,0
7,2,0,3639,0
1,0,0,413,1
1,0,0,616,0
2,0,0,496,0
0,0,0,5494,0
2,0,0,388,0
2,0,0,424,0
3,0,0,913,0
1,9,0,1214,0
0,0,0,1297,0
0,0,0,80,1
2,9,0,1420,0
5,0,0,1195,0
1,1,0,584,0
3,10,0,1763,0
0,2,0,9926,0
3,0,0,1383,0
0,0,0,1075,0
0,0,0,1415,0
1,0,0,170,1
1,0,0,60,1
0,0,0,126,0
2,0,0,1767,0
2,0,0,2079,0
1,1,0,2038,0
0,1,0,277,0
1,0,0,1225,0
2,3,0,505,0
1,0,0,947,0
0,0,0,671,0
2,0,0,1770,0
3,0,0,589,0
3,0,0,965,0
2,0,0,790,0
3,0,0,1091,0
1,0,0,75,1
0,0,0,1965,0
1,0,0,1761,0
0,0,0,809,0
4,4,0,2399,0
0,6,0,1785,0
1,0,0,72,1
0,0,0,1478,0
2,0,0,2426,0
0,0,0,939,0
2,0,0,725,0
2,0,0,382,0
2,0,0,968,0
4,0,0,1027,0
0,2,0,8137,0
2,6,0,1159,0
2,0,0,857,0
10,7,0,7733,0
2,1,0,1273,0
0,0,0,741,0
4,1,0,2542,0
0,0,0,573,0
4,0,0,1173,0
1,0,0,672,1
1,0,0,160,1
0,0,0,462,0
0,0,0,475,0
2,1,0,9444,0
1,1,0,1376,0
1,0,0,1739,0
1,0,0,61,1
0,0,0,91,1
2,0,0,4945,0
1,0,0,143,1
15,0,0,7173,0
1,0,0,590,0
3,0,0,3455,0
5,0,0,3032,0
2,0,0,993,0
1,0,0,401,0
0,0,0,90,1
0,1,0,388,0
1,2,0,1028,0
1,0,0,2480,0
0,0,0,485,0
3,0,0,1687,0
0,1,0,1603,0
0,0,0,930,0
1,0,0,3316,0
4,0,0,4151,0
1,0,0,474,0
1,0,0,855,0
2,0,0,667,0
2,0,0,5734,0
1,0,0,81,1
15,3,0,4949,0
1,0,0,108,1
0,0,0,3393,1
44,1,0,7420,0
1,0,0,1278,0
1,0,0,109,1
0,3,0,3958,0
1,0,0,1797,0
0,0,0,733,0
1,0,0,170,1
1,0,0,428,0
1,0,0,172,1
0,0,0,3129,1
4,2,0,2855,0
1,1,0,2194,0
1,0,0,246,0
1,1,0,5203,0
0,0,0,294,0
1,0,0,171,1
0,0,0,3901,1
3,1,0,5668,0
0,3,0,580,1
3,5,0,6015,0
3,5,0,9150,0
0,0,0,185,0
1,3,0,5169,0
1,0,0,73,1
3,0,0,1514,0
9,35,0,19731,0
26,41,0,34703,0
2,0,0,483,0
0,0,0,577,0
1,0,0,1721,0
1,0,0,612,0
0,0,0,223,1
0,0,0,1358,0
0,1,0,115,1
1,0,0,3965,0
1,0,0,3546,0
5,2,0,8700,0
7,4,0,17894,0
1,0,0,3182,0
2,0,0,1061,0
0,1,0,890,0
0,0,0,62,1
1,0,0,176,1
0,0,0,97,1
0,0,0,896,0
2,0,0,2211,0
1,0,0,520,0
9,2,0,3527,0
0,0,0,481,0
5,0,0,2596,0
1,0,0,77,1
1,1,0,957,0
1,0,0,460,0
5,0,0,6112,0
0,1,0,631,0
2,0,0,2215,0
0,1,0,700,0
0,0,0,1404,0
1,0,0,411,0
1,0,0,470,1
1,0,0,189,1
2,0,0,1553,0
0,0,0,895,0
0,0,0,259,1
0,4,0,2575,0
1,0,0,1729,0
0,2,0,7886,0
0,0,0,3617,0
1,0,0,81,1
0,6,0,1237,0
1,0,0,2295,0
2,6,0,3343,0
1,1,0,2348,0
1,1,0,1590,0
1,0,0,196,1
1,0,0,3744,0
1,1,0,186,1
0,0,0,496,0
3,0,0,1566,0
0,6,0,3919,0
1,1,0,558,0
3,0,0,704,0
0,0,0,214,0
0,0,0,1253,0
2,1,0,4429,0
0,0,0,227,1
3,0,0,657,0
0,0,0,112,1
2,0,0,4655,0
0,0,0,107,0
0,0,0,755,0
1,0,0,443,0
1,0,0,4622,0
2,0,0,408,0
0,4,0,600,1
0,10,0,6992,0
0,0,0,3618,0
1,0,0,704,0
0,0,0,330,0
0,0,0,913,0
1,0,0,94,1
1,0,0,194,1
0,0,0,138,1
0,0,0,68,0
0,0,0,4239,1
1,0,0,413,1
0,0,0,174,0
1,0,0,1962,0
4,2,0,6116,0
3,0,0,475,0
0,0,0,1884,1
4,0,0,1862,0
1,0,0,166,1
1,0,0,178,1
2,0,0,739,0
0,0,0,860,1
2,1,0,1013,0
0,0,0,618,0
1,0,0,3223,0
0,0,0,694,0
0,0,0,249,0
1,0,0,2113,0
1,0,0,170,1
1,0,0,155,1
0,0,0,827,0
1,0,0,194,1
1,0,0,200,1
2,1,0,973,0
1,0,0,182,1
0,1,0,1461,0
1,0,0,1874,0
1,1,0,2976,0
0,1,0,2368,0
0,0,0,4901,0
0,1,0,1594,0
1,0,0,151,1
0,0,0,215,1
0,0,0,159,0
1,0,0,119,1
0,0,0,3257,1
0,1,0,1046,0
1,0,0,76,1
2,0,0,626,0
0,0,0,1552,0
1,0,0,171,1
0,0,0,236,1
0,1,0,4250,0
2,0,0,512,0
0,0,0,1450,0
0,0,0,3957,1
0,1,0,4349,1
0,2,0,6908,1
3,0,0,1368,0
1,0,0,181,1
0,1,0,1388,0
0,1,0,3977,1
0,0,0,3158,0
0,0,0,3158,0
3,1,0,1687,0
0,0,0,2736,0
1,0,0,656,0
1,0,0,428,0
0,0,0,657,0
0,12,1,3146,0
0,0,0,435,1
0,0,0,50,1
1,0,0,556,0
2,0,0,1024,0
3,1,0,1929,0
6,0,0,2994,0
6,0,0,2446,0
1,0,0,213,1
1,0,0,148,1
2,0,0,585,0
1,0,0,159,1
1,0,0,168,1
1,0,0,325,1
1,0,0,602,0
0,0,0,3366,0
0,0,0,218,1
1,1,0,3472,0
2,0,0,4307,0
1,0,0,879,0
0,6,0,3510,0
3,1,0,2015,0
1,0,0,1571,0
1,0,0,4105,0
0,7,0,4543,0
0,0,0,3078,1
1,0,0,253,1
1,0,0,609,0
1,0,0,173,1
1,1,0,176,1
1,0,0,165,1
0,0,0,479,0
0,0,0,695,0
0,0,0,531,0
1,1,0,2320,0
0,0,0,1036,0
1,0,0,637,0
1,0,0,362,1
1,0,0,190,1
1,0,0,258,1
1,0,0,198,1
1,0,0,175,1
1,0,0,341,0
1,0,0,260,1
1,0,0,453,1
1,0,0,253,1
0,0,0,1190,0
1,0,0,195,1
11,0,0,10139,0
0,0,0,494,0
17,0,0,15297,0
0,0,0,747,0
0,0,0,611,0
1,0,0,236,1
0,0,0,1064,0
1,0,0,161,1
0,6,0,893,0
1,0,0,226,1
1,0,0,216,1
1,0,0,233,1
0,0,0,4531,1
6,2,0,1486,0
1,0,0,998,0
2,0,0,432,0
2,1,0,410,0
1,0,0,950,0
1,0,0,1883,0
1,0,0,165,1
1,0,0,224,1
0,0,0,314,0
2,0,0,489,0
0,0,0,837,0
0,0,0,125,0
2,0,0,322,0
0,0,0,495,0
0,0,0,292,0
1,0,0,158,1
0,0,0,842,0
1,0,0,198,1
1,0,0,149,1
0,0,0,878,0
1,0,0,352,1
1,0,0,266,1
1,0,0,182,0
1,0,0,229,1
1,0,0,53,1
0,0,0,4217,1
1,0,0,159,1
0,0,0,355,1
1,1,0,544,0
2,0,0,919,0
0,0,0,1034,0
0,0,0,1655,0
0,0,0,663,0
1,0,0,1262,0
2,0,0,704,0
1,1,0,168,1
0,0,0,671,0
1,0,0,179,1
1,0,0,169,1
1,0,0,210,1
1,0,0,146,1
0,0,0,931,0
0,0,0,223,1
1,0,0,286,0
1,0,0,203,1
1,0,0,173,1
1,0,0,442,1
1,0,0,158,1
1,0,0,1322,0
0,0,0,141,1
1,0,0,924,0
76,4,0,16606,0
2,0,0,1344,0
1,0,0,2880,0
108,15,0,33650,0
1,0,0,184,1
1,0,0,250,1
1,8,0,11456,0
1,0,0,214,1
1,8,0,12261,0
1,0,0,146,1
1,0,0,65,1
1,1,0,160,1
0,0,0,993,0
1,0,0,162,1
0,0,0,411,0
1,0,0,83,1
1,0,0,225,1
1,0,0,223,1
1,0,0,219,1
0,1,0,1599,0
1,0,0,159,1
1,1,0,697,0
1,0,0,180,1
1,0,0,509,0
2,0,0,292,1
0,0,0,1867,0
3,0,0,1007,0
2,0,0,3533,0
1,0,0,617,0
3,0,0,2118,0
0,1,0,254,1
1,0,0,208,1
3,3,0,1254,0
2,1,0,1163,0
1,0,0,238,1
1,0,0,93,1
0,1,0,3771,0
0,0,0,215,1
1,0,0,1477,0
1,0,0,225,1
1,0,0,157,1
2,0,0,4905,0
1,0,0,193,1
1,0,0,189,1
1,0,0,69,1
24,1,0,3892,1
0,1,0,3771,0
24,1,0,3878,1
3,8,0,9995,0
2,0,0,799,0
1,13,0,18030,0
0,0,0,262,0
0,0,0,218,1
0,0,0,275,1
1,0,0,338,1
0,0,0,225,1
0,0,0,354,0
1,0,0,221,1
1,0,0,158,1
1,0,0,213,1
0,0,0,227,1
0,0,0,152,0
0,0,0,5160,1
0,0,0,407,0
0,0,0,436,1
0,0,0,273,1
2,0,0,1140,0
2,0,0,148,1
0,0,0,231,1
0,0,0,602,0
1,0,0,344,0
9,5,0,3381,0
1,0,0,1288,0
0,0,0,207,1
1,0,0,93,1
3,2,0,1534,0
1,0,0,1108,0
1,0,0,188,1
1,0,0,2004,0
2,0,0,177,1
1,0,0,1480,0
1,0,0,391,1
0,0,0,561,0
0,0,0,2207,0
0,0,0,1487,0
2,0,0,779,0
0,0,0,919,0
1,0,0,751,0
1,0,0,1643,0
0,1,0,2319,1
2,0,0,1191,0
0,0,0,523,0
0,0,0,1599,0
0,0,0,1308,0
2,0,0,918,0
1,0,0,150,1
0,0,0,2322,0
1,0,0,170,1
1,0,0,172,1
1,2,0,1276,0
0,1,0,323,1
0,1,0,5860,1
13,5,0,4900,0
0,0,0,3086,1
3,1,0,1455,0
0,2,0,1362,0
1,1,0,1369,0
1,0,0,3286,0
0,0,0,1232,0
1,0,0,100,1
0,0,0,80,1
0,0,0,1279,0
0,0,0,247,0
6,2,0,2834,0
1,0,0,198,1
0,0,0,770,0
1,0,0,947,0
4,0,0,3842,0
2,0,0,929,0
1,0,0,460,0
1,0,0,170,1
1,0,0,201,1
1,0,0,194,1
10,0,0,2537,0
1,0,0,200,1
1,0,0,195,1
6,0,0,1192,0
1,0,0,228,1
1,0,0,174,1
1,0,0,206,1
1,0,0,185,1
1,0,0,377,1
30,3,0,10447,0
1,0,0,236,1
1,0,0,278,1
1,0,0,189,1
1,0,0,224,1
1,4,0,1847,0
1,0,0,152,1
1,1,0,182,1
1,0,0,229,1
1,0,0,544,1
1,0,0,475,0
1,0,0,187,1
1,0,0,177,1
1,0,0,247,1
1,0,0,199,1
1,0,0,210,1
1,0,0,1952,0
1,0,0,391,1
3,0,0,1533,0
1,0,0,938,0
3,0,0,993,0
1,0,0,662,0
2,0,0,6388,0
3,0,0,1556,0
1,0,0,185,1
1,0,0,1059,0
1,0,0,180,1
1,0,0,188,1
1,2,0,192,1
1,0,0,184,1
8,0,0,1804,0
1,0,0,245,1
1,0,0,189,1
3,0,0,1153,0
1,0,0,168,1
1,1,0,189,1
0,0,0,1801,0
1,0,0,181,1
1,0,0,195,1
0,0,0,453,0
1,0,0,174,1
1,0,0,257,1
1,0,0,2310,0
1,0,0,258,1
1,0,0,150,1
1,1,0,168,1
1,0,0,185,1
0,5,0,5666,0
1,0,0,325,1
1,0,0,184,1
1,0,0,207,1
1,0,0,161,1
0,1,0,613,0
1,0,0,227,1
3,0,0,2247,0
1,0,0,167,1
1,0,0,242,1
0,1,0,1515,0
0,0,0,190,1
1,0,0,253,1
1,0,0,232,1
1,0,0,246,1
1,0,0,431,1
1,0,0,164,1
0,8,0,4576,0
1,0,0,243,1
1,0,0,243,1
1,0,0,190,1
0,8,0,6205,0
1,0,0,152,1
1,0,0,221,1
0,0,0,5422,0
1,0,0,2143,0
0,0,0,259,0
0,0,0,142,0
1,0,0,700,0
0,0,0,764,0
0,0,0,953,1
2,0,0,141,1
0,0,0,744,0
24,1,0,3879,1
1,0,0,448,1
1,0,0,188,1
1,1,0,2064,0
1,1,0,793,0
1,0,0,277,1
1,0,0,377,1
0,0,0,1108,0
1,0,0,72,1
1,0,0,2903,0
0,0,0,96,1
0,1,0,819,0
3,0,0,571,1
3,1,0,1050,0
1,1,0,1571,0
8,0,0,1702,0
4,0,0,1120,0
1,0,0,231,1
1,0,0,240,1
1,0,0,541,0
1,0,0,182,1
1,0,0,290,1
1,0,0,980,1
1,0,0,170,1
3,5,0,10246,0
1,1,0,203,1
0,4,0,1674,1
3,1,0,1398,0
1,0,0,248,1
2,0,0,1320,0
0,0,0,3857,1
0,3,0,2411,0
0,0,0,731,0
4,0,0,4852,0
0,0,0,637,0
2,0,0,1381,0
2,2,0,1414,0
0,0,0,452,1
1,0,0,528,0
3,0,0,1271,0
1,0,0,192,1
2,1,0,3466,0
0,0,0,2396,0
2,1,0,928,0
3,1,0,2135,0
2,0,0,1888,0
2,0,0,6532,0
3,0,0,406,1
1,0,0,75,1
3,0,0,2677,0
0,0,0,207,1
1,0,0,170,1
0,0,0,169,1
0,0,0,420,0
4,1,0,1000,0
0,0,0,329,0
0,0,0,213,1
3,0,0,2635,0
0,8,0,1902,1
2,0,0,1200,0
4,0,0,561,0
8,1,0,2436,0
0,1,0,1099,0
1,0,0,150,1
2,0,0,702,0
1,0,0,533,0
4,0,0,2460,0
2,0,0,130,0
2,0,0,822,0
5,0,0,3766,0
2,0,0,431,0
1,3,0,1421,0
2,0,0,6485,0
0,1,0,3044,1
0,0,0,623,0
0,0,0,1709,0
3,0,0,623,0
0,8,0,2499,0
2,0,0,456,0
0,0,0,1465,0
1,0,0,1417,0
1,2,0,4457,0
0,0,0,502,0
0,0,0,170,1
0,0,0,745,0
0,1,0,770,0
1,0,0,660,0
2,0,0,496,0
0,0,0,1575,0
0,3,0,718,0
3,0,0,1838,0
1,0,0,719,0
3,0,0,803,0
6,2,0,1269,0
2,0,0,364,0
2,0,0,594,0
1,0,0,538,0
1,0,0,3124,0
1,2,0,810,0
0,0,0,756,0
0,2,0,1735,0
0,2,0,2969,0
5,0,0,6248,0
4,0,0,1895,0
4,0,0,1895,0
3,0,0,1148,0
0,0,0,58,0
0,1,0,96,1
0,3,0,427,0
0,0,0,2354,0
2,0,0,1581,0
1,0,0,1863,0
0,0,0,924,0
0,0,0,662,0
5,1,0,1789,0
2,0,0,839,0
2,0,0,607,0
1,0,0,175,0
3,0,0,1021,0
3,0,0,952,0
1,0,0,109,1
1,3,0,987,0
1,0,0,225,0
1,2,0,1055,0
0,0,0,1195,0
1,0,0,227,0
0,0,0,1241,0
0,0,0,1174,0
1,0,0,319,0
1,1,0,706,0
4,1,0,6277,0
1,0,0,229,0
2,1,0,950,0
0,0,0,228,1
1,3,0,1766,0
1,0,0,222,1
1,0,0,148,1
1,0,0,233,1
2,0,0,359,0
0,0,0,1492,0
0,0,0,357,0
8,1,0,4878,0
0,0,0,672,0
1,0,0,259,1
0,0,0,242,1
1,1,0,594,0
1,0,0,135,1
1,1,0,1603,0
1,0,0,862,1
0,0,0,637,0
1,2,0,1671,0
1,1,0,280,0
0,0,0,749,0
1,0,0,1146,0
2,0,0,2425,0
1,1,0,914,0
0,3,0,589,1
0,0,0,852,0
1,0,0,477,0
1,0,0,545,0
1,2,0,832,0
1,0,0,1792,0
0,0,0,1493,0
1,0,0,248,1
1,0,0,1499,0
0,0,0,2512,0
2,0,0,966,0
3,0,0,3841,0
2,3,0,952,0
0,0,0,1100,0
1,2,0,696,0
0,0,0,998,0
1,0,0,1098,0
2,1,0,1295,0
1,2,0,1015,0
1,0,0,1015,0
0,4,0,593,1
2,0,0,270,1
0,1,0,3904,1
1,0,0,221,1
0,0,0,704,0
0,0,0,4118,1
0,0,0,4155,1
0,1,0,4192,1
0,0,0,418,0
0,0,0,153,1
4,0,0,1101,0
0,0,0,3376,0
1,6,0,5864,0
1,1,0,516,0
4,0,0,1066,0
3,12,0,3695,0
24,1,0,3879,1
0,0,0,5234,1
4,0,0,1391,0
1,0,0,85,1
0,0,0,191,0
1,0,0,895,0
1,0,0,1585,0
1,3,0,1094,0
0,0,0,189,0
4,0,0,961,0
0,0,0,829,1
1,0,0,313,0
0,0,0,432,0
1,0,0,169,1
0,0,0,1434,0
2,0,0,1023,0
0,0,0,1214,0
0,1,0,403,0
5,1,0,776,0
0,1,0,1320,0
2,0,0,424,0
0,0,0,1005,0
1,0,0,171,1
12,2,0,4309,0
0,0,0,770,0
95,5,0,31779,0
0,0,0,333,0
0,0,0,258,1
5,0,0,1519,0
0,0,0,282,0
0,0,0,84,1
0,0,0,851,1
0,0,0,801,0
0,0,0,916,0
0,0,0,263,0
0,0,0,1232,0
1,0,0,198,1
1,1,0,888,0
0,0,0,428,0
4,1,0,428,0
0,1,0,446,0
0,0,0,3155,0
0,0,0,88,0
2,0,0,2873,0
0,0,0,1273,0
0,0,0,1680,0
1,0,0,701,0
0,3,0,5291,0
0,0,0,760,0
2,0,0,1956,0
2,0,0,1591,0
3,0,0,749,0
24,1,0,3879,1
1,0,0,460,0
0,1,0,606,0
1,0,0,164,1
3,0,0,2854,0
1,0,0,282,1
0,0,0,1233,0
2,0,0,347,0
1,1,0,4520,0
4,1,0,909,0
3,0,0,1164,0
2,0,0,6609,0
0,0,0,1966,0
2,0,0,1107,0
3,0,0,1518,0
2,0,0,756,0
0,0,0,810,0
1,0,0,229,0
2,0,0,984,0
1,0,0,264,1
2,1,0,732,0
0,0,0,1858,0
0,0,0,1242,0
3,6,0,9203,0
2,0,0,2052,0
1,0,0,299,1
1,0,0,298,1
1,2,0,1165,0
1,0,0,309,1
2,2,0,2399,0
0,0,0,532,0
0,0,0,1322,0
2,0,0,521,0
1,0,0,317,1
0,0,0,636,0
0,4,0,575,1
1,0,0,278,1
44,5,0,7312,0
1,0,0,324,1
1,0,0,625,1
5,0,0,473,0
1,2,0,3206,0
1,0,0,848,0
1,0,0,282,1
1,0,0,300,1
1,0,0,284,1
1,0,0,306,1
0,0,0,1349,0
1,0,0,352,1
1,0,0,278,1
0,0,0,1321,0
10,1,0,1898,0
0,0,0,435,0
0,0,0,294,0
2,0,0,677,0
1,0,0,102,1
1,0,0,294,1
2,0,0,1598,0
1,0,0,309,1
1,0,0,282,1
0,0,0,1355,0
1,0,0,563,1
1,0,0,236,1
4,0,0,3798,0
1,0,0,236,1
1,0,0,453,1
0,0,0,209,1
0,0,0,5486,0
1,4,0,1354,0
0,0,0,3078,0
0,0,0,611,0
2,0,0,496,0
1,0,0,193,0
1,0,0,275,1
1,7,0,5954,0
1,0,0,116,1
1,0,0,113,1
1,0,0,350,1
1,0,0,117,1
1,0,0,314,1
1,0,0,650,0
0,0,0,221,1
1,0,0,171,1
0,0,0,217,1
1,0,0,1525,0
1,0,0,449,0
3,0,0,5356,0
1,0,0,705,0
0,0,0,2548,0
0,1,0,1509,0
2,0,0,443,0
0,0,0,31,1
5,0,0,2116,0
1,0,0,103,1
1,0,0,85,1
1,0,0,126,1
1,5,0,2202,0
0,0,0,525,0
0,0,0,3051,0
2,0,0,1206,0
2,0,0,1186,0
0,0,0,5592,0
1,0,0,106,1
1,0,0,159,1
0,1,0,601,0
1,0,0,99,1
10,4,0,3350,0
0,0,0,3052,0
1,0,0,102,1
1,0,0,178,1
1,0,0,561,1
6,1,0,3066,0
0,0,0,2966,0
1,0,0,922,0
1,0,0,3070,0
0,0,0,805,0
1,0,0,95,1
6,3,0,1545,0
1,0,0,288,1
1,0,0,1164,0
1,0,0,334,1
0,0,0,1493,0
0,0,0,2894,0
3,0,0,1181,0
4,2,0,2625,0
5,1,0,1209,0
1,0,0,151,0
1,0,0,660,1
4,2,0,2429,0
2,0,0,1428,0
4,1,0,1168,0
1,17,1,4164,0
0,0,0,1734,0
0,0,0,3645,0
0,0,0,146,1
1,0,0,104,1
3,2,0,873,0
1,0,0,94,1
1,1,0,197,1
2,7,0,1807,0
3,0,0,1012,0
1,0,0,623,0
0,1,0,1138,0
3,0,0,1073,0
3,0,0,1358,0
2,0,0,944,0
5,1,0,1836,0
1,0,0,172,1
0,0,0,196,1
1,0,0,104,1
1,0,0,482,0
0,0,0,3757,0
6,4,0,3485,0
2,0,0,1944,0
2,0,0,357,0
2,0,0,163,1
2,1,0,2197,0
1,0,0,224,1
2,0,0,629,0
3,0,0,1153,0
2,0,0,5349,0
5,0,0,2161,0
2,0,0,769,0
2,0,0,1054,0
2,0,0,1585,0
1,0,0,1042,0
2,7,0,1830,0
6,0,0,3281,0
0,1,0,211,0
4,0,0,595,0
0,1,0,1677,0
0,3,0,590,1
24,1,0,3878,1
0,4,0,4049,0
0,0,0,612,0
2,0,0,1360,0
24,1,0,3879,1
4,2,0,2862,0
5,0,0,5033,0
3,0,0,700,0
0,12,0,344,1
10,5,0,1754,0
0,1,0,2522,0
24,1,0,3878,1
36,0,0,5553,0
1,2,0,1299,0
24,1,0,3878,1
0,0,0,689,0
4,0,0,2259,0
3,0,0,1153,0
4,0,0,3068,0
0,0,0,1304,0
3,0,0,3098,0
2,0,0,1783,0
0,0,0,408,1
3,0,0,1404,0
1,0,0,343,1
1,0,0,198,0
3,0,0,2499,0
3,0,0,1722,0
2,0,0,386,0
0,0,0,404,0
2,0,0,1280,0
1,0,0,311,1
1,0,0,331,1
1,0,0,289,1
1,0,0,305,1
3,0,0,2131,0
1,4,0,3063,0
3,0,0,986,0
5,0,0,904,0
2,0,0,1065,0
21,2,0,5119,0
3,0,0,1060,0
1,0,0,239,1
1,0,0,210,1
0,5,0,2711,0
1,0,0,206,1
5,0,0,3373,0
92,17,0,30545,0
3,0,0,2376,0
0,0,0,1702,0
2,0,0,1586,0
1,0,0,177,1
3,1,0,3039,0
1,0,0,377,1
0,0,0,707,1
3,0,0,1153,0
6,0,0,1679,0
1,0,0,982,0
1,0,0,2110,0
1,3,0,9631,0
1,0,0,380,0
1,0,0,525,1
1,0,0,225,1
5,31,0,5259,0
0,0,0,178,1
1,0,0,106,1
0,4,0,586,1
1,1,0,3514,0
3,2,0,5644,0
2,1,0,1527,0
5,0,0,2461,0
0,0,0,1180,0
24,1,0,3878,1
0,0,0,96,1
0,1,0,400,0
1,0,0,85,1
2,0,0,3476,0
1,0,0,114,1
0,0,0,53,1
0,0,0,1708,0
2,0,0,536,0
1,13,0,3382,0
0,0,0,274,0
1,0,0,128,1
0,1,0,111,1
2,1,0,1510,0
1,0,0,175,1
3,0,0,2136,0
7,0,0,4450,0
2,0,0,2365,0
2,0,0,558,0
1,0,0,707,0
1,0,0,176,1
2,1,0,494,1
1,0,0,362,1
0,2,0,751,0
5,1,0,1416,0
0,0,0,34,0
1,0,0,929,0
2,0,0,1100,0
9,1,0,2146,0
5,0,0,2107,0
3,0,0,419,1
3,0,0,411,1
0,0,0,642,0
2,0,0,1813,0
18,4,0,5240,0
1,0,0,1121,0
0,0,0,1148,0
6,0,0,2578,0
3,0,0,1430,0
1,0,0,179,1
1,0,0,161,1
1,0,0,189,1
1,0,0,182,1
1,0,0,1270,0
0,1,0,111,1
14,2,0,5093,0
7,1,0,3353,0
2,0,0,545,0
12,6,0,5077,0
2,1,0,1019,0
4,0,0,1393,0
0,0,0,96,1
1,0,0,176,1
3,0,0,905,0
1,0,0,107,1
4,0,0,4281,0
1,0,0,166,1
15,1,0,6749,0
1,1,0,3395,0
1,1,0,3183,0
2,0,0,755,0
0,0,0,637,0
0,1,0,110,1
0,1,0,115,1
2,0,0,422,0
1,2,0,1653,0
1,1,0,1163,0
1,0,0,247,0
4,0,0,4907,0
0,0,0,369,0
0,1,0,112,1
3,0,0,658,0
2,1,0,491,1
3,0,0,761,0
1,2,0,5548,0
1,2,0,5548,0
0,0,0,233,0
1,1,0,865,0
2,0,0,772,0
3,0,0,5302,0
0,0,0,1511,0
0,0,0,309,1
1,0,0,107,1
0,0,0,172,1
19,6,0,28559,0
17,3,0,5180,0
1,0,0,277,1
0,0,0,113,1
1,0,0,1281,0
3,0,0,5540,0
0,0,0,588,0
0,7,0,2686,0
0,13,0,3662,0
2,0,0,694,0
1,0,0,348,1
1,0,0,358,1
1,0,0,316,1
1,0,0,371,1
1,0,0,367,1
1,0,0,350,1
1,0,0,352,1
0,0,0,1028,0
3,0,0,2821,0
1,0,0,994,0
0,0,0,1948,0
0,1,0,3368,0
0,0,0,493,0
0,9,0,3023,0
2,0,0,1163,0
0,0,0,58,1
6,2,0,3229,0
3,0,0,1558,0
1,0,0,579,0
1,1,0,1474,0
2,0,0,348,0
1,2,0,474,1
0,0,0,452,1
2,1,0,948,0
0,0,0,441,1
1,0,0,368,1
1,0,0,319,1
1,0,0,352,1
2,1,0,939,0
1,0,0,54,1
0,0,0,200,1
1,0,0,216,1
0,1,0,356,0
2,0,0,1629,0
1,0,0,257,1
4,1,0,6019,0
2,0,0,788,0
2,1,0,2113,0
0,0,0,90,0
1,0,0,246,1
1,0,0,337,1
0,2,0,4079,0
1,0,0,347,1
0,0,0,475,0
1,1,0,1007,0
0,1,0,5689,0
0,0,0,1361,0
2,0,0,253,0
0,0,0,610,0
0,0,0,821,0
2,1,0,1057,0
2,0,0,1131,0
3,0,0,1343,0
0,0,0,743,0
0,0,0,1580,0
24,1,0,3878,1
0,4,0,1424,0
0,0,0,1015,0
0,5,0,2324,0
2,0,0,1468,0
8,2,0,3575,0
2,0,0,1381,0
1,0,0,282,1
1,0,0,274,1
0,0,0,312,0
1,3,0,1797,0
2,2,0,407,0
1,0,0,1381,0
1,0,0,5199,0
0,0,0,269,0
2,1,0,485,0
0,2,0,191,0
1,0,0,277,1
0,0,0,1279,0
0,0,0,1863,0
3,0,0,1081,0
1,1,0,175,1
2,1,0,6768,0
5,0,0,4484,0
1,4,0,4562,0
0,0,0,3115,0
2,0,0,1671,0
2,1,0,1585,0
3,0,0,1273,0
2,0,0,670,0
3,0,0,1122,0
1,0,0,618,0
3,0,0,895,0
1,0,0,479,1
1,0,0,588,1
2,0,0,659,0
3,0,0,865,0
2,0,0,649,0
9,1,0,2466,0
2,0,0,860,0
2,0,0,718,0
0,0,0,478,0
1,0,0,725,0
0,0,0,656,0
2,0,0,1100,0
0,0,0,1056,0
0,0,0,555,0
1,0,0,337,1
111,10,0,32727,0
1,0,0,372,1
1,0,0,179,1
1,0,0,238,1
0,0,0,654,0
3,0,0,2264,0
0,0,0,231,1
0,0,0,1184,0
1,0,0,175,1
1,0,0,899,0
0,0,0,604,0
0,0,0,1075,0
3,0,0,1163,0
2,0,0,4280,0
4,2,0,2735,0
0,0,0,716,0
1,0,0,208,1
0,0,0,1496,0
0,0,0,405,0
2,0,0,835,0
2,0,0,1032,0
0,2,0,2168,0
1,4,0,3572,0
0,0,0,1441,0
1,0,0,141,1
0,2,0,2394,0
2,1,0,904,0
9,2,0,2720,0
1,0,0,915,0
0,0,0,489,0
2,1,0,678,0
1,0,0,97,1
0,0,0,575,0
1,0,0,166,1
1,0,0,771,0
6,1,0,7624,0
8,1,0,8617,0
2,0,0,756,0
2,1,0,43669,0
0,0,0,1367,0
0,0,0,431,0
1,0,0,298,1
1,0,0,937,0
0,0,0,1225,0
3,0,0,415,0
1,0,0,234,1
0,0,0,839,0
2,0,0,1832,0
0,0,0,728,0
2,2,0,1558,0
0,0,0,3625,0
0,0,0,750,0
1,0,0,76,1
2,0,0,2067,0
0,0,0,1001,0
0,0,0,1774,0
0,0,0,1048,0
0,0,0,624,0
0,0,0,1226,0
4,3,0,1766,0
3,1,0,1905,0
5,1,0,6496,0
4,2,0,1377,0
1,0,0,349,1
3,2,0,804,0
0,0,0,975,0
22,4,0,6006,0
0,0,0,2255,0
3,0,0,1564,0
1,0,0,328,1
0,0,0,325,0
3,0,0,1013,0
1,0,0,315,1
3,0,0,1224,0
1,0,0,578,0
1,0,0,580,0
1,3,0,4453,0
2,0,0,722,0
1,0,0,321,1
1,1,0,310,1
1,0,0,284,1
1,0,0,296,1
2,0,0,1083,0
1,0,0,315,1
0,2,0,1807,0
0,0,0,694,0
9,2,0,2720,0
0,0,0,1273,0
0,7,0,3729,0
2,0,0,1682,0
0,0,0,838,0
1,0,0,177,1
13,0,0,5856,0
1,0,0,1381,0
0,0,0,736,0
5,3,0,11246,0
1,0,0,469,1
9,3,0,14970,0
0,0,0,858,1
64,5,0,13563,0
6,12,1,2647,0
15,1,0,7011,0
3,0,0,1585,0
13,4,0,4781,0
3,0,0,796,0
1,0,0,420,1
0,0,0,624,0
1,0,0,316,1
1,0,0,5730,0
2,0,0,772,0
3,5,0,5436,0
3,0,0,2414,0
1,0,0,99,1
1,0,0,88,1
1,0,0,140,1
2,0,0,7488,0
0,1,0,316,1
0,0,0,1928,0
0,0,0,253,1
1,0,0,222,0
0,0,0,1415,0
2,0,0,1725,0
1,0,0,70,1
0,0,0,1543,0
1,0,0,127,1
2,0,0,1333,0
0,0,0,1505,0
1,0,0,101,1
2,0,0,673,0
1,0,0,73,1
3,0,0,581,0
3,0,0,2698,0
1,0,0,255,0
3,0,0,1631,0
4,0,0,2331,0
2,0,0,1408,0
0,4,0,6271,0
9,6,0,4062,0
0,0,0,582,0
1,0,0,750,0
0,0,0,642,0
1,0,0,6443,0
2,0,0,1670,0
1,0,0,2329,0
2,0,0,1670,0
132,15,0,19091,0
1,0,0,1291,0
1,0,0,541,0
0,0,0,541,0
1,0,0,92,1
0,0,0,133,1
4,0,0,8310,0
0,1,0,551,0
1,1,0,1753,0
0,1,0,941,0
2,0,0,1407,0
0,0,0,356,0
1,0,0,532,0
1,0,0,1560,0
1,0,0,166,1
0,0,0,354,1
0,13,0,7149,0
22,1,0,5113,0
0,1,0,807,0
2,0,0,730,0
3,0,0,5146,0
3,0,0,555,0
1,0,0,167,1
0,0,0,1354,0
3,0,0,1848,0
0,0,0,91,1
1,0,0,306,1
7,0,0,2286,0
3,5,0,1321,0
3,0,0,1369,0
50,2,0,7624,0
5,2,0,1657,0
1,0,0,1989,0
4,3,0,2466,0
1,0,0,99,1
7,1,0,3988,0
0,1,0,830,1
1,2,0,984,0
2,0,0,1691,0
2,0,0,968,0
2,0,0,794,0
1,2,0,10731,0
0,0,0,1618,0
1,0,0,570,0
0,3,0,4167,0
0,1,0,1583,0
1,1,0,1227,0
0,0,0,90,0
1,1,0,1611,0
77,7,0,22335,0
1,0,0,149,1
1,0,0,175,1
2,0,0,2495,0
0,0,0,108,1
1,0,0,954,0
1,0,0,781,0
2,0,0,625,0
0,0,0,1635,0
1,0,0,111,1
1,0,0,136,1
2,0,0,1146,0
1,0,0,128,1
0,1,0,3350,0
0,0,0,878,0
1,0,0,2369,0
7,0,0,1681,0
1,0,0,728,0
3,0,0,2352,0
2,7,0,2307,0
0,7,0,3686,0
20,1,0,3913,0
1,0,0,174,1
4,3,0,2818,0
1,0,0,1223,0
0,0,0,456,0
0,0,0,268,0
0,0,0,848,0
0,0,0,710,0
0,0,0,343,0
1,0,0,173,1
2,0,0,2016,0
1,0,0,312,1
1,0,0,571,0
0,0,0,841,0
1,2,0,876,0
0,0,0,1386,0
1,0,0,2709,0
0,3,0,4337,0
2,1,0,1579,0
1,0,0,315,1
1,1,0,1530,0
1,0,0,307,1
0,0,0,3094,0
5,0,0,817,0
1,0,0,737,0
1,1,0,2557,0
3,0,0,677,0
1,0,0,607,0
0,0,0,628,0
2,0,0,2925,0
20,1,0,6111,0
0,0,0,1471,0
0,0,0,348,0
7,0,0,2458,0
1,0,0,78,1
5,0,0,1966,0
1,0,0,248,0
21,2,0,15427,0
1,0,0,73,1
1,0,0,95,1
2,0,0,1267,0
0,0,0,1159,0
0,0,0,867,0
2,1,0,2414,0
2,0,0,1038,0
68,12,0,10645,0
1,0,0,324,1
0,0,0,1843,0
1,2,0,2866,0
0,0,0,57,0
2,0,0,807,0
2,0,0,3137,0
1,2,0,2548,0
2,1,0,911,0
1,0,0,886,0
0,0,0,402,1
1,0,0,150,1
0,0,0,1003,0
2,1,0,2016,0
1,2,0,3167,0
0,2,0,2243,0
1,0,0,324,1
0,0,0,91,1
0,0,0,2701,0
0,0,0,112,1
0,0,0,133,0
0,0,0,2826,0
0,1,0,646,0
1,0,0,402,0
2,0,0,1028,0
0,0,0,1344,0
2,0,0,1408,0
4,0,0,2003,0
1,0,0,178,1
1,0,0,2627,0
0,0,0,493,0
0,0,0,820,0
2,2,0,748,0
5,0,0,1007,0
2,0,0,1419,0
0,0,0,1309,0
2,0,0,1519,0
0,0,0,1344,0
4,0,0,2381,0
6,0,0,5356,0
0,0,0,329,0
3,0,0,3102,0
1,0,0,67,1
4,0,0,2719,0
0,3,0,2308,0
2,0,0,827,0
1,4,0,3615,0
6,1,0,8632,0
2,0,0,739,0
4,2,0,6373,0
1,0,0,559,1
0,0,0,1796,0
1,0,0,545,0
1,0,0,1159,0
0,4,0,1066,0
79,18,0,23628,0
4,0,0,1214,0
3,1,0,1313,0
1,0,0,1002,0
2,0,0,140,1
0,0,0,1139,0
1,14,0,4938,0
0,5,0,8362,0
0,0,0,3662,0
1,0,0,2495,0
1,0,0,403,1
2,1,0,177,1
1,0,0,307,1
10,4,0,1849,0
0,0,0,838,1
0,5,0,1984,0
0,0,0,616,0
0,0,0,1177,0
4,0,0,1409,0
5,5,0,2679,0
1,0,0,196,1
1,0,0,71,1
1,0,0,435,1
2,1,0,1218,0
1,0,0,290,1
0,4,0,1106,0
0,0,0,110,1
1,0,0,881,0
0,0,0,112,1
2,0,0,875,0
6,3,0,1790,0
0,0,0,2825,0
6,0,0,4480,0
0,7,0,397,0
0,0,0,609,0
4,0,0,1493,0
1,0,0,1878,0
1,0,0,168,1
1,0,0,175,1
0,7,0,798,0
0,0,0,448,0
2,1,0,430,0
2,0,0,1029,0
3,8,0,1084,0
3,3,0,1322,0
2,0,0,1869,0
3,2,0,1282,0
1,0,0,264,1
1,0,0,251,1
1,0,0,294,1
1,0,0,938,0
1,0,0,282,1
1,0,0,292,1
1,0,0,1446,0
1,0,0,278,1
1,0,0,96,1
0,0,0,159,1
3,7,0,1529,0
0,1,0,820,0
1,0,0,633,0
0,0,0,201,0
0,0,0,500,0
1,0,0,228,1
3,0,0,1496,0
1,0,0,1586,1
0,0,0,109,1
0,0,0,262,1
2,0,0,893,0
1,0,0,318,1
1,4,0,468,0
1,0,0,1385,0
2,0,0,1297,0
0,1,0,1495,0
1,1,0,279,1
0,0,0,110,1
1,0,0,3125,0
1,0,0,113,1
4,0,0,2572,0
0,0,0,261,1
1,0,0,86,1
1,0,0,7014,0
2,0,0,976,0
1,0,0,2374,0
0,0,0,1819,0
0,0,0,726,0
1,0,0,168,1
1,0,0,260,1
6,0,0,1545,0
1,0,0,140,1
1,0,0,113,1
1,0,0,175,1
14,0,0,2935,0
1,3,0,800,0
18,2,0,6784,0
3,0,0,514,0
0,2,0,5588,0
0,0,0,185,1
1,0,0,162,1
0,0,0,199,1
1,0,0,354,1
0,0,0,745,0
1,0,0,305,1
1,0,0,171,1
0,2,0,4980,0
2,0,0,1304,0
2,0,0,1265,0
0,0,0,334,0
2,0,0,1171,0
0,0,0,124,1
0,2,0,5201,0
4,0,0,872,0
6,0,0,1841,0
0,0,0,777,0
4,0,0,526,0
0,0,0,967,0
1,0,0,166,1
1,1,0,5925,0
3,0,0,3995,0
0,0,0,431,0
7,0,0,2788,0
3,0,0,1582,0
3,0,0,687,0
0,0,0,730,0
4,0,0,1821,0
1,0,0,478,1
1,0,0,235,1
1,0,0,1191,0
0,0,0,444,0
0,0,0,617,0
0,0,0,2261,0
1,1,0,788,0
2,0,0,1301,0
2,0,0,1475,0
5,0,0,2538,0
0,0,0,499,0
0,12,0,22719,0
3,4,0,2183,0
5,0,0,4735,0
1,0,0,166,1
2,6,0,15312,0
5,1,0,5683,0
1,0,0,81,1
5,10,0,29465,0
0,0,0,619,0
2,0,0,1246,0
1,0,0,549,0
0,6,0,2717,0
1,2,0,1275,0
0,0,0,1345,0
1,0,0,64,1
8,0,0,1637,0
1,2,0,285,0
0,0,0,603,0
4,1,0,6187,0
0,0,0,60,0
2,0,0,1206,0
3,0,0,770,0
0,0,0,293,0
0,0,0,92,1
1,1,0,2745,0
0,0,0,185,1
1,0,0,227,1
1,0,0,187,1
1,0,0,525,1
1,0,0,1525,0
1,0,0,633,0
1,0,0,4074,0
4,0,0,893,0
0,0,0,664,0
2,0,0,633,0
2,0,0,2762,0
0,0,0,1128,0
2,0,0,601,0
1,0,0,225,1
0,0,0,748,0
1,0,0,989,0
2,0,0,301,0
1,0,0,146,1
0,0,0,864,0
2,0,0,1913,0
1,0,0,358,1
2,0,0,1392,0
2,0,0,866,0
0,0,0,186,1
3,0,0,907,0
4,0,0,1452,0
4,0,0,2212,0
3,0,0,1063,0
0,1,0,1580,0
3,7,0,2404,0
2,0,0,1023,0
1,0,0,74,1
2,0,0,724,0
3,0,0,3463,0
6,0,0,3368,0
12,2,0,2724,0
0,0,0,2037,1
1,1,0,3420,0
1,0,0,169,1
2,0,0,534,0
1,0,0,128,1
5,2,0,1946,0
2,0,0,553,0
4,1,0,1737,0
7,5,0,4811,0
2,1,0,4530,0
0,0,0,219,1
0,0,0,634,1
1,0,0,91,0
0,1,0,458,0
1,0,0,97,1
1,0,0,183,1
0,0,0,279,0
2,0,0,2534,0
1,0,0,810,0
1,0,0,1198,0
0,0,0,642,0
0,0,0,4040,0
0,5,0,716,0
0,5,0,2495,0
0,0,0,649,1
2,2,0,3033,0
1,0,0,173,1
1,0,0,596,1
4,0,0,1815,0
1,0,0,3942,0
1,0,0,2147,0
0,0,0,1046,0
3,0,0,1253,0
0,0,0,1950,0
1,1,0,246,1
2,0,0,215,0
2,1,0,867,0
0,0,0,605,1
3,0,0,806,0
3,1,0,4213,0
3,0,0,6226,0
127,131,0,29796,0
0,0,0,368,0
0,0,0,711,0
0,0,0,802,1
1,0,0,788,0
0,0,0,184,1
2,0,0,1078,0
0,0,0,216,1
1,0,0,256,0
37,2,0,10723,0
2,2,0,2867,0
2,0,0,841,0
0,0,0,931,0
1,0,0,179,1
0,0,0,71,0
0,1,0,53,0
0,1,0,1008,0
0,0,0,189,0
1,0,0,911,0
3,0,0,403,0
0,0,0,440,1
1,3,0,1788,0
3,0,0,1091,0
1,0,0,787,0
0,2,0,1713,0
0,0,0,1550,0
1,0,0,449,0
5,0,0,1718,0
2,0,0,2085,0
4,0,0,437,0
0,0,0,138,1
0,0,0,820,0
1,0,0,322,1
1,0,0,257,1
5,0,0,1435,0
1,0,0,60,1
0,0,0,188,0
2,0,0,2740,0
0,3,0,869,0
0,2,0,719,0
1,0,0,1595,0
0,0,0,338,1
1,0,0,100,1
0,0,0,219,0
0,0,0,839,0
1,0,0,175,1
4,0,0,1894,0
2,0,0,1879,0
1,0,0,3387,0
1,0,0,890,0
3,0,0,5563,0
2,0,0,677,0
0,0,0,184,0
1,0,0,2115,0
0,0,0,221,1
1,0,0,1412,0
1,0,0,48,1
0,0,0,322,1
1,0,0,205,0
1,0,0,1437,0
1,0,0,1158,0
1,0,0,218,0
1,0,0,1187,0
24,1,0,3878,1
3,0,0,867,0
3,1,0,1939,0
0,0,0,737,0
1,0,0,221,1
1,0,0,1124,0
1,0,0,134,1
1,0,0,1524,0
4,0,0,3253,0
1,0,0,935,0
2,2,0,6046,0
1,3,0,2229,0
1,0,0,179,1
2,0,0,1004,0
1,0,0,62,1
1,1,0,1466,0
1,1,0,2020,0
1,2,0,2888,0
1,0,0,1061,0
0,0,0,989,0
0,0,0,183,1
1,0,0,859,1
4,0,0,725,0
1,0,0,158,1
1,0,0,2290,0
1,0,0,94,1
1,0,0,170,1
1,0,0,1474,0
3,0,0,1230,0
4,3,0,3046,0
3,0,0,1401,0
3,2,0,1745,0
1,0,0,411,1
2,0,0,970,0
0,0,0,109,1
2,2,0,2435,0
1,1,0,1154,0
1,0,0,119,1
2,0,0,693,0
0,0,0,789,0
2,0,0,1930,0
0,0,0,568,0
1,0,0,136,1
1,0,0,661,0
2,0,0,1293,0
0,9,0,3829,0
1,1,0,855,0
0,0,0,1409,0
0,0,0,584,0
0,0,0,429,0
5,0,0,3473,0
2,0,0,3097,0
1,0,0,1678,0
2,1,0,1245,0
2,0,0,823,0
1,0,0,1386,0
1,0,0,166,1
1,0,0,719,0
2,0,0,7060,0
1,0,0,1229,0
2,0,0,722,0
1,0,0,192,0
1,0,0,93,1
1,0,0,185,1
1,0,0,102,1
2,0,0,446,0
0,0,0,153,0
2,0,0,2442,0
4,2,0,2242,0
0,0,0,768,0
0,0,0,629,0
1,0,0,111,1
1,0,0,715,0
1,0,0,175,1
1,0,0,165,1
0,0,0,1959,0
1,0,0,75,1
7,2,0,1467,0
1,4,0,2001,0
2,0,0,485,0
2,1,0,3353,0
0,0,0,1244,0
4,0,0,1639,0
2,0,0,902,0
2,0,0,1671,0
3,0,0,2747,0
0,0,0,2395,0
1,0,0,77,1
1,15,1,4585,0
0,0,0,186,1
1,0,0,111,1
0,0,0,3021,0
0,0,0,5033,1
1,0,0,881,0
1,0,0,550,0
3,0,0,844,0
0,1,0,740,0
6,0,0,1778,0
1,0,0,89,1
2,0,0,7231,0
0,16,0,3612,0
0,1,0,5576,1
0,0,0,2939,1
1,0,0,692,0
1,0,0,78,1
0,0,0,3347,0
2,0,0,1180,0
1,0,0,1360,0
1,2,0,846,0
0,0,0,2472,0
0,0,0,806,0
2,0,0,1292,0
0,0,0,4397,1
2,0,0,660,0
4,2,0,2636,0
0,0,0,651,1
1,0,0,138,1
4,3,0,2219,0
2,0,0,1614,0
0,0,0,934,0
0,1,0,1777,0
0,0,0,461,0
1,0,0,167,1
1,5,0,2531,0
2,6,0,3639,0
0,0,0,3857,0
4,0,0,1262,0
0,0,0,666,0
1,0,0,277,0
1,0,0,3219,0
1,0,0,110,1
1,0,0,592,1
2,1,0,822,0
0,0,0,184,1
0,0,0,366,0
0,0,0,6961,0
0,0,0,6961,0
4,2,0,2684,0
0,0,0,512,0
1,0,0,2120,0
1,14,0,5265,0
1,0,0,4316,0
0,1,0,984,0
1,0,0,91,1
1,0,0,618,0
0,9,0,4272,0
3,0,0,1289,0
3,0,0,884,0
3,0,0,798,0
4,3,0,3956,0
0,0,0,375,1
1,0,0,5478,0
0,0,0,855,0
1,0,0,332,0
1,0,0,241,1
0,4,0,828,0
0,1,0,901,0
2,0,0,680,0
2,0,0,872,0
1,1,0,226,1
0,1,0,1135,0
27,0,0,9904,0
0,2,0,1778,0
1,0,0,613,1
0,0,0,994,0
3,0,0,875,0
1,1,0,549,0
0,0,0,11998,0
18,3,0,6847,0
0,0,0,56,0
2,0,0,827,0
6,2,0,2577,0
1,0,0,173,1
1,0,0,296,1
0,0,0,236,1
0,4,0,1049,0
1,0,0,178,1
0,0,0,693,0
0,2,0,1008,0
5,2,0,3794,0
0,0,0,1189,0
4,0,0,4472,0
2,0,0,4084,0
0,0,0,843,1
1,0,0,995,0
1,0,0,352,1
1,0,0,478,1
0,0,0,185,1
78,6,0,28934,0
5,0,0,5013,0
7,0,0,4677,0
1,0,0,6546,0
2,0,0,1721,0
1,2,0,4471,0
0,0,0,1427,0
1,0,0,476,1
0,1,0,2252,1
3,0,0,1056,0
1,0,0,68,1
0,0,0,816,0
2,1,0,1872,0
1,0,0,7432,0
3,0,0,3989,0
2,0,0,1780,0
0,0,0,125,0
1,0,0,112,1
1,0,0,154,1
1,0,0,2478,0
1,0,0,174,1
0,1,0,108,1
1,0,0,53,1
0,0,0,442,0
1,0,0,308,1
1,0,0,710,0
1,0,0,129,1
0,0,0,3410,1
1,0,0,172,1
0,0,0,567,0
0,0,0,2265,0
0,0,0,895,0
3,0,0,2005,0
1,0,0,266,0
2,0,0,577,0
1,0,0,148,1
0,0,0,1459,0
4,2,0,2264,0
0,0,0,757,0
0,0,0,67,0
3,0,0,787,0
18,5,0,7580,0
0,0,0,761,0
5,0,0,2584,0
0,0,0,3631,1
2,0,0,3452,0
0,0,0,2220,1
4,0,0,3894,0
0,0,0,3157,1
2,0,0,1594,0
1,0,0,1230,0
1,0,0,147,1
0,0,0,620,0
3,0,0,1122,0
3,0,0,1163,0
0,5,0,911,0
2,7,0,14486,0
1,0,0,2005,0
1,0,0,1447,0
1,0,0,102,1
1,0,0,459,0
1,0,0,55,1
0,0,0,4550,1
0,0,0,597,1
0,0,0,92,1
2,0,0,916,0
1,0,0,494,0
0,0,0,4180,1
3,3,0,7649,0
0,0,0,1577,0
0,1,0,1279,0
0,0,0,1335,0
1,0,0,146,1
0,0,0,966,0
0,1,0,4853,1
0,1,0,112,1
0,1,0,2309,1
2,0,0,1043,0
0,0,0,2511,1
0,1,0,3391,1
3,0,0,848,0
0,0,0,3677,1
4,0,0,1721,0
0,0,0,263,1
0,0,0,2732,1
0,1,0,4117,1
1,0,0,266,1
1,0,0,92,1
15,3,0,7225,0
1,0,0,539,0
0,0,0,1329,0
3,3,0,1662,0
14,1,0,5117,0
1,0,0,159,1
1,0,0,442,1
1,0,0,128,1
0,1,0,942,0
3,0,0,1257,0
0,2,0,6645,0
0,0,0,370,0
0,0,0,287,1
0,0,0,470,0
0,0,0,103,0
2,1,0,1623,0
3,0,0,2488,0
1,0,0,168,1
1,0,0,180,1
1,0,0,271,0
1,0,0,4776,0
1,0,0,644,1
7,0,0,15828,0
0,0,0,2191,1
1,0,0,87,1
2,0,0,974,0
0,1,0,218,0
4,1,0,13232,0
0,2,0,295,0
0,0,0,349,0
0,0,0,146,0
0,0,0,474,0
0,0,0,206,0
1,0,0,391,0
0,0,0,3852,1
1,0,0,1220,0
0,2,0,4018,1
1,0,0,117,1
1,0,0,1391,0
1,0,0,178,1
5,0,0,7426,0
1,0,0,448,1
3,0,0,1029,0
0,0,0,345,0
1,0,0,160,1
0,0,0,7326,0
1,0,0,1294,0
1,0,0,312,1
0,0,0,141,1
1,0,0,82,1
1,0,0,129,1
1,1,0,3510,0
1,0,0,641,0
2,0,0,741,0
1,0,0,303,0
1,2,0,505,0
1,0,0,262,1
0,0,0,454,0
1,0,0,1507,0
8,2,0,3478,0
1,0,0,226,1
0,0,0,1660,0
0,1,1,112,1
1,0,0,160,1
2,0,0,694,0
1,0,0,179,1
0,0,0,888,0
0,1,0,3785,1
0,0,0,341,0
3,0,0,896,0
1,0,0,3049,0
0,0,0,1729,0
3,0,0,912,0
1,0,0,173,1
1,0,0,174,1
1,0,0,475,1
1,0,0,1640,0
0,1,0,3445,0
0,4,0,875,0
0,0,0,89,1
1,0,0,190,1
0,2,0,4319,0
0,1,0,3481,0
0,0,0,402,0
3,0,0,746,0
0,0,0,3922,1
1,0,0,75,1
0,0,0,92,1
0,0,0,860,0
4,12,0,26279,0
6,1,0,4141,0
0,99,0,10642,0
0,0,0,283,0
2,0,0,1525,0
0,0,0,1068,0
2,0,0,1571,0
7,4,0,1785,0
1,0,0,611,1
0,0,0,844,1
0,0,0,1982,0
3,5,0,1493,0
1,0,0,284,0
51,10,0,27581,0
6,0,0,708,0
3,0,0,1224,0
1,0,0,560,0
4,0,0,999,0
4,0,0,1923,0
1,0,0,343,1
1,5,0,7765,0
0,7,0,3597,0
1,1,0,162,1
1,0,0,665,0
1,0,0,172,1
0,2,0,908,0
1,0,0,302,1
2,0,0,3010,0
4,0,0,2099,0
2,0,0,528,0
19,7,0,65049,0
0,0,0,930,0
0,0,0,1914,1
3,0,0,553,0
3,0,0,1030,0
3,2,0,1104,0
1,0,0,7273,0
2,0,0,1148,0
0,0,0,259,0
0,1,0,164,0
2,0,0,594,0
1,3,0,1525,0
2,0,0,2355,0
0,0,0,51,0
3,0,0,878,0
0,0,0,1625,0
4,0,0,2508,0
1,7,0,1218,0
1,0,0,77,1
1,2,0,1928,0
0,0,0,119,0
2,1,0,1512,0
2,0,0,363,0
2,0,0,741,0
0,0,0,514,0
0,1,0,1206,0
1,0,0,232,1
1,2,0,1087,0
7,0,0,3116,0
16,10,0,6043,0
26,6,0,5620,0
0,0,0,748,0
1,0,0,162,1
6,1,0,853,0
1,0,0,167,1
0,0,0,319,1
15,3,0,4751,0
0,0,0,80,0
1,0,0,166,1
1,0,0,248,1
1,0,0,218,1
0,0,0,761,0
1,0,0,225,1
1,1,0,1693,0
3,1,0,4472,0
0,0,0,711,0
1,0,0,381,1
4,4,0,19415,0
1,0,0,181,1
1,0,0,455,1
1,0,0,420,1
0,0,0,318,0
0,0,0,319,1
1,0,0,184,1
1,2,0,1071,0
3,8,0,9651,0
7,8,0,22148,0
3,0,0,579,0
11,1,0,8652,0
1,2,0,1073,0
3,0,0,317,0
1,2,0,1071,0
1,0,0,145,1
1,0,0,167,1
1,0,0,160,1
0,0,0,1197,0
1,1,0,362,1
0,0,0,2580,0
1,0,0,136,1
1,0,0,234,1
2,0,0,364,1
2,0,0,305,1
1,2,0,1814,0
1,0,0,191,1
1,0,0,153,1
0,0,0,169,1
0,1,0,1564,0
1,0,0,280,1
1,0,0,188,1
1,0,0,144,1
3,0,0,1944,0
1,0,0,218,1
1,1,0,417,1
1,0,0,785,0
1,0,0,165,1
0,0,0,5471,0
1,0,0,145,1
1,0,0,645,1
1,0,0,200,1
1,0,0,178,1
0,0,0,1317,0
2,0,0,204,1
1,0,0,347,0
2,0,0,346,0
0,0,0,371,0
0,0,0,92,1
0,0,0,1522,0
1,0,0,745,0
3,0,0,2627,0
0,0,0,167,0
0,3,0,2637,0
0,1,0,3085,0
0,1,0,4244,0
0,0,0,91,1
0,0,0,276,0
0,0,0,5108,0
0,0,0,168,1
7,0,0,3763,0
1,0,0,174,1
0,0,0,58,1
1,0,0,455,1
1,0,0,194,1
0,0,0,29,1
0,1,0,516,0
1,0,0,173,1
0,0,0,351,0
12,14,0,5313,0
1,0,0,311,1
1,0,0,2335,0
0,0,0,264,1
1,0,0,160,1
1,0,0,181,1
0,0,0,5585,0
1,0,0,89,1
1,0,0,722,0
2,0,0,598,0
1,0,0,199,1
0,0,0,74,0
3,6,0,1226,0
3,3,0,1626,0
62,2,0,13076,0
0,0,0,388,0
0,0,0,1935,0
0,0,0,91,1
10,3,0,4618,0
0,0,0,95,1
1,0,0,152,1
1,0,0,219,1
1,1,0,4673,0
1,0,0,485,1
1,1,0,5316,0
1,0,0,751,0
1,0,0,231,1
1,0,0,195,1
1,0,0,383,1
0,4,0,885,0
5,9,0,15684,0
1,0,0,273,1
2,0,0,1086,0
1,0,0,176,1
1,0,0,205,1
5,0,0,826,0
2,0,0,551,0
5,0,0,1065,0
0,0,0,2365,0
2,0,0,823,0
0,0,0,984,0
3,0,0,1224,0
0,11,0,3360,0
1,0,0,243,1
2,0,0,985,0
0,0,0,188,0
3,0,0,2053,0
0,0,0,184,0
4,0,0,2356,0
3,0,0,2066,0
1,0,0,582,0
1,0,0,173,1
2,0,0,1771,0
1,0,0,1482,0
0,0,0,462,1
1,0,0,673,1
21,12,0,7212,0
5,0,0,1022,0
1,0,0,298,1
3,1,0,738,0
0,0,0,364,0
1,0,0,876,0
0,0,0,90,1
2,1,0,823,0
1,0,0,99,1
1,1,0,1344,0
1,0,0,485,1
4,4,0,9237,0
1,0,0,336,1
1,0,0,204,0
4,1,0,1384,0
1,0,0,160,1
0,1,0,428,0
24,13,0,6772,0
1,0,0,190,1
2,0,0,373,0
4,0,0,449,0
1,0,0,714,0
8,0,0,1303,0
0,0,0,781,0
1,0,0,794,0
3,0,0,532,0
1,0,0,180,1
2,0,0,807,0
1,0,0,1046,0
1,1,0,629,1
1,0,0,924,0
1,0,0,2675,0
2,3,0,1145,0
1,0,0,1260,0
4,0,0,4762,0
0,0,0,2142,0
1,0,0,1219,0
1,0,0,546,0
1,0,0,130,1
1,0,0,1239,0
0,0,0,63,1
0,0,0,89,1
1,0,0,169,1
0,0,0,2880,0
1,1,0,1853,0
1,4,0,1337,0
10,0,0,5694,0
1,2,0,285,0
4,0,0,1592,0
0,0,0,682,0
1,0,0,282,1
0,0,0,1348,0
0,0,0,92,1
1,1,0,2159,0
3,0,0,1301,0
0,0,0,132,0
2,0,0,364,0
0,0,0,664,0
0,3,0,1302,0
2,0,0,1281,0
24,6,0,31773,0
0,0,0,1034,0
1,0,0,164,1
0,0,0,174,1
0,0,0,558,0
0,1,0,1216,0
1,0,0,385,1
3,0,0,1651,0
2,0,0,1435,0
1,0,0,146,1
0,1,0,363,0
3,2,0,846,0
3,0,0,701,0
0,0,0,768,0
0,0,0,92,1
0,0,0,401,0
1,0,0,319,1
0,1,0,1350,0
3,0,0,1221,0
0,0,0,2528,0
3,1,0,3564,0
2,2,0,472,0
2,0,0,993,0
3,0,0,494,0
1,0,0,263,1
1,0,0,264,1
4,0,0,995,0
1,0,0,280,1
1,0,0,309,1
1,1,0,1237,0
1,0,0,665,1
1,0,0,390,1
0,0,0,150,1
1,2,0,1603,0
0,0,0,140,1
1,0,0,243,1
1,0,0,233,1
0,1,0,1300,0
1,0,0,154,1
0,3,0,2172,0
1,2,0,3301,0
1,0,0,261,1
0,0,0,645,0
1,0,0,104,1
1,0,0,233,1
2,0,0,1147,0
1,0,0,237,1
1,0,0,250,1
2,0,0,676,0
1,0,0,194,1
1,0,0,617,1
1,0,0,253,1
0,0,0,1060,0
1,1,0,407,1
1,0,0,272,1
1,0,0,237,1
1,1,0,224,1
2,0,0,1071,0
1,0,0,171,1
1,0,0,214,1
188,17,0,46843,0
1,0,0,1267,0
1,0,0,138,1
1,0,0,181,1
1,0,0,187,1
1,0,0,172,1
0,0,0,1208,0
1,0,0,180,1
1,0,0,172,1
1,0,0,229,1
0,0,0,650,0
1,0,0,376,1
0,0,0,292,0
1,0,0,368,1
1,0,0,191,1
0,0,0,488,0
1,0,0,279,1
1,0,0,310,1
1,0,0,273,1
1,0,0,229,1
1,0,0,135,1
3,0,0,1907,0
1,0,0,50,1
1,0,0,185,1
2,0,0,811,0
1,0,0,50,1
1,0,0,307,1
1,0,0,386,1
1,0,0,50,1
1,0,0,195,1
1,0,0,135,1
1,0,0,404,1
1,0,0,308,1
1,1,0,155,1
5,1,0,1906,0
1,0,0,165,1
1,0,0,365,1
1,0,0,859,0
1,0,0,202,1
1,0,0,171,1
5,1,0,3730,0
1,0,0,2012,0
5,1,0,1901,0
1,0,0,744,0
2,0,0,1463,0
0,0,0,1903,0
0,0,0,644,0
1,0,0,291,1
1,0,0,199,1
1,0,0,226,1
1,0,0,169,1
4,0,0,5034,0
1,0,0,83,1
1,2,0,2941,0
1,0,0,209,1
1,1,0,368,1
1,0,0,344,1
1,0,0,261,1
1,1,0,221,1
3,0,0,1016,0
1,0,0,182,1
1,0,0,277,0
1,0,0,574,1
2,0,0,1158,0
1,0,0,442,1
1,0,0,185,1
1,0,0,176,1
32,8,0,6467,0
1,0,0,265,1
1,0,0,180,1
0,0,0,187,0
1,0,0,183,1
1,0,0,130,1
1,0,0,337,1
1,0,0,364,1
1,0,0,171,1
0,0,0,535,0
1,2,0,200,1
0,1,0,791,0
1,1,0,415,1
1,0,0,191,1
1,0,0,208,1
1,0,0,189,1
3,1,0,2210,0
4,3,0,2548,0
1,0,0,156,1
1,0,0,337,1
1,0,0,196,1
0,0,0,183,0
1,1,0,195,1
1,0,0,544,1
1,0,0,202,1
1,0,0,200,1
1,0,0,221,1
1,0,0,133,1
0,0,0,1177,0
1,0,0,171,1
1,0,0,244,1
2,0,0,2045,0
1,0,0,719,0
1,0,0,387,1
1,0,0,496,1
1,0,0,411,1
0,0,0,1436,0
0,0,0,1703,0
0,0,0,828,0
1,0,0,461,1
0,0,0,882,0
0,1,0,114,1
2,0,0,558,0
0,0,0,423,0
0,0,0,1710,0
1,0,0,150,1
0,0,0,1856,0
4,5,0,1618,0
0,0,0,1047,0
1,0,0,180,1
2,0,0,1891,0
1,1,0,159,1
0,0,0,462,0
0,1,0,115,1
2,1,0,1023,0
1,0,0,169,1
1,0,0,179,1
0,1,0,1725,0
0,0,0,685,0
0,2,0,3268,0
1,0,0,540,0
1,0,0,179,1
1,1,0,1617,0
1,0,0,161,1
1,0,0,172,1
1,0,0,154,1
1,0,0,97,1
1,0,0,167,1
0,0,0,1060,0
1,1,0,2509,0
1,0,0,165,1
1,0,0,173,1
1,0,0,171,1
1,0,0,65,1
0,0,0,772,1
0,0,0,1583,0
2,1,0,817,0
24,1,0,3878,1
2,7,0,565,0
0,0,0,500,0
0,0,0,61,1
0,0,0,863,1
1,15,0,4207,0
1,0,0,2358,0
1,0,0,225,1
1,0,0,72,1
0,1,0,1816,0
3,0,0,929,0
3,0,0,1423,0
1,0,0,988,0
1,0,0,568,0
2,0,0,1125,0
1,0,0,554,0
1,0,0,174,1
0,0,0,186,1
19,2,0,3754,0
3,0,0,1980,0
0,0,0,1553,0
0,0,0,401,0
0,0,0,2009,0
3,0,0,2205,0
4,5,0,1518,0
0,0,0,304,0
4,5,0,1518,0
0,0,0,829,1
4,0,0,640,0
1,0,0,720,0
2,0,0,2177,0
2,0,0,1102,0
1,0,0,325,1
1,0,0,2075,0
0,0,0,98,1
1,0,0,823,0
2,0,0,692,0
1,0,0,389,1
2,0,0,505,0
1,10,0,2407,0
1,1,0,2659,0
4,0,0,382,0
2,0,0,1192,0
0,1,0,384,0
0,0,0,177,0
4,0,0,1138,0
2,0,0,2277,0
1,0,0,114,1
1,0,0,392,1
0,0,0,617,0
2,0,0,862,0
4,0,0,257,0
0,0,0,4390,1
2,0,0,1208,0
2,0,0,982,0
0,1,0,533,0
0,0,0,512,0
1,0,0,1755,0
0,0,0,157,1
0,1,0,112,1
0,0,0,487,0
1,0,0,1007,0
2,2,0,5754,0
0,0,0,788,0
2,0,0,374,0
0,0,0,1659,0
0,0,0,404,0
0,0,0,555,0
5,5,0,1905,0
2,0,0,997,0
0,0,0,1832,0
0,0,0,164,0
4,0,0,894,0
2,0,0,976,0
0,0,0,188,0
0,1,0,906,0
3,0,0,2762,0
0,0,0,187,0
2,0,0,692,0
1,0,0,272,0
0,0,0,15204,0
4,0,0,815,0
1,0,0,461,1
0,0,0,551,0
4,0,0,1812,0
2,0,0,423,0
0,0,0,724,0
0,0,0,183,0
1,0,0,386,1
0,0,0,3137,0
1,0,0,288,1
3,0,0,7417,0
3,1,0,359,0
3,2,0,682,0
2,0,0,523,0
0,0,0,1769,0
0,0,0,355,0
0,1,0,110,1
1,0,0,563,0
0,1,0,250,0
3,0,0,1367,0
2,1,0,2406,0
2,0,0,944,0
0,0,0,1477,0
2,0,0,2163,0
0,0,0,141,0
4,0,0,1847,0
0,1,0,1786,0
0,0,0,732,0
2,0,0,784,0
4,0,0,1842,0
2,0,0,1565,0
3,0,0,697,0
3,0,0,1210,0
1,0,0,537,1
0,0,0,1176,0
1,0,0,101,1
0,0,0,1253,0
0,2,0,553,1
2,0,0,694,0
2,0,0,473,0
5,2,0,871,0
4,0,0,979,0
3,0,0,1315,0
1,0,0,170,1
5,0,0,1721,0
2,1,0,512,0
1,0,0,182,1
0,1,0,1255,0
0,1,0,279,1
4,0,0,974,0
1,3,0,1257,0
1,0,0,169,1
2,0,0,1040,0
1,0,0,386,1
3,0,0,724,0
0,0,0,358,0
0,0,0,3706,0
3,0,0,1061,0
2,0,0,780,0
1,0,0,297,0
1,0,0,75,0
0,1,0,109,1
2,2,0,955,0
2,0,0,790,0
0,0,0,1315,0
1,9,0,1942,0
0,1,0,110,1
3,0,0,1748,0
4,0,0,4508,0
0,0,0,1551,0
0,1,0,1576,0
3,1,0,491,0
0,0,0,719,0
0,0,0,15979,0
3,0,0,1743,0
0,0,0,305,0
0,0,0,1183,0
0,2,0,851,0
0,0,0,912,0
1,0,0,65,1
2,0,0,360,0
0,1,0,490,0
3,0,0,351,0
1,0,0,1152,0
1,1,0,1328,0
1,0,0,425,0
1,0,0,169,1
1,0,0,650,0
1,1,0,658,1
0,0,0,465,0
2,2,0,1791,0
0,2,0,565,1
0,2,0,591,1
0,0,0,1273,0
0,2,0,564,1
0,2,0,554,1
0,2,0,601,1
1,0,0,962,0
0,1,0,221,1
1,0,0,7455,0
0,2,0,571,1
1,0,0,182,1
0,2,0,561,1
1,0,0,956,0
4,0,0,457,0
3,2,0,2146,0
0,0,0,455,0
0,2,0,569,1
0,0,0,504,0
0,2,0,561,1
0,2,0,594,1
0,2,0,590,1
0,2,0,561,1
0,2,0,565,1
108,13,0,33881,0
0,0,0,257,1
0,2,0,582,1
3,2,0,2141,0
1,0,0,167,1
0,2,0,567,1
0,0,0,328,0
0,2,0,562,1
0,2,0,560,1
0,0,0,7325,0
1,0,1,170,1
0,0,0,338,0
0,2,0,568,1
0,2,0,583,1
0,2,0,563,1
0,0,0,775,1
0,2,0,569,1
9,12,0,8998,0
2,1,0,1726,0
2,0,0,379,0
0,0,0,345,0
1,3,0,317,0
0,0,0,1403,0
0,2,0,590,1
1,0,0,289,1
2,0,0,374,0
0,0,0,160,1
2,0,0,1833,0
0,3,0,595,1
0,2,0,557,1
0,2,0,557,1
0,2,0,554,1
1,0,0,651,0
0,2,0,567,1
0,2,0,567,1
0,2,0,567,1
5,0,0,1539,0
0,2,0,585,1
1,9,0,2055,0
0,1,0,319,1
0,2,0,604,1
6,3,0,1712,0
0,2,0,566,1
2,0,0,596,0
0,2,0,585,1
68,8,0,14633,0
1,1,0,10409,0
3,3,0,1218,0
3,0,0,549,0
0,2,0,562,1
2,2,0,2974,0
0,2,0,564,1
0,2,0,591,1
0,2,0,570,1
0,2,0,555,1
0,2,0,569,1
0,2,0,571,1
0,2,0,586,1
0,2,0,570,1
0,1,0,523,0
0,2,0,562,1
0,3,0,591,1
0,2,0,606,1
0,2,0,561,1
0,2,0,562,1
0,2,0,584,1
1,2,0,2257,0
0,2,0,562,1
0,2,0,561,1
3,0,0,544,0
0,2,0,563,1
1,1,0,869,0
0,0,0,235,1
0,2,0,566,1
2,0,0,1730,0
2,0,0,583,0
0,2,0,569,1
0,2,0,569,1
0,3,0,577,1
31,1,0,51739,0
0,2,0,572,1
0,0,0,1077,0
0,0,0,41,0
0,3,0,577,1
5,0,0,877,0
2,0,0,2170,0
3,0,0,868,0
0,2,0,594,1
2,0,0,471,0
0,0,0,605,0
0,2,0,580,1
0,2,0,576,1
1,0,0,516,1
1,0,0,161,0
1,0,0,60,1
0,2,0,585,1
0,2,0,567,1
0,0,0,703,0
2,0,0,466,0
0,2,0,570,1
3,0,0,1823,0
0,2,0,561,1
0,0,0,68,1
0,2,0,574,1
0,2,0,571,1
0,2,0,561,1
1,0,0,168,1
0,2,0,562,1
0,1,0,2106,0
0,2,0,590,1
0,2,0,590,1
0,0,0,1790,0
0,2,0,567,1
1,0,0,52,1
2,0,0,1104,0
0,2,0,584,1
0,2,0,575,1
0,0,0,2383,0
1,0,0,200,1
0,1,0,980,0
0,2,0,599,1
0,0,0,677,0
3,0,0,1828,0
2,1,0,2016,0
0,2,0,594,1
3,0,0,1839,0
3,0,0,2154,0
0,0,0,675,0
0,4,0,589,1
0,3,0,603,1
0,1,0,2259,0
0,0,0,334,0
0,0,0,51,0
1,0,0,563,0
1,12,0,2659,0
3,0,0,815,0
0,0,0,569,0
0,2,0,568,1
1,0,0,44,1
5,0,0,3013,0
1,0,0,53,1
4,0,0,3304,0
0,3,0,600,1
4,0,0,3309,0
0,0,0,848,1
1,0,0,170,1
2,0,0,771,0
1,0,0,168,1
0,2,0,1110,0
1,0,0,167,1
1,0,0,169,1
2,0,0,640,0
0,3,0,3394,0
2,0,0,1115,0
0,0,0,1257,0
0,0,0,739,0
0,4,0,2126,0
1,0,0,172,1
0,0,0,565,0
1,0,0,60,1
1,0,0,167,1
1,0,0,273,1
4,0,0,2211,0
0,0,0,435,1
2,1,0,477,0
0,2,0,587,1
1,0,0,64,1
1,0,0,579,0
4,0,0,2206,0
0,2,0,554,1
3,0,0,1576,0
0,2,0,592,1
1,0,0,305,0
0,2,0,561,1
3,0,0,1351,0
0,2,0,563,1
2,0,0,1010,0
0,0,0,560,0
0,0,0,82,1
5,1,0,5405,0
0,2,0,591,1
0,2,0,607,1
0,4,0,586,1
0,0,0,2147,0
0,2,0,567,1
0,2,0,593,1
1,0,0,914,0
0,0,0,1067,0
0,0,0,1175,0
0,2,0,587,1
1,0,0,1126,0
0,0,0,1552,0
0,0,0,563,0
0,2,0,587,1
0,2,0,586,1
0,2,0,563,1
0,2,0,561,1
0,0,0,751,0
0,2,0,567,1
0,2,0,566,1
0,2,0,564,1
2,0,0,1005,0
0,2,0,588,1
1,0,0,1284,0
0,2,0,2370,0
2,0,0,735,0
0,2,0,590,1
1,0,0,570,1
5,2,0,10112,0
1,0,0,1105,0
1,0,0,1923,0
0,2,0,562,1
3,0,0,885,0
0,2,0,571,1
1,0,0,231,1
1,0,0,62,1
0,0,0,982,0
0,2,0,585,1
0,2,0,555,1
0,2,0,587,1
0,1,0,107,1
0,1,0,194,1
3,1,0,1498,0
0,2,0,565,1
0,2,0,572,1
0,2,0,573,1
1,0,0,17273,0
1,0,0,391,1
0,2,0,561,1
1,2,0,738,0
0,2,0,585,1
0,2,0,562,1
3,0,0,2350,0
0,2,0,567,1
0,2,0,567,1
5,0,0,1385,0
2,0,0,1175,0
0,2,0,553,1
0,2,0,567,1
0,2,0,606,1
0,2,0,548,1
0,2,0,579,1
0,2,0,571,1
0,2,0,606,1
0,2,0,577,1
0,0,0,883,0
2,1,0,922,0
0,2,0,571,1
0,3,0,3846,0
0,2,0,568,1
0,2,0,553,1
0,2,0,560,1
0,2,0,573,1
0,2,0,593,1
2,1,0,12210,0
1,0,0,67,1
2,0,0,1890,0
0,2,0,574,1
0,1,0,106,1
0,2,0,562,1
2,0,0,1885,0
0,2,0,561,1
1,0,0,110,1
4,0,0,770,0
1,0,0,788,1
0,2,0,570,1
0,2,0,563,1
0,2,0,569,1
0,2,0,557,1
0,2,0,590,1
3,1,0,13512,0
0,2,0,584,1
0,2,0,567,1
0,2,0,587,1
0,2,0,560,1
3,1,0,13507,0
1,0,0,790,1
0,2,0,588,1
0,0,0,1049,0
0,2,0,583,1
0,2,0,560,1
0,2,0,565,1
0,2,0,583,1
0,2,0,554,1
0,0,0,846,0
0,2,0,561,1
0,2,0,560,1
0,2,0,572,1
0,2,0,561,1
5,0,0,2491,0
0,4,0,606,1
4,1,0,1133,0
0,2,0,574,1
2,0,0,1727,0
0,2,0,577,1
0,2,0,571,1
0,2,0,573,1
0,2,0,571,1
0,2,0,560,1
0,2,0,558,1
2,0,0,1183,0
0,2,0,588,1
0,2,0,601,1
0,2,0,562,1
0,2,0,586,1
1,0,0,129,1
4,0,0,1130,0
2,0,0,5578,0
0,2,0,571,1
3,7,0,9897,0
0,2,0,560,1
0,2,0,563,1
0,2,0,559,1
3,1,0,1482,0
0,0,0,237,1
0,2,0,594,1
2,0,0,1200,0
0,2,0,561,1
3,0,0,2962,0
0,2,0,582,1
2,0,0,1555,0
0,2,0,561,1
2,2,0,794,0
0,3,0,577,1
2,2,0,1268,0
10,6,0,4604,0
0,2,0,554,1
2,0,0,2474,0
0,2,0,566,1
0,2,0,558,1
3,2,0,814,0
0,0,0,550,0
2,0,0,1309,0
0,2,0,566,1
0,2,0,570,1
2,0,0,1195,0
1,0,0,70,1
0,2,0,1044,0
0,2,0,567,1
1,0,0,321,1
0,0,0,225,1
1,0,0,764,0
0,2,0,570,1
2,0,0,406,0
2,0,0,1513,0
0,2,0,561,1
0,0,0,86,1
0,2,0,590,1
3,0,0,618,0
0,2,0,562,1
0,2,0,563,1
1,0,0,168,1
1,0,0,663,0
0,1,0,111,1
0,2,0,561,1
1,0,0,167,1
11,5,0,3801,0
0,2,0,590,1
0,2,0,607,1
2,0,0,997,0
0,0,0,238,0
0,0,0,1401,0
0,2,0,572,1
0,2,0,579,1
2,0,0,352,0
1,0,0,312,1
1,13,0,18462,0
0,0,0,1208,0
0,2,0,554,1
0,0,0,821,1
0,2,0,603,1
0,0,0,1352,0
1,0,0,60,1
0,0,0,576,0
0,2,0,864,0
1,0,0,127,1
0,0,0,560,0
2,0,0,396,0
0,1,0,562,0
2,4,0,4788,0
0,1,0,124,0
0,0,0,1192,0
1,0,0,680,0
0,1,0,703,0
0,2,0,562,1
0,0,0,2678,0
0,0,0,1954,0
4,0,0,1111,0
0,0,0,2151,0
8,0,0,2148,0
4,0,0,1955,0
0,0,0,12787,0
1,0,0,1180,0
0,0,0,163,0
10,1,0,2324,0
1,0,0,326,1
2,0,0,1183,0
1,0,0,67,1
2,0,0,1188,0
0,2,0,571,1
29,1,0,11040,0
0,0,0,69,0
1,0,0,544,1
0,2,0,561,1
0,0,0,320,1
0,1,0,1030,0
1,0,0,77,1
0,2,0,662,0
3,0,0,2255,0
3,0,0,936,0
0,1,0,1016,0
4,0,0,1331,0
1,0,0,175,1
0,0,0,191,1
1,0,0,243,1
0,0,0,453,0
1,0,0,294,1
1,0,0,183,1
1,0,0,244,1
0,0,0,483,0
0,2,0,561,1
37,9,0,36085,0
0,2,1,564,1
0,2,0,564,1
3,0,0,2168,0
0,2,0,567,1
0,2,0,562,1
0,2,0,582,1
2,0,0,2892,0
0,2,0,599,1
0,1,0,174,0
0,2,0,607,1
1,0,0,771,0
4,0,0,373,0
0,0,0,192,0
0,0,0,938,0
0,0,0,969,0
0,2,0,588,1
0,2,0,570,1
0,2,0,561,1
0,0,0,601,0
1,0,0,1978,0
0,2,0,560,1
1,0,0,100,1
0,2,0,561,1
0,0,0,553,0
1,0,0,113,1
1,2,0,1232,0
0,2,0,595,1
0,2,0,592,1
4,0,0,809,0
0,2,0,587,1
0,2,0,575,1
1,2,0,11369,0
0,2,0,555,1
0,2,0,601,1
0,2,0,588,1
0,2,0,575,1
3,0,0,2174,0
1,0,0,54,1
1,0,0,2119,0
0,0,0,1401,0
0,2,0,564,1
0,0,0,946,0
0,2,0,559,1
0,0,0,730,0
0,0,0,1243,0
0,2,0,562,1
0,2,0,564,1
0,2,0,563,1
0,0,0,242,0
0,2,0,567,1
0,2,0,561,1
1,0,0,304,1
1,0,0,310,1
0,2,0,3994,0
0,2,0,591,1
0,2,0,585,1
0,2,0,571,1
0,2,0,603,1
0,2,0,300,0
0,2,0,571,1
0,2,0,559,1
0,2,0,588,1
0,2,0,585,1
0,0,0,1186,0
0,2,0,565,1
1,0,0,72,1
0,2,0,569,1
0,2,0,596,1
3,0,0,2169,0
0,2,0,559,1
0,2,0,562,1
0,2,0,564,1
0,2,0,577,1
0,2,0,607,1
0,2,0,555,1
1,0,0,57,1
1,0,0,62,1
0,2,0,4517,0
0,2,0,562,1
0,4,0,6404,0
0,2,0,590,1
0,2,0,569,1
0,2,0,559,1
0,0,0,280,0
0,2,0,561,1
0,2,0,584,1
0,2,0,570,1
1,0,0,51,1
0,2,0,607,1
0,2,0,571,1
0,2,0,569,1
0,2,0,567,1
0,2,0,560,1
0,0,0,1102,0
0,2,0,560,1
0,2,0,598,1
1,0,0,52,1
1,0,0,72,1
0,0,0,1315,0
1,0,0,59,1
2,0,0,785,0
0,2,0,570,1
0,2,0,584,1
0,0,0,845,0
0,2,0,569,1
0,2,0,586,1
0,0,0,327,0
0,2,0,584,1
3,0,0,4609,0
0,2,0,583,1
10,5,0,3010,0
0,2,0,566,1
0,0,0,576,0
0,2,0,561,1
0,2,0,569,1
0,2,0,565,1
0,2,0,565,1
0,2,0,584,1
3,1,0,1654,0
5,1,0,1186,0
0,2,0,1487,1
0,1,0,2497,0
1,0,0,52,1
9,7,0,9129,0
0,2,0,584,1
0,2,0,589,1
2,1,0,1013,0
1,0,0,49,1
0,2,0,562,1
0,2,0,566,1
0,2,0,563,1
0,2,0,587,1
0,2,0,562,1
0,2,0,566,1
0,2,0,566,1
0,2,0,583,1
0,2,0,570,1
0,2,0,560,1
1,0,0,71,1
0,2,0,571,1
0,4,0,10061,0
1,0,0,308,1
0,2,0,567,1
3,0,0,560,0
2,0,0,780,0
1,0,0,53,1
0,2,0,563,1
1,0,0,64,1
0,2,0,589,1
1,3,0,3357,0
1,0,0,58,1
1,0,0,53,1
4,0,0,1732,0
5,0,0,1630,0
0,4,0,595,1
0,1,0,1322,0
0,2,0,565,1
1,0,0,1127,0
2,0,0,2413,0
0,2,0,579,1
4,0,0,1028,0
0,2,0,562,1
0,4,0,598,1
1,0,0,44,1
4,3,0,10088,0
1,0,0,51,1
4,3,0,9320,0
0,2,0,562,1
0,2,0,573,1
1,0,0,60,1
1,1,0,52,1
1,0,0,195,0
0,2,0,559,1
4,0,0,1750,0
1,0,0,59,1
0,2,0,592,1
0,2,0,597,1
0,3,0,594,1
4,0,0,1750,0
1,0,0,61,1
1,0,0,54,1
1,0,0,59,1
1,0,0,280,1
1,0,0,676,0
2,0,0,874,0
3,1,0,2055,0
1,0,0,51,1
1,0,0,52,1
0,0,0,383,0
2,0,0,2499,0
0,2,0,566,1
1,0,0,251,1
1,2,0,9147,0
0,0,0,483,0
2,0,0,1069,0
1,0,0,163,1
4,1,0,6980,0
1,0,0,140,1
1,0,0,364,1
3,0,0,1258,0
3,0,0,1253,0
3,0,0,979,0
2,0,0,1098,0
1,9,0,1940,0
3,1,0,1784,0
0,2,0,570,1
1,0,0,167,1
0,2,0,559,1
6,0,0,4322,0
73,14,0,28815,0
1,0,0,184,1
0,2,0,562,1
0,1,0,876,0
0,1,0,538,1
0,2,0,570,1
0,0,0,391,1
0,2,0,559,1
0,0,0,463,0
0,0,0,375,0
3,0,0,1299,0
3,0,0,3896,0
1,6,0,6793,0
1,4,0,7065,0
0,2,0,591,1
2,0,0,1032,0
1,0,0,168,1
1,2,0,4359,0
1,0,0,161,1
0,0,0,890,0
1,0,0,163,1
1,0,0,382,0
0,2,0,591,1
0,2,0,596,1
0,2,0,561,1
2,0,0,1027,0
0,2,0,569,1
0,2,0,558,1
0,0,0,1148,0
0,2,0,569,1
0,2,0,567,1
2,0,0,1510,0
0,0,0,140,0
0,0,0,614,0
0,0,0,462,0
0,2,0,602,1
1,2,0,3424,0
1,1,0,746,0
0,2,0,573,1
0,2,0,598,1
0,2,0,564,1
1,0,0,61,1
0,0,0,592,0
0,3,0,590,1
0,2,0,571,1
0,2,0,567,1
0,2,0,561,1
0,2,0,584,1
0,2,0,561,1
2,1,0,823,0
6,0,0,1332,1
2,1,0,1340,0
0,2,0,571,1
0,0,0,642,0
0,2,0,553,1
0,2,0,562,1
0,0,0,431,0
1,0,0,261,1
0,0,0,936,0
0,2,0,585,1
0,2,0,591,1
0,2,0,568,1
0,2,0,569,1
4,0,0,731,0
3,0,0,1852,0
0,2,0,606,1
1,0,0,58,1
0,2,0,561,1
0,2,0,548,1
2,0,0,614,0
0,0,0,369,1
0,0,0,883,0
0,2,0,564,1
0,2,0,570,1
0,2,0,573,1
0,2,0,586,1
0,2,0,565,1
0,2,0,590,1
0,2,0,560,1
3,0,0,1939,0
0,2,0,583,1
0,2,0,577,1
0,2,0,566,1
0,2,0,569,1
0,2,0,589,1
3,0,0,1944,0
3,0,0,2492,0
1,1,0,2716,0
1,0,0,562,0
1,0,0,102,1
3,0,0,1489,0
3,0,0,1484,0
1,2,0,4182,0
1,2,0,3017,0
4,0,0,635,0
0,3,0,609,1
4,1,0,2244,0
0,2,0,570,1
4,1,0,2249,0
0,0,0,434,1
0,0,0,1291,0
2,0,0,2054,0
0,3,0,10814,0
4,0,0,2918,0
1,0,0,261,1
0,0,0,108,0
0,0,0,144,1
0,0,0,655,0
1,0,0,851,0
0,1,0,1067,0
1,0,0,442,0
1,0,0,716,0
0,2,0,565,1
0,2,0,569,1
0,2,0,584,1
21,1,0,2489,0
0,1,0,2159,0
0,2,0,574,1
1,0,0,260,1
0,2,0,559,1
0,2,0,590,1
0,2,0,571,1
0,2,0,553,1
0,0,0,1753,0
1,0,0,405,0
0,0,0,84,1
2,0,0,1698,0
0,2,0,600,1
4,13,0,2534,0
0,0,0,409,0
1,0,0,164,1
44,3,0,7869,0
0,2,0,561,1
4,2,0,2502,0
0,2,0,570,1
0,2,0,569,1
0,2,0,583,1
0,2,0,571,1
0,2,0,570,1
0,0,0,1591,0
0,2,0,564,1
0,2,0,561,1
4,1,0,2726,0
0,2,0,583,1
1,0,0,260,1
0,0,0,1606,0
0,2,0,563,1
0,0,0,64,1
0,2,0,566,1
0,2,0,561,1
0,2,0,583,1
0,2,0,560,1
2,0,0,1779,0
0,2,0,586,1
0,2,0,571,1
0,2,0,566,1
1,0,0,261,1
0,0,0,864,0
0,1,0,393,1
0,2,0,568,1
1,0,0,185,1
0,2,0,564,1
0,2,0,558,1
0,0,0,950,0
0,2,0,602,1
0,2,0,579,1
0,2,0,567,1
0,2,0,561,1
0,0,0,986,0
1,2,0,1272,0
0,2,0,591,1
1,0,0,59,1
0,2,0,560,1
0,3,0,617,1
0,2,0,556,1
0,4,0,596,1
0,3,0,2870,0
0,0,0,917,0
0,0,0,725,0
0,0,0,357,1
0,0,0,1000,0
0,3,0,590,1
4,0,0,2240,0
0,0,0,612,0
0,0,0,337,0
2,0,0,1035,0
0,0,0,586,0
0,0,0,967,0
1,0,0,768,0
0,2,0,570,1
105,2,0,22998,0
0,0,0,1419,0
0,0,0,1469,0
1,0,0,564,0
2,0,0,543,0
0,2,0,593,1
2,0,0,663,0
1,0,0,485,1
1,0,0,194,1
1,0,0,215,1
1,0,0,1169,0
0,3,0,611,1
0,2,0,565,1
0,0,0,483,0
2,0,0,1178,0
0,2,0,567,1
2,0,0,1183,0
1,0,0,259,1
0,2,0,4888,0
1,0,0,106,1
0,2,0,574,1
5,0,0,12476,0
1,0,0,66,1
4,0,0,11441,0
2,1,0,657,0
0,0,0,1197,0
0,4,0,598,1
1,0,0,925,0
0,4,0,611,1
1,0,0,83,1
1,0,0,66,1
1,4,0,3700,0
0,0,0,57,1
0,0,0,524,1
0,0,0,1479,0
0,4,0,607,1
0,0,0,127,0
1,0,0,56,1
0,10,0,4707,0
0,45,0,6851,0
0,2,0,555,1
0,1,0,3366,0
0,2,0,558,1
0,2,0,570,1
0,2,0,562,1
1,0,0,491,0
1,0,0,259,1
0,2,0,588,1
0,0,0,644,0
0,0,0,189,1
0,0,0,692,0
0,0,0,657,0
1,0,0,163,1
0,1,0,1260,0
0,0,0,85,1
1,0,0,167,1
0,2,0,8182,0
0,0,0,653,1
0,2,0,564,1
0,2,0,577,1
0,2,0,587,1
0,2,0,565,1
0,2,0,577,1
0,2,0,561,1
0,14,1,3559,0
0,0,0,62,1
0,0,0,358,0
1,0,0,59,1
2,0,0,669,0
0,2,0,562,1
0,2,0,591,1
0,2,0,571,1
0,2,0,564,1
0,0,0,1760,0
0,2,0,587,1
1,0,0,157,0
3,2,0,4213,0
0,2,0,606,1
0,2,0,584,1
0,2,0,600,1
0,2,0,566,1
0,2,0,571,1
0,2,0,561,1
0,0,0,191,1
0,0,0,82,1
1,0,0,58,1
0,0,0,86,1
0,2,0,564,1
0,2,0,565,1
0,2,0,586,1
4,7,1,2265,0
1,0,0,67,1
6,2,0,2901,0
0,3,0,595,1
0,3,0,602,1
0,2,0,564,1
0,2,0,561,1
1,0,0,57,1
2,3,0,5385,0
3,0,0,679,1
1,0,0,79,1
1,0,0,586,0
0,0,0,2501,1
0,1,0,3419,1
15,8,0,4059,0
0,0,0,1686,0
2,1,0,3273,0
2,5,0,693,0
2,0,0,1253,0
0,0,0,371,0
0,4,0,603,1
0,2,0,569,1
15,6,0,5640,0
5,2,0,1267,0
0,2,0,588,1
0,0,0,368,0
3,0,0,476,0
1,0,0,1847,0
0,2,0,562,1
0,0,0,475,0
0,0,0,528,1
6,2,0,2669,0
2,0,0,1478,0
0,2,0,589,1
0,2,0,577,1
0,2,0,589,1
0,2,0,560,1
1,0,0,60,1
12,3,0,4546,0
1,0,0,44,1
0,5,0,828,0
1,0,0,174,1
15,5,0,7395,0
0,1,0,2243,0
1,0,0,245,1
0,2,0,573,1
1,0,0,296,1
0,0,0,1090,0
4,1,0,3218,0
0,0,0,81,1
1,0,0,65,1
0,0,0,85,1
0,1,0,44,0
0,2,0,563,1
0,2,0,554,1
0,0,0,85,1
0,3,0,577,1
0,2,0,415,0
1,0,0,61,1
0,4,0,593,1
0,2,0,588,1
1,0,0,59,1
0,2,0,561,1
4,0,0,1146,0
0,3,0,604,1
0,2,0,584,1
3,0,0,1266,0
2,5,0,1356,0
0,0,0,221,0
0,0,0,731,0
0,2,0,588,1
0,2,0,591,1
0,2,0,563,1
0,0,0,718,0
0,2,0,562,1
7,0,0,3735,0
0,4,0,598,1
3,0,0,1492,1
0,2,0,563,1
0,2,0,596,1
0,2,0,560,1
0,0,0,766,0
0,2,0,586,1
5,0,0,4515,0
1,0,0,1186,0
0,0,0,920,0
1,0,0,1775,0
0,2,0,569,1
0,2,0,586,1
0,2,0,569,1
0,2,0,577,1
0,2,0,565,1
4,1,0,2669,0
1,0,0,254,0
0,2,0,572,1
2,0,0,2125,0
0,0,0,181,1
1,0,0,58,1
1,0,0,374,1
1,0,0,222,1
0,0,0,1409,0
1,1,0,2797,0
0,0,0,562,0
0,2,0,1483,1
4,1,0,1937,0
1,0,0,1184,0
5,1,0,1660,0
0,2,0,587,1
0,1,0,810,0
0,3,0,590,1
0,2,0,584,1
2,0,0,429,0
2,0,0,651,0
1,1,0,361,1
2,0,0,656,0
2,0,0,862,0
3,0,0,1271,0
4,1,0,1780,0
4,1,0,1785,0
0,2,0,584,1
0,2,0,566,1
0,2,0,565,1
0,0,0,839,0
0,2,0,566,1
3,0,0,2586,0
0,0,0,649,0
0,2,0,577,1
0,2,0,560,1
0,2,0,569,1
0,2,0,581,1
0,2,0,570,1
3,0,0,536,0
0,2,0,556,1
1,0,0,71,1
1,0,0,999,0
3,0,0,541,0
0,2,0,586,1
0,2,0,587,1
0,2,0,583,1
1,0,0,52,1
1,4,0,2185,0
1,0,0,681,0
0,0,0,41,1
1,0,0,60,1
2,0,0,574,0
1,0,0,98,1
1,0,0,45,1
0,2,0,573,1
1,0,0,431,1
2,0,0,986,0
0,2,0,562,1
2,4,0,8464,0
1,0,0,324,1
0,0,0,1532,0
1,0,0,75,1
1,0,0,150,1
1,0,0,183,1
1,0,0,397,0
0,1,0,969,0
0,0,0,415,1
3,4,0,9012,0
0,0,0,418,1
0,2,0,559,1
0,0,0,442,1
3,3,0,1865,0
2,0,0,1083,0
3,1,0,655,0
0,2,0,584,1
0,2,0,566,1
0,2,0,567,1
0,0,0,248,1
0,0,0,374,0
1,0,0,151,1
4,0,0,1068,0
0,2,0,589,1
0,2,0,560,1
0,0,0,436,1
0,0,0,428,1
0,2,0,587,1
2,1,0,627,0
1,0,0,349,1
0,0,0,152,1
14,0,0,5053,0
0,0,0,691,0
0,2,0,548,1
131,14,0,16826,0
0,0,0,245,1
5,0,0,1558,0
0,0,0,415,1
1,0,0,150,1
0,2,0,560,1
0,2,0,561,1
0,2,0,593,1
0,2,0,929,1
0,2,0,587,1
0,0,0,432,1
0,0,0,397,1
0,2,0,588,1
1,0,0,148,1
0,2,0,596,1
104,6,0,33425,0
1,0,0,527,0
0,2,0,583,1
0,2,0,571,1
0,0,0,832,0
1,0,0,511,0
0,0,0,307,1
0,4,0,600,1
0,4,0,592,1
2,0,0,851,0
0,4,0,597,1
0,3,0,604,1
0,4,0,577,1
0,0,0,522,0
0,3,0,590,1
0,3,0,609,1
0,0,0,84,1
2,0,0,816,0
0,0,0,434,1
2,0,0,2409,0
0,2,0,570,1
0,0,0,233,1
0,4,0,609,1
4,2,0,1004,0
0,0,0,433,0
3,0,0,1081,0
0,1,0,1916,0
2,0,0,463,0
0,0,0,406,1
1,0,0,166,1
0,0,0,248,1
18,2,0,3427,0
0,3,0,605,1
3,0,0,1406,0
1,0,0,44,1
0,3,0,605,1
0,4,0,605,1
0,4,0,593,1
0,3,0,603,1
0,2,0,553,1
0,4,0,599,1
3,0,0,3398,0
0,3,0,610,1
1,0,0,334,1
2,0,0,458,0
0,0,0,102,1
1,0,0,327,1
0,2,0,606,1
0,2,0,560,1
0,2,0,572,1
2,0,0,1856,0
4,0,0,2959,0
0,3,0,841,0
3,0,0,3137,0
0,0,0,316,0
2,0,0,1312,0
1,0,0,127,1
0,2,0,3283,0
0,0,0,1264,0
0,1,0,1789,0
0,2,0,586,1
0,3,0,669,1
0,0,0,1097,0
1,0,0,149,1
0,0,0,38,0
1,1,0,49,1
0,0,0,242,1
1,0,0,128,1
0,0,0,2077,0
1,0,0,657,0
0,2,0,570,1
1,0,0,692,0
1,0,0,370,0
0,0,0,428,0
1,0,0,1521,0
0,2,0,567,1
3,0,0,1310,0
0,2,0,567,1
0,0,0,1138,0
0,0,0,440,1
0,1,0,1028,0
1,0,0,354,1
2,0,0,1777,0
0,3,0,3534,0
0,2,0,562,1
0,0,0,412,1
1,0,0,16474,0
0,2,0,3211,0
2,0,0,370,0
0,2,0,587,1
0,2,0,570,1
0,0,0,413,0
0,2,0,560,1
0,0,0,747,0
2,0,0,1165,0
0,2,0,561,1
1,0,0,100,1
2,0,0,3338,0
3,0,0,700,0
1,0,0,2057,0
0,2,0,587,1
0,2,0,553,1
0,0,0,3831,0
3,0,0,2839,0
0,1,0,877,0
2,0,0,884,0
0,2,0,576,1
2,0,0,1024,0
47,5,0,9622,0
20,4,0,5498,0
2,1,0,1172,0
1,0,0,59,1
0,1,0,3503,0
0,3,0,708,0
0,2,0,584,1
1,2,0,4160,0
0,0,0,2684,0
3,0,0,3598,0
0,2,0,602,1
0,0,0,1078,0
0,2,0,562,1
0,1,0,1596,0
1,2,0,1673,0
1,0,0,95,1
1,0,0,416,0
0,2,0,589,1
1,0,0,307,1
0,2,0,560,1
1,1,0,911,0
0,2,0,1948,0
0,2,0,574,1
0,2,0,573,1
0,0,0,1283,0
1,0,0,10481,0
2,0,0,1010,1
0,2,0,606,1
0,2,0,586,1
0,2,0,560,1
2,0,0,440,0
0,4,0,607,1
0,0,0,598,0
1,1,0,1057,0
0,2,0,558,1
0,2,0,584,1
0,2,0,562,1
1,1,0,1679,0
2,0,0,1307,0
3,0,0,725,0
1,0,0,593,0
1,0,0,310,1
1,0,0,5007,0
0,2,0,589,1
3,0,0,1934,0
0,1,0,770,0
0,0,0,110,1
3,0,0,1939,0
0,2,0,5708,0
0,2,0,591,1
0,2,0,571,1
2,0,0,1474,0
0,2,0,561,1
1,1,0,1710,0
0,2,0,563,1
0,2,0,562,1
1,5,0,1535,0
0,0,0,1094,0
0,0,0,198,1
0,2,0,569,1
0,2,0,548,1
5,5,0,11075,0
1,0,0,79,1
0,1,0,794,0
1,0,0,150,1
3,1,0,1043,0
0,2,0,548,1
0,1,0,1038,0
1,0,0,207,1
3,4,0,928,0
0,2,0,570,1
0,0,0,2190,0
2,2,0,2632,0
5,1,0,1793,0
1,0,0,402,0
3,5,0,1179,0
1,0,0,1236,1
0,2,0,548,1
0,0,0,112,1
1,0,0,147,1
3,0,0,606,0
0,0,0,298,0
1,0,0,825,0
0,0,0,638,0
1,0,0,76,1
1,0,0,182,1
14,5,0,4486,0
2,0,0,1495,0
0,0,0,373,0
0,0,0,487,0
0,2,0,584,1
2,1,0,853,0
1,1,0,233,1
1,2,0,2423,0
2,0,0,886,0
1,1,0,1411,0
1,0,0,124,1
1,0,0,149,1
0,2,0,575,1
0,2,0,562,1
0,0,0,3233,0
1,0,0,340,1
2,0,0,1499,0
0,4,0,898,0
2,0,0,962,0
4,0,0,1393,0
2,0,0,737,0
0,0,0,865,0
1,0,0,1068,0
0,2,0,585,1
1,1,0,245,1
0,2,0,2329,0
0,0,0,166,1
5,0,0,2275,0
1,0,0,227,1
2,6,0,1967,0
0,3,0,591,1
0,3,0,593,1
3,0,0,2329,0
0,4,0,592,1
0,0,0,318,0
0,2,0,548,1
0,2,0,559,1
1,0,0,2248,0
0,2,0,562,1
2,0,0,792,0
0,2,0,560,1
2,1,0,918,0
2,0,0,787,0
2,0,0,827,0
0,2,0,571,1
1,0,0,163,1
0,2,0,569,1
1,1,0,711,0
0,2,0,574,1
2,3,0,1177,0
0,4,0,584,1
2,0,0,822,0
0,2,0,587,1
0,2,0,577,1
0,2,0,589,1
0,2,0,585,1
4,0,0,2406,0
8,0,0,2119,0
0,0,0,163,1
0,0,0,584,0
0,2,0,559,1
1,0,0,1253,0
0,2,0,571,1
0,2,0,564,1
0,0,0,170,1
0,1,0,1847,0
1,0,0,77,1
0,2,0,571,1
0,0,0,838,0
4,0,0,925,0
0,2,0,561,1
0,2,0,559,1
2,0,0,1257,0
0,2,0,569,1
0,0,0,892,0
9,3,0,2921,0
0,2,0,584,1
0,2,0,585,1
0,2,0,576,1
0,2,0,563,1
0,2,0,590,1
1,1,0,1845,0
0,0,0,166,0
0,0,0,110,1
1,0,0,153,1
5,1,0,618,0
0,0,0,165,1
0,2,0,600,1
0,2,0,567,1
0,2,0,596,1
0,2,0,567,1
1,0,0,556,0
1,0,0,391,1
0,4,0,606,1
1,0,0,1533,0
0,2,0,577,1
1,0,0,52,1
0,2,0,564,1
0,1,0,3596,0
1,0,0,148,1
3,0,0,707,0
1,0,0,1193,0
0,0,0,1387,0
1,0,0,311,1
1,0,0,84,1
0,2,0,587,1
1,0,0,524,0
1,0,0,260,1
0,0,0,1056,0
0,2,0,561,1
0,2,0,6405,0
0,2,0,574,1
9,0,0,1848,0
0,0,0,615,0
0,2,0,562,1
2,0,0,1470,0
0,2,0,584,1
2,0,0,469,0
0,2,0,559,1
0,2,0,587,1
105,0,0,3479,0
0,2,0,564,1
1,0,0,4552,0
2,0,0,147,1
0,2,0,560,1
0,0,0,841,1
0,2,0,584,1
0,2,0,558,1
0,2,0,561,1
0,0,0,523,0
0,2,0,571,1
0,2,0,562,1
1,0,0,235,1
1,0,0,211,1
9,0,0,1390,0
0,2,0,588,1
1,0,0,516,0
0,2,0,562,1
9,3,0,2921,0
0,2,0,584,1
4,0,0,2087,0
0,2,0,563,1
3,0,0,1215,0
0,1,0,430,0
0,2,0,560,1
2,2,0,439,0
0,0,0,111,1
32,6,0,5354,0
0,1,0,7948,0
3,0,0,1190,0
0,2,0,567,1
1,1,0,1644,0
2,1,0,496,1
3,0,0,1195,0
0,2,0,588,1
0,2,0,601,1
0,2,0,561,1
2,1,0,493,1
0,0,0,1796,0
0,2,0,577,1
0,2,0,561,1
0,2,0,564,1
0,1,0,416,0
0,2,0,574,1
0,2,0,561,1
0,2,0,603,1
0,2,0,567,1
0,4,0,613,1
0,2,0,592,1
0,0,0,1824,0
0,0,0,163,1
0,2,0,571,1
0,0,0,1430,0
0,2,0,578,1
0,2,0,571,1
0,2,0,554,1
0,2,0,563,1
1,0,0,77,1
1,0,0,219,1
0,2,0,577,1
0,2,0,557,1
0,2,0,595,1
0,2,0,568,1
0,2,0,592,1
2,0,0,1021,1
0,2,0,571,1
2,0,0,1377,0
0,2,0,565,1
0,2,0,587,1
2,3,0,622,0
9,2,0,2588,0
3,0,0,3137,0
0,0,0,618,0
1,0,0,566,0
3,0,0,762,0
7,1,0,5045,0
0,2,0,570,1
2,0,0,159,1
0,2,0,591,1
0,0,0,1443,0
1,0,0,94,1
0,2,0,561,1
0,2,0,562,1
4,1,0,564,0
0,2,0,549,1
0,2,0,570,1
0,2,0,574,1
0,2,0,565,1
0,2,0,587,1
1,0,0,113,1
1,0,0,76,1
0,1,0,758,1
0,2,0,589,1
0,2,0,576,1
0,2,0,569,1
0,2,0,595,1
0,2,0,567,1
1,1,0,1421,0
0,2,0,561,1
2,0,0,611,0
0,2,0,588,1
0,2,0,574,1
5,0,0,1431,0
0,2,0,607,1
0,2,0,591,1
0,4,0,582,1
0,2,0,1176,0
0,2,0,574,1
0,2,0,564,1
15,1,0,3566,0
0,2,0,562,1
6,0,0,1980,0
1,0,0,102,1
3,4,0,1730,0
1,0,0,348,0
0,0,0,112,1
0,2,0,597,1
0,2,0,590,1
0,0,0,377,0
6,0,0,1980,0
0,0,0,689,0
0,2,0,606,1
2,0,0,661,0
5,0,0,337,0
0,1,0,438,0
3,0,0,806,0
1,0,0,74,1
2,0,0,752,0
0,1,0,109,1
0,2,0,588,1
1,1,0,934,0
0,0,0,131,1
0,0,0,170,1
0,2,0,578,1
1,0,0,136,1
1,0,0,167,1
1,0,0,52,1
0,3,0,590,1
0,2,0,582,1
0,1,0,928,0
0,2,0,567,1
0,0,0,111,1
1,1,0,732,0
0,2,0,558,1
2,0,0,154,1
0,2,0,583,1
3,0,0,1330,0
1,0,0,60,1
0,2,0,566,1
0,0,0,43,1
0,0,0,2234,0
1,0,0,197,1
0,1,0,782,0
0,4,0,600,1
0,2,0,574,1
1,0,0,196,1
0,1,0,1563,0
3,0,0,628,0
2,0,0,1160,0
0,2,0,570,1
1,0,0,1325,0
3,0,0,1276,0
3,2,0,1278,0
0,0,0,691,0
0,0,0,3961,0
0,2,0,587,1
1,0,0,892,0
0,2,0,603,1
0,2,0,584,1
0,2,0,575,1
3,2,0,1418,0
1,0,0,106,1
0,2,0,549,1
1,0,0,298,0
1,0,0,310,1
0,0,0,815,1
1,0,0,73,1
0,2,0,560,1
0,1,0,1398,0
0,2,0,572,1
1,0,0,80,1
1,0,0,193,1
1,0,0,153,1
0,0,0,1062,0
0,2,0,570,1
2,1,0,1004,0
1,0,0,236,1
0,2,0,782,0
0,0,0,437,0
1,0,0,964,0
2,3,0,1425,0
2,0,0,807,0
0,4,0,592,1
0,0,0,493,0
0,2,0,567,1
1,0,0,81,1
4,0,0,4671,0
0,2,0,595,1
0,2,0,584,1
0,2,0,570,1
3,0,0,5260,0
0,2,0,590,1
0,1,0,821,1
1,0,0,411,1
2,1,0,2624,0
0,2,0,594,1
0,1,0,305,1
0,2,0,569,1
5,3,0,2652,0
0,0,0,410,0
2,0,0,2535,0
1,0,0,344,0
0,0,0,4660,0
6,0,0,1437,1
2,0,0,812,0
0,0,0,2140,0
1,0,0,2912,0
0,0,0,1651,0
2,8,0,2085,0
0,2,0,564,1
0,2,0,585,1
1,1,0,791,0
1,0,0,83,1
0,2,0,567,1
0,0,0,705,0
2,0,0,156,1
0,1,0,2406,0
0,2,0,571,1
1,2,0,475,1
0,2,0,564,1
1,0,0,209,1
0,0,0,166,0
2,0,0,2795,0
2,8,0,2102,0
3,1,0,2390,0
19,4,0,7661,0
2,0,0,3803,0
0,0,0,3243,0
3,1,0,2395,0
0,4,0,788,0
0,2,0,571,1
1,0,0,272,1
3,0,0,1370,0
0,0,0,732,1
1,0,0,342,1
0,2,0,569,1
0,2,0,1483,1
5,1,0,1918,0
0,2,0,589,1
2,0,0,545,0
0,2,0,572,1
1,0,0,193,1
0,0,0,1085,0
0,3,0,607,1
0,2,0,587,1
0,2,0,563,1
1,2,0,1204,0
0,0,0,4950,0
3,1,0,4762,0
2,0,0,1572,0
0,0,0,1484,0
0,2,0,560,1
1,0,0,696,0
2,0,0,1322,0
1,0,0,197,1
0,3,0,572,1
0,2,0,585,1
0,3,0,593,1
0,2,0,585,1
0,0,0,768,0
0,2,0,585,1
0,4,0,608,1
1,1,0,302,1
4,0,0,849,0
7,2,0,1312,0
0,2,0,575,1
0,3,0,589,1
1,0,0,131,1
3,0,0,2282,0
1,0,0,239,1
0,2,0,570,1
1,0,0,73,1
1,0,0,448,0
0,2,0,561,1
0,2,0,597,1
0,2,0,562,1
1,0,0,167,1
0,1,0,1006,0
0,0,0,1835,0
4,0,0,854,0
2,1,0,1151,0
2,0,0,3287,0
0,2,0,563,1
1,0,0,383,1
0,2,0,589,1
1,0,0,1060,0
0,2,0,592,1
1,0,0,83,1
1,0,0,72,1
1,0,0,68,1
2,0,0,1999,0
1,0,0,189,1
16,2,0,3641,0
0,2,0,585,1
0,2,0,584,1
1,0,0,581,0
1,0,0,86,1
4,1,0,2537,0
0,2,0,585,1
0,2,0,574,1
0,2,0,567,1
0,0,0,389,0
0,2,0,602,1
0,2,0,549,1
0,2,0,564,1
0,0,0,1604,0
2,0,0,1639,0
0,2,0,560,1
0,0,0,115,0
0,2,0,593,1
0,2,0,584,1
0,2,0,561,1
0,2,0,561,1
0,3,0,590,1
0,2,0,566,1
0,2,0,602,1
0,2,0,560,1
0,2,0,564,1
0,0,0,1969,0
0,2,0,564,1
0,0,0,1733,0
1,0,0,94,1
0,0,0,808,1
0,2,0,595,1
0,2,0,561,1
0,0,0,102,1
1,7,0,2657,0
0,1,0,889,0
0,2,0,571,1
0,4,0,603,1
0,2,0,562,1
0,2,0,602,1
0,0,0,5380,0
0,2,0,585,1
0,2,0,560,1
0,2,0,573,1
0,2,0,568,1
1,0,0,218,1
0,2,0,582,1
4,8,0,2426,0
1,0,0,181,1
0,2,0,562,1
0,2,0,587,1
0,2,0,563,1
5,0,0,2170,0
1,0,0,74,1
1,0,0,81,1
0,2,0,585,1
0,2,0,581,1
0,2,0,578,1
1,0,0,255,1
1,23,1,4399,0
0,2,0,583,1
0,2,0,560,1
0,2,0,558,1
1,0,0,73,1
1,0,0,74,1
1,0,0,77,1
0,2,0,561,1
0,2,0,592,1
0,2,0,594,1
2,1,0,1545,0
1,0,0,68,1
0,2,0,568,1
0,0,0,752,0
2,0,0,2103,0
0,2,0,591,1
0,2,0,596,1
4,0,0,1691,0
0,2,0,592,1
0,2,0,566,1
0,2,0,548,1
0,2,0,583,1
0,2,0,583,1
2,0,0,880,0
3,0,0,745,0
1,0,0,267,1
1,0,0,76,1
3,0,0,750,0
1,0,0,151,1
2,0,0,206,1
0,2,0,560,1
1,0,0,216,1
0,2,0,576,1
1,0,0,78,1
0,2,0,584,1
2,2,0,215,0
0,2,0,589,1
1,0,0,326,1
0,1,0,4626,0
0,0,0,254,0
2,2,0,237,0
0,2,0,562,1
3,0,0,2995,0
0,2,0,553,1
0,2,0,577,1
0,2,0,587,1
0,2,0,569,1
0,2,0,565,1
0,2,0,555,1
0,2,0,570,1
0,2,0,572,1
0,2,0,569,1
0,2,0,558,1
0,2,0,554,1
2,0,0,1638,0
0,2,0,561,1
0,0,0,1135,0
0,2,0,586,1
69,7,0,25327,0
2,2,0,2277,0
2,3,0,5022,0
2,0,0,1178,0
1,0,0,3038,0
2,0,0,1173,0
0,0,0,1687,0
0,2,0,561,1
0,4,0,611,1
2,0,0,1471,0
2,0,0,1466,0
0,2,0,584,1
0,2,0,560,1
2,0,0,730,0
0,0,0,544,0
3,0,0,1674,0
0,2,0,570,1
0,2,0,583,1
0,2,0,588,1
3,0,0,1669,0
0,0,0,225,1
1,0,0,547,1
0,0,0,108,1
2,1,0,5346,0
0,0,0,109,1
1,1,0,4132,0
2,0,0,729,0
4,0,0,676,0
5,0,0,2055,0
10,0,0,1602,0
0,2,0,593,1
2,0,0,656,0
3,0,0,568,0
10,0,0,1533,0
6,0,0,3681,0
0,0,0,5537,0
0,1,0,379,0
2,0,0,656,0
0,0,0,1484,0
3,0,0,678,0
0,2,0,569,1
1,1,0,598,0
1,0,0,1198,0
0,2,0,558,1
2,0,0,656,0
2,0,0,1390,0
0,2,0,591,1
0,2,0,570,1
1,0,0,540,0
0,0,0,691,1
0,2,0,562,1
1,0,0,150,1
5,0,0,3541,0
1,0,0,688,0
0,0,0,1350,0
2,1,0,5197,0
0,0,0,382,0
0,2,0,565,1
1,0,0,688,0
1,0,0,196,1
3,0,0,420,1
1,0,0,145,1
1,0,0,471,0
0,2,0,597,1
0,2,0,588,1
0,0,0,699,0
0,0,0,110,1
2,0,0,1385,0
0,2,0,563,1
0,3,0,3693,0
1,0,0,285,0
0,0,0,1069,0
1,0,0,825,0
0,1,0,2070,0
0,0,0,423,1
1,0,0,81,1
1,0,0,52,1
2,3,0,1006,0
0,2,0,571,1
0,2,0,563,1
1,0,0,193,1
5,1,0,2799,0
2,1,0,1133,0
0,2,0,590,1
1,0,0,146,1
0,1,0,2556,0
1,0,0,81,1
3,0,0,3381,0
1,0,0,75,1
0,2,0,603,1
1,0,0,373,1
0,0,0,1244,0
0,2,0,568,1
1,0,0,68,1
0,3,0,606,1
1,0,0,126,1
0,2,0,561,1
0,2,0,591,1
0,0,0,967,0
1,4,0,3495,0
0,0,0,4430,0
2,0,0,1869,0
6,0,0,6566,0
0,0,0,732,0
1,0,0,81,1
2,0,0,1864,0
0,0,0,91,1
1,0,0,469,1
2,0,0,1823,0
2,0,0,145,1
0,3,0,580,1
0,2,0,592,1
2,0,0,2278,0
1,0,0,59,1
0,4,0,598,1
0,2,0,566,1
1,0,0,1246,0
1,0,0,146,1
1,0,0,150,1
4,0,0,758,0
1,0,0,82,1
0,2,0,590,1
2,1,0,1374,0
0,0,0,454,1
1,0,0,365,1
1,0,0,292,1
6,1,0,3328,0
1,0,0,304,1
0,0,0,943,1
0,0,0,109,1
2,0,0,156,1
0,0,0,109,1
1,0,0,76,1
4,2,0,2365,0
1,0,0,223,1
2,0,0,1009,0
1,0,0,572,0
1,16,0,5142,0
1,0,0,296,0
1,1,0,2190,0
2,0,0,1004,0
2,0,0,376,0
1,0,0,326,1
0,2,0,559,1
4,0,0,2289,0
1,0,0,193,1
0,2,0,589,1
0,2,0,588,1
3,2,0,1754,0
0,2,0,573,1
1,0,0,110,1
0,2,0,561,1
2,0,0,153,1
6,0,0,2489,0
0,2,0,561,1
6,1,0,3417,0
2,3,0,4853,0
1,0,0,103,1
1,0,0,279,1
0,2,0,565,1
5,0,0,2809,0
1,0,0,356,1
0,2,0,562,1
0,2,0,590,1
1,0,0,233,1
3,0,0,1266,0
1,0,0,350,1
2,0,0,2081,0
4,0,0,1208,0
1,0,0,85,1
1,0,0,179,1
0,0,0,210,1
0,2,0,570,1
1,0,0,120,1
3,2,0,1560,0
0,2,0,566,1
0,0,0,109,1
1,0,0,123,1
0,0,0,749,0
0,2,0,578,1
2,0,0,1653,0
1,0,0,456,1
0,2,0,561,1
0,0,0,228,1
1,0,0,506,0
4,0,0,1251,0
1,6,0,6834,0
3,0,0,1973,0
1,0,0,1404,0
0,0,0,375,0
0,2,0,557,1
0,3,0,591,1
0,2,0,566,1
0,4,0,592,1
2,0,0,1040,0
0,0,0,58,1
5,0,0,1115,0
0,2,0,606,1
0,2,0,596,1
1,0,0,1042,0
0,0,0,696,0
0,2,0,596,1
0,2,0,567,1
0,2,0,584,1
0,2,0,591,1
0,2,0,564,1
3,1,0,2536,0
0,2,0,561,1
0,2,0,586,1
0,2,0,593,1
0,2,0,564,1
0,4,0,577,1
0,0,0,742,0
0,3,0,594,1
0,4,0,591,1
2,0,0,1074,0
1,0,0,87,1
0,2,0,565,1
0,2,0,563,1
0,2,0,569,1
0,2,0,606,1
0,2,0,560,1
0,2,0,561,1
0,2,0,548,1
0,1,0,614,0
0,0,0,4128,0
2,1,0,1035,0
0,0,0,976,0
0,2,0,600,1
1,0,0,53,1
0,2,0,555,1
0,4,0,596,1
0,4,0,597,1
2,43,0,24684,0
0,3,0,618,1
0,3,0,599,1
0,4,0,590,1
0,6,0,3967,0
0,3,0,590,1
0,4,0,583,1
0,2,0,573,1
0,2,0,584,1
1,0,0,78,1
0,2,0,562,1
0,2,0,588,1
0,2,0,602,1
1,0,0,99,1
0,1,0,1231,0
0,2,0,602,1
1,0,0,463,1
6,0,0,9196,0
1,1,0,222,0
0,2,0,561,1
0,2,0,560,1
1,1,0,913,0
0,0,0,54,1
4,3,0,2259,0
2,1,0,1681,0
0,2,0,583,1
0,2,0,560,1
0,2,0,567,1
0,2,0,2083,0
0,2,0,589,1
0,2,0,586,1
1,0,0,217,1
0,2,0,571,1
0,2,0,932,0
0,2,0,571,1
0,2,0,595,1
2,0,0,155,1
0,0,0,109,1
2,0,0,655,0
1,1,0,568,1
2,1,0,1676,0
1,0,0,149,1
6,11,1,2578,0
0,0,0,233,1
0,0,0,493,1
0,0,0,782,1
1,0,0,78,1
1,0,0,166,1
0,0,0,723,0
1,0,0,99,1
0,0,0,466,1
0,2,0,577,1
2,1,0,1803,0
2,0,0,324,1
0,2,0,558,1
0,2,0,560,1
16,4,0,7079,0
1,1,0,6338,0
2,1,0,1342,0
4,1,0,2837,0
0,0,0,644,0
0,2,0,562,1
0,0,0,226,0
0,4,0,1335,0
0,2,0,567,1
0,2,0,558,0
0,2,0,583,1
0,0,0,855,1
0,2,0,561,1
0,2,0,574,1
1,0,0,294,1
2,13,0,6973,0
1,0,0,291,1
1,0,0,111,1
0,0,0,273,1
2,1,0,1347,0
1,0,0,167,1
0,1,0,586,0
0,2,0,567,1
2,0,0,975,0
0,0,0,1742,0
0,2,0,1492,0
0,11,0,800,0
2,0,0,717,0
1,0,0,214,1
2,0,0,529,0
0,3,0,602,1
1,0,0,78,1
2,0,0,605,0
3,5,0,5507,0
1,1,0,277,1
5,1,0,2722,0
0,2,0,596,1
0,2,0,554,1
0,2,0,586,1
1,0,0,98,1
0,5,0,3115,0
4,1,0,1345,0
1,6,0,1703,0
0,5,0,540,0
2,0,0,1967,0
1,0,0,171,1
0,2,0,585,1
1,0,0,2012,0
1,0,0,166,1
0,2,0,561,1
0,2,0,572,1
0,2,0,588,1
4,1,0,2808,0
6,0,0,1234,1
2,0,0,937,0
0,0,0,968,0
0,0,0,1768,0
0,0,0,981,0
2,0,0,2052,0
2,0,0,479,0
0,3,0,589,1
0,3,0,611,1
1,0,0,434,0
2,0,0,152,1
0,0,0,509,1
0,4,0,594,1
1,0,0,413,1
1,0,0,652,0
0,2,0,554,1
0,0,0,163,0
0,3,0,592,1
1,0,0,186,1
1,0,0,5718,0
0,5,0,3475,0
0,2,0,560,1
0,2,0,607,1
1,0,0,139,0
1,0,0,163,1
1,0,0,159,1
0,0,0,776,1
0,0,0,2151,0
0,2,0,548,1
2,1,0,1251,0
2,3,0,1259,0
0,1,0,1119,0
3,0,0,1246,0
4,2,0,5973,0
0,0,0,874,0
14,5,0,4980,0
0,1,0,2177,0
7,1,0,2232,0
1,0,0,365,1
2,0,0,4318,0
0,2,0,569,1
15,1,0,7181,0
0,2,0,586,1
1,0,0,463,1
0,2,0,569,1
7,1,0,2227,0
1,0,0,197,1
0,0,0,249,1
0,11,0,1236,0
0,2,0,560,1
0,2,0,578,1
2,0,0,1190,0
0,2,0,562,1
0,2,0,553,1
0,0,0,800,0
0,2,0,560,1
0,2,0,567,1
0,2,0,568,1
0,2,0,1614,0
1,0,0,163,1
3,1,0,5717,0
0,2,0,571,1
0,0,0,377,1
3,7,0,6169,0
0,0,0,222,1
0,2,0,561,1
0,2,0,573,1
0,2,0,569,1
1,0,0,250,1
0,2,0,563,1
0,2,0,586,1
0,0,0,350,0
0,2,0,560,1
0,2,0,606,1
0,2,0,558,1
0,2,0,560,1
0,2,0,204,0
3,0,0,836,0
1,0,0,100,1
1,0,0,300,1
8,1,0,2735,0
1,0,0,82,1
3,14,0,2087,0
1,2,0,563,0
3,2,0,1161,0
0,2,0,579,1
0,2,0,558,1
0,2,0,596,1
0,4,0,4485,0
0,0,0,858,0
4,0,0,1303,0
0,2,0,560,1
0,17,0,2188,0
1,0,0,200,1
1,0,0,161,1
1,0,0,247,1
0,0,0,582,0
1,0,0,173,1
1,0,0,137,1
0,0,0,1003,0
0,2,0,569,1
0,2,0,558,1
2,1,0,5613,0
1,0,0,283,1
1,0,0,618,1
1,0,0,133,1
1,0,0,160,1
8,1,0,2740,0
1,0,0,193,1
1,0,0,169,1
4,0,0,1959,0
2,0,0,793,0
0,1,0,900,0
0,0,0,135,0
1,0,0,182,1
2,1,0,1478,0
1,0,0,76,1
2,0,0,1358,0
0,2,0,591,1
0,2,0,559,1
0,0,0,865,1
1,0,0,77,1
1,0,0,173,1
4,0,0,1192,0
0,13,0,6627,0
0,2,0,566,1
0,9,0,1902,1
2,1,0,2827,0
1,0,0,618,0
0,2,0,560,1
1,0,0,52,1
0,3,0,929,0
5,4,0,1633,0
0,2,0,566,1
1,0,0,339,1
1,0,0,49,1
1,0,0,162,1
0,2,0,606,1
0,2,0,548,1
0,0,0,204,0
0,2,0,563,1
1,0,0,192,1
0,0,0,92,1
4,1,0,1619,0
1,0,0,108,1
0,0,0,2528,0
2,4,0,1296,0
0,2,0,554,1
1,0,0,1508,0
1,0,0,165,1
0,3,0,583,1
1,0,0,243,1
1,0,0,97,1
1,0,0,58,1
0,0,0,637,0
0,0,0,367,0
5,5,0,2096,0
1,0,0,5187,0
0,0,0,2925,0
0,0,0,203,0
1,0,0,178,1
2,0,0,648,0
7,0,0,4871,0
1,0,0,4812,0
1,0,0,59,1
1,0,0,272,1
1,0,0,312,1
3,0,0,462,0
0,0,0,552,1
2,0,0,152,1
1,0,0,659,0
1,0,0,80,1
0,0,0,249,1
1,0,0,130,1
3,0,0,1873,0
1,0,0,223,1
7,0,0,2094,0
1,0,0,208,1
1,0,0,307,1
1,0,0,189,1
1,1,0,139,1
1,0,0,393,0
1,0,0,169,1
1,0,0,315,1
0,0,0,464,0
1,0,0,241,1
1,1,0,208,1
1,0,0,185,1
0,2,0,570,1
1,0,0,176,1
0,4,0,1697,0
7,0,0,2503,0
0,2,0,566,1
3,0,0,467,0
3,0,0,820,0
2,0,0,2707,0
1,0,0,167,1
1,0,0,329,1
2,0,0,529,0
0,2,0,548,1
0,2,0,563,1
1,0,0,6484,0
1,0,0,383,1
2,0,0,154,1
1,0,0,171,1
0,2,0,580,1
1,0,0,161,1
0,1,0,737,0
1,0,0,337,1
1,0,0,366,1
1,0,0,160,1
0,0,0,455,1
3,5,0,6945,0
0,2,0,558,1
1,0,0,161,1
1,0,0,181,1
0,2,0,560,1
1,0,0,218,1
14,6,0,8202,0
1,0,0,171,1
1,0,0,170,1
0,0,0,158,1
4,0,0,773,0
0,0,0,146,1
0,2,0,559,1
1,0,0,361,1
0,0,0,279,0
1,0,0,237,1
1,0,0,113,1
4,0,0,778,0
0,2,0,561,1
7,1,0,2467,0
0,2,0,563,1
1,0,0,383,1
0,2,0,566,1
1,0,0,197,1
0,2,0,561,1
1,0,0,159,1
0,2,0,560,1
0,17,0,2514,0
0,2,0,563,1
0,2,0,591,1
1,0,0,408,1
0,2,0,566,1
1,0,0,183,1
0,2,0,553,1
1,0,0,167,1
0,2,0,589,1
11,4,0,4542,0
0,2,0,560,1
3,0,0,716,0
0,0,0,599,0
0,2,0,569,1
0,2,0,574,1
2,0,0,454,0
0,2,0,568,1
0,2,0,584,1
0,2,0,583,1
0,2,0,569,1
2,4,0,1026,0
8,3,0,3303,0
1,0,0,279,1
0,0,0,294,1
0,2,0,548,1
0,2,0,571,1
0,0,0,695,0
1,0,0,51,1
0,0,0,325,0
1,0,0,92,1
0,0,0,72,1
1,0,0,713,0
1,0,0,403,1
0,2,0,554,1
1,0,0,106,1
0,0,0,326,0
0,0,0,144,1
2,0,0,573,0
1,0,0,160,1
2,6,0,3198,0
1,0,0,179,1
1,0,0,60,1
1,0,0,174,1
0,2,0,567,1
2,0,0,578,0
0,2,0,559,1
0,2,0,596,1
5,0,0,845,0
0,0,0,996,0
1,0,0,2727,0
1,1,0,358,0
0,2,0,596,1
1,0,0,178,1
1,0,0,384,1
4,0,0,669,0
1,0,0,177,1
1,0,0,224,1
1,0,0,218,1
0,2,0,585,1
1,0,0,431,1
1,0,0,343,1
1,7,0,766,0
0,0,0,146,1
1,8,0,2853,0
1,0,0,177,1
0,0,0,1337,0
0,0,0,2805,0
1,0,0,167,1
4,0,0,768,0
1,0,0,179,1
1,0,0,219,1
1,0,0,174,1
0,0,0,358,0
0,2,0,593,1
1,0,0,448,1
0,0,0,217,1
0,18,0,2573,0
1,0,0,238,1
0,1,0,114,1
1,0,0,162,1
4,5,0,1851,0
1,0,0,170,1
0,0,0,35,1
0,2,0,891,0
1,3,0,486,0
0,3,0,1549,0
4,1,0,2647,0
0,2,0,567,1
0,27,0,21286,0
0,0,0,162,0
1,0,0,71,1
1,0,0,1125,0
0,3,0,610,1
0,3,0,601,1
11,1,0,14519,0
1,0,0,185,1
1,0,0,183,1
0,1,0,415,1
0,8,0,979,0
0,0,0,5781,0
0,2,0,569,1
1,0,0,302,1
1,0,0,411,1
0,2,0,588,1
1,0,0,129,1
0,2,0,560,1
0,2,0,570,1
1,2,0,335,0
1,0,0,258,1
0,2,0,562,1
1,0,0,456,1
1,0,0,340,1
0,1,0,857,0
0,0,0,3612,0
1,0,0,112,1
4,0,0,763,0
1,0,0,182,1
2,6,0,3374,0
0,2,0,570,1
1,0,0,179,1
0,2,0,587,1
0,2,0,569,1
4,0,0,759,0
0,2,0,583,1
0,2,0,606,1
1,0,0,160,0
0,2,0,584,1
4,0,0,919,0
2,7,0,3274,0
0,1,0,2017,0
0,2,0,581,1
2,5,0,1645,0
0,0,0,91,1
0,0,0,13510,0
2,0,0,630,0
1,0,0,114,1
1,0,0,109,1
7,0,0,1397,0
1,0,0,81,1
0,0,0,73,1
0,2,0,880,0
0,2,0,654,0
0,2,0,700,0
0,2,0,587,1
0,1,0,81,1
0,2,0,583,1
0,0,0,205,0
1,0,0,301,1
0,2,0,548,1
0,2,0,570,1
0,0,0,749,0
1,0,1,1380,0
10,0,0,1942,0
2,3,0,3209,0
0,2,0,588,1
0,2,0,565,1
9,0,0,1501,0
0,2,0,561,1
0,3,0,577,1
3,1,0,934,0
2,1,0,1094,0
0,0,0,1763,0
1,0,0,167,1
0,0,0,3643,0
1,1,0,72,1
17,8,0,10399,0
1,0,0,227,1
1,0,0,206,1
1,0,0,242,1
1,0,0,218,1
0,0,0,88,1
0,0,0,6759,0
1,0,0,180,1
0,2,0,566,1
1,11,0,969,0
1,0,0,174,1
2,0,0,1621,0
1,0,0,106,1
0,2,0,584,1
0,2,0,602,1
0,0,0,15692,0
0,2,0,561,1
0,2,0,589,1
0,0,0,437,0
0,2,0,566,1
0,0,0,529,0
2,1,0,865,0
0,0,0,2975,0
1,0,0,82,1
1,0,0,447,0
1,0,0,207,1
0,2,0,553,1
1,0,0,213,1
0,2,0,568,1
73,11,0,10762,0
1,0,0,105,1
1,0,0,167,1
1,0,0,184,1
1,0,0,384,1
1,0,0,309,1
0,0,0,375,0
1,0,0,178,1
1,0,0,259,1
0,0,0,167,1
1,0,0,293,1
1,0,0,403,1
1,0,0,544,1
1,0,0,273,1
1,2,0,1125,0
0,2,0,561,1
1,0,0,403,1
2,0,0,694,0
0,2,0,561,1
0,2,0,584,1
1,0,0,252,1
1,0,0,185,1
1,0,0,167,1
1,0,0,198,1
1,0,0,154,1
1,0,0,852,0
1,0,0,161,1
1,0,0,374,1
1,0,0,308,1
1,0,0,455,1
0,0,0,188,0
1,0,0,255,1
1,0,0,169,1
0,2,0,515,0
0,0,0,217,0
2,0,0,337,0
0,0,0,301,0
1,0,0,455,1
0,0,0,183,0
1,0,0,251,1
1,0,0,189,1
2,0,0,5789,0
1,0,0,364,1
1,0,0,83,1
0,0,0,596,0
0,0,0,90,1
1,0,0,179,1
1,0,0,325,1
1,0,0,188,1
1,0,0,403,1
0,1,0,1812,0
1,0,0,202,1
1,0,0,352,1
1,0,0,167,1
1,0,0,208,1
1,0,0,178,1
21,1,0,6424,0
2,0,0,407,1
0,0,0,41,1
1,0,0,312,1
1,0,0,165,1
0,0,0,194,1
1,0,0,399,1
6,2,0,7259,0
1,0,0,221,1
1,0,0,179,1
1,0,0,244,1
1,0,0,1194,0
1,1,0,210,1
1,1,0,261,1
1,0,0,455,1
0,0,0,415,0
1,0,0,182,1
1,0,0,148,1
1,0,0,399,1
1,0,0,175,1
1,0,0,244,1
1,1,0,143,1
1,0,0,305,1
4,0,0,1661,0
1,0,0,180,1
2,0,0,360,0
1,0,0,272,1
1,0,0,253,1
1,0,0,1406,0
1,0,0,339,1
0,7,0,426,0
1,0,0,237,1
1,1,0,172,1
0,1,0,2560,0
1,0,0,184,1
1,0,0,485,1
1,0,0,384,1
1,0,0,379,1
1,0,0,86,1
1,0,0,273,1
0,1,0,297,0
1,0,0,192,1
1,1,0,191,1
1,0,0,192,1
1,0,0,173,1
1,0,0,320,1
3,7,0,6192,0
1,0,0,148,1
1,0,0,197,1
1,0,0,265,1
1,0,0,195,1
1,0,0,1312,0
1,0,0,163,1
1,0,0,179,1
1,0,0,163,1
1,0,0,191,1
0,0,0,4554,0
1,0,0,362,1
0,0,0,166,1
1,0,0,147,1
0,0,0,2644,0
1,0,0,169,1
0,2,0,416,1
1,0,0,239,1
4,5,0,2720,0
1,0,0,165,1
2,0,0,656,1
5,1,0,8895,0
1,0,0,2224,0
2,0,0,1539,0
3,9,0,853,0
2,0,0,473,0
1,1,0,165,1
1,0,0,882,0
0,2,0,570,1
0,0,0,165,1
10,0,0,3684,0
0,2,0,567,1
0,0,0,88,1
1,0,0,90,1
0,0,0,91,1
0,0,0,1925,0
1,0,0,225,1
3,1,0,325,0
0,2,0,570,1
1,0,0,81,1
3,1,0,374,0
0,2,0,589,1
0,1,0,410,1
0,2,0,578,1
0,2,0,561,1
0,2,0,587,1
0,0,0,89,1
3,1,0,375,0
0,2,0,586,1
1,0,0,247,1
0,2,0,561,1
0,2,0,560,1
0,2,0,589,1
3,1,0,361,0
0,2,0,561,1
0,2,0,570,1
1,0,0,329,1
0,2,0,554,1
1,0,0,758,0
0,0,0,165,1
0,2,0,585,1
0,2,0,580,1
1,0,0,676,0
0,2,0,549,1
0,2,0,580,1
1,0,0,83,1
0,3,0,578,1
0,2,0,570,1
1,2,0,385,0
0,2,0,585,1
0,0,0,163,1
1,0,0,229,1
0,2,0,588,1
1,0,0,188,1
0,0,0,83,1
1,0,0,60,1
0,0,0,1439,0
0,2,0,562,1
0,2,0,569,1
0,2,0,561,1
0,2,0,585,1
6,0,0,2438,0
1,1,0,50,1
0,2,0,603,1
1,0,0,164,1
0,2,0,561,1
2,0,0,154,1
0,2,0,570,1
3,1,0,366,0
1,0,0,330,1
1,0,0,766,0
1,0,0,169,1
1,1,0,313,1
0,2,0,562,1
1,0,0,223,1
0,2,0,555,1
0,0,0,572,0
0,2,0,562,1
0,2,0,560,1
1,0,0,67,1
6,0,0,2684,0
0,2,0,567,1
0,2,0,595,1
0,2,0,578,1
0,3,0,591,1
0,2,0,568,1
0,2,0,567,1
3,1,0,363,0
0,2,0,570,1
0,2,0,571,1
0,2,0,563,1
4,0,0,3731,0
0,0,0,2039,0
1,1,0,498,0
0,0,0,1140,0
3,1,0,356,0
1,0,0,207,1
1,0,0,732,0
0,2,0,601,1
0,2,0,585,1
0,0,0,143,1
3,1,0,355,0
0,0,0,146,1
0,2,0,597,1
0,2,0,580,1
3,1,0,361,0
0,2,0,574,1
0,2,0,399,1
0,2,0,578,1
0,6,0,665,0
1,0,0,118,1
0,2,0,577,1
0,2,0,572,1
0,2,0,513,0
1,0,0,210,1
0,2,0,603,1
0,2,0,607,1
1,1,0,1277,0
0,2,0,561,1
0,2,0,572,1
3,0,0,660,0
0,2,0,570,1
0,0,0,24,1
0,0,0,168,1
4,0,0,4856,0
1,0,0,45,1
1,0,0,327,1
6,0,0,1618,0
0,3,0,592,1
0,0,0,167,1
67,7,0,21659,0
1,0,0,1350,0
0,2,0,1984,0
3,1,0,363,0
0,0,0,161,0
1,12,0,4633,0
0,2,0,563,1
0,1,0,848,0
1,0,0,73,1
0,0,0,1174,0
0,0,0,144,1
0,2,0,571,1
0,0,0,3645,0
1,0,0,228,1
0,2,0,563,1
1,0,0,1192,0
0,2,0,565,1
1,0,0,289,1
1,0,0,73,1
3,1,0,359,0
0,2,0,575,1
1,1,0,218,1
0,0,0,454,1
0,0,0,1191,0
1,0,0,75,1
1,0,0,78,1
0,1,0,1116,0
0,2,0,566,1
3,1,0,358,0
1,0,0,276,1
0,0,0,1682,0
2,0,0,3860,0
3,0,0,1472,0
0,0,0,825,0
0,7,0,527,0
0,2,0,3555,0
1,0,0,134,1
1,1,0,258,1
0,0,0,6388,0
1,0,0,109,1
1,0,0,149,1
0,2,0,557,1
0,1,0,516,1
0,2,0,585,1
0,2,0,570,1
0,2,0,562,1
10,4,0,1850,0
0,2,0,563,1
0,2,0,561,1
1,0,0,105,1
1,0,0,76,1
7,0,0,1513,0
1,0,0,58,1
1,0,0,815,0
0,2,0,585,1
0,2,0,592,1
0,23,0,12824,0
0,2,0,567,1
0,0,0,3161,0
2,0,0,1223,0
1,0,0,61,1
0,2,0,584,1
1,0,0,79,1
0,2,0,584,1
2,0,0,2054,0
0,2,0,560,1
0,2,0,567,1
0,2,0,562,1
1,1,0,1337,0
1,0,0,77,1
4,0,0,5660,0
0,2,0,565,1
0,0,0,166,1
0,0,0,144,1
0,0,0,756,0
2,0,0,159,1
1,1,0,1058,0
0,0,0,1331,0
3,1,0,1201,0
0,0,0,495,0
4,1,0,1297,0
4,1,0,8280,0
0,2,0,576,1
0,2,0,561,1
0,2,0,562,1
0,0,0,423,0
3,1,0,359,0
0,2,0,565,1
0,0,0,206,1
0,0,0,422,0
0,2,0,559,1
0,0,0,214,1
0,0,0,514,0
9,5,0,3348,0
3,3,0,1702,0
0,0,0,510,0
0,0,0,357,0
0,0,0,1503,0
1,0,0,75,1
1,0,0,77,1
1,1,0,2066,0
0,2,0,564,1
1,0,0,339,1
1,0,0,109,1
1,0,0,808,0
1,0,0,739,0
0,2,0,562,1
0,2,0,561,1
0,0,0,415,1
2,15,0,2463,0
1,3,0,889,0
3,0,0,22786,0
1,0,0,3482,0
0,0,0,3598,0
0,2,0,592,1
1,0,0,568,0
3,0,0,2081,0
3,1,0,359,0
0,0,0,221,1
1,0,0,463,1
3,1,0,357,0
1,0,0,86,1
0,0,0,951,0
0,2,0,564,1
0,2,0,562,1
1,0,0,77,1
0,0,0,81,0
3,0,0,1736,0
8,0,0,1989,0
3,1,0,357,0
1,0,0,729,0
1,0,0,127,1
2,1,0,1675,0
0,0,0,209,1
1,0,0,162,1
0,2,0,338,0
2,1,0,457,0
0,2,0,572,1
1,0,0,67,1
0,2,0,569,1
0,2,0,563,1
1,0,0,318,0
1,0,0,81,1
1,0,0,361,1
0,4,0,605,1
8,0,0,1838,0
0,2,0,585,1
2,0,0,3021,0
0,0,0,1415,0
3,0,0,4476,0
1,4,0,2069,1
77,13,0,27200,0
24,0,0,8207,0
2,0,0,1486,0
0,2,0,593,1
0,3,0,5051,0
0,0,0,34,1
0,0,0,2807,0
0,0,0,202,1
0,0,0,737,0
0,2,0,562,1
1,0,0,277,1
4,1,0,1475,0
1,0,0,89,1
1,0,0,128,1
1,0,0,1201,0
0,0,0,1051,0
10,1,0,6230,0
0,0,0,829,0
2,0,0,1410,0
4,0,0,554,0
1,0,0,159,1
0,0,0,80,1
0,2,0,492,1
0,0,0,1128,0
1,0,0,128,1
0,2,0,555,1
1,0,0,115,1
1,0,0,360,1
1,0,0,375,1
1,0,0,1908,0
1,0,0,95,1
0,2,0,572,1
0,0,0,3030,0
1,0,0,262,0
13,0,0,1865,0
4,1,0,2930,0
3,1,0,359,0
0,3,0,6069,0
1,1,0,549,1
0,0,0,309,0
0,2,0,571,1
0,2,0,571,1
3,1,0,358,0
0,10,0,7971,0
1,1,0,2348,0
3,1,0,359,0
1,0,0,842,0
0,2,0,572,1
3,1,0,358,0
0,2,0,587,1
0,0,0,435,1
2,0,0,3832,0
0,1,0,342,1
1,0,0,92,1
82,6,0,28399,0
1,0,0,310,1
1,0,0,128,1
3,1,0,359,0
0,2,0,565,1
0,0,0,906,0
0,1,0,3557,0
0,0,0,1450,0
1,0,0,195,1
3,1,0,357,0
1,0,0,106,1
49,2,0,6997,0
1,0,0,63,1
1,0,0,150,1
0,0,0,121,1
3,1,0,359,0
1,0,0,752,1
1,0,0,74,1
1,0,0,68,1
1,0,0,86,1
9,2,0,8991,0
1,0,0,86,1
1,0,0,71,1
1,1,0,259,1
3,1,0,358,0
0,0,0,580,0
2,1,0,1338,0
1,0,0,59,1
1,0,0,485,1
0,0,0,59,1
3,1,0,359,0
1,0,0,74,1
1,0,0,272,1
30,7,0,6190,0
7,0,0,3879,0
0,4,0,588,1
1,0,0,85,1
1,0,0,78,1
3,1,0,358,0
1,0,0,294,0
0,0,0,44,1
3,0,0,1844,0
1,3,0,1800,0
2,0,0,2789,0
0,2,0,1475,1
0,0,0,3397,0
0,0,0,420,1
1,1,0,202,1
0,2,0,590,1
4,0,0,1135,0
0,0,0,400,0
0,5,0,6954,0
0,0,0,379,0
4,0,0,3154,0
0,0,0,123,1
1,0,0,72,1
5,1,0,4193,0
1,0,0,77,1
4,0,0,770,0
1,0,0,872,0
1,0,0,230,1
0,0,0,123,1
0,0,0,854,0
1,0,0,2878,0
0,0,0,743,0
4,2,0,7535,0
1,2,0,497,1
11,2,0,2569,0
1,0,0,61,1
1,0,0,52,1
1,0,0,45,1
1,1,0,631,0
0,0,0,830,0
0,0,0,956,0
1,0,0,184,1
1,1,0,60,1
1,1,0,619,0
1,0,0,80,1
2,0,0,152,1
1,0,0,595,0
3,0,0,1020,0
0,0,0,605,0
40,5,0,11572,0
2,0,0,1840,0
1,0,0,164,1
0,0,0,120,1
1,0,0,995,0
0,2,0,570,1
1,0,0,65,1
1,0,0,522,1
1,0,0,82,1
0,0,0,1090,0
1,0,0,212,0
0,0,0,367,0
0,6,0,9671,0
0,0,0,371,1
0,1,0,257,0
8,0,0,4633,0
139,144,0,34504,0
0,0,0,122,1
1,0,0,808,0
0,1,0,428,1
1,0,0,92,1
0,0,0,722,0
0,0,0,208,1
0,0,0,752,0
4,2,0,2059,0
4,0,0,2530,0
1,0,0,69,1
0,0,0,232,0
1,0,0,281,1
1,0,0,61,1
0,14,0,1634,0
1,0,0,60,1
1,0,0,106,1
2,1,0,12215,0
6,1,0,1481,0
0,0,0,1018,0
2,0,0,5583,0
1,0,0,264,1
1,2,0,1289,0
0,4,0,592,1
0,1,0,109,1
1,0,0,151,1
0,0,0,263,1
0,0,0,392,0
0,0,0,80,0
3,0,0,2173,0
2,0,0,2295,0
0,0,0,1596,0
0,0,0,366,0
2,0,0,1497,0
1,0,0,192,1
1,0,0,79,1
1,0,0,377,1
0,0,0,249,1
3,4,0,4121,0
2,0,0,534,0
0,0,0,246,0
2,0,0,1643,0
5,0,0,2814,0
5,1,0,2727,0
0,0,0,261,1
1,0,0,329,1
1,0,0,91,1
5,0,0,1635,0
1,0,0,68,1
1,0,0,85,1
0,0,0,99,1
1,0,0,204,1
1,0,0,114,1
0,0,0,32,1
3,0,0,1999,0
0,0,0,121,1
4,0,0,1033,0
0,0,0,605,0
1,1,0,864,0
0,0,0,185,1
5,1,0,820,0
1,2,0,490,1
3,0,0,957,0
1,0,0,84,1
0,0,0,79,1
1,0,0,722,0
2,2,0,261,0
0,0,0,403,0
5,0,0,687,0
0,6,0,4392,0
1,0,0,71,1
1,0,0,184,1
1,0,0,544,1
1,0,0,47,1
0,0,0,2601,0
1,0,0,92,1
0,4,0,655,1
1,0,0,318,1
2,0,0,1081,0
1,0,0,564,0
0,1,0,1304,0
3,1,0,359,0
2,0,0,644,0
1,0,0,54,1
1,0,0,181,1
3,1,0,1794,0
1,0,0,57,1
0,0,0,34,1
1,0,0,256,1
0,0,0,3089,0
0,0,0,507,0
3,1,0,359,0
0,1,0,2796,0
3,1,0,359,0
1,0,0,978,0
0,0,0,563,0
0,0,0,65,1
1,0,0,248,1
0,0,0,57,1
0,4,0,5448,0
1,1,0,109,1
0,0,0,65,1
2,3,0,918,0
1,0,0,189,0
2,2,0,1294,0
0,10,0,9520,0
1,0,0,135,1
2,1,0,475,0
0,0,0,132,1
0,0,0,1104,0
1,0,0,194,1
3,1,0,354,0
1,0,0,523,1
3,1,0,359,0
4,2,0,2467,0
0,2,0,560,1
0,2,0,591,1
0,2,0,584,1
0,2,0,584,1
0,2,0,587,1
0,2,0,562,1
1,0,0,792,0
0,2,0,576,1
0,2,0,583,1
0,2,0,554,1
0,2,0,569,1
0,0,0,391,0
0,2,0,587,1
3,1,0,355,0
6,0,0,855,0
0,0,0,675,1
0,0,0,48,1
0,0,0,1199,0
2,0,0,1302,0
1,1,0,50,1
1,0,0,1555,0
0,1,0,2100,0
1,0,0,60,1
1,0,0,52,1
0,0,0,70,1
0,2,0,561,1
6,2,0,2902,0
23,3,0,8134,0
0,1,0,1017,0
1,0,0,3816,0
1,0,0,3542,0
1,0,0,81,1
0,0,0,110,1
0,10,0,4707,0
0,2,0,595,1
0,2,0,564,1
0,2,0,561,1
0,118,0,17563,0
0,0,0,426,1
2,0,0,327,0
1,0,0,341,1
0,0,0,729,0
0,0,0,204,1
0,0,0,35,1
0,2,0,597,1
0,2,0,607,1
0,20,0,3882,0
5,0,0,1917,0
0,0,0,2155,0
0,1,0,1410,0
1,21,0,6331,0
4,2,0,2319,0
2,0,0,1272,0
7,2,0,1507,0
0,2,0,564,1
0,2,0,607,1
3,1,0,351,0
0,2,0,591,1
0,2,0,560,1
0,2,0,587,1
0,0,0,88,1
1,4,0,877,0
0,1,0,248,1
0,1,0,2122,0
0,2,0,585,1
0,2,0,569,1
0,2,0,601,1
0,0,0,667,0
0,2,0,562,1
1,0,0,105,1
1,0,0,68,1
4,2,0,2347,0
4,2,0,2706,0
2,0,0,3870,0
3,1,0,359,0
3,1,0,1285,0
0,2,0,572,1
1,0,0,84,1
0,2,0,570,1
0,0,0,1145,0
0,0,0,76,1
0,2,0,570,1
1,0,0,73,1
1,0,0,297,1
0,0,0,407,0
0,2,0,588,1
2,6,0,1891,0
0,0,0,55,1
0,2,0,562,1
0,2,0,591,1
0,0,0,979,0
0,0,0,59,0
0,1,0,2177,0
0,0,0,860,0
0,0,0,1039,0
0,2,0,584,1
3,1,0,355,0
0,2,0,568,1
0,1,0,505,0
1,0,0,53,1
0,2,0,566,1
2,0,0,2375,0
0,0,0,721,0
3,1,0,352,0
0,0,0,2309,0
0,2,0,587,1
0,0,0,278,1
3,1,0,356,0
0,0,0,298,1
0,0,0,239,1
1,0,0,294,1
2,0,0,690,0
1,0,0,277,1
8,2,0,10419,0
0,2,0,566,1
0,2,0,587,1
0,0,0,136,1
8,2,0,10419,0
0,0,0,213,1
0,0,0,24,1
0,0,0,574,0
1,0,0,468,0
0,1,0,1773,0
0,0,0,748,0
0,2,0,555,1
0,3,0,591,1
0,0,0,54,1
0,0,0,638,0
1,0,0,230,1
0,2,0,562,1
1,0,0,884,0
0,0,0,139,1
0,2,0,562,1
0,2,0,575,1
0,2,0,568,1
0,0,0,109,1
0,0,0,491,0
0,2,0,560,1
1,3,0,593,0
0,0,0,507,0
0,2,0,585,1
0,2,0,559,1
0,2,0,561,1
0,2,0,558,1
3,1,0,357,0
0,2,0,560,1
0,2,0,586,1
0,2,0,570,1
0,2,0,583,1
0,2,0,563,1
0,2,0,562,1
0,2,0,606,1
0,2,0,575,1
3,1,0,358,0
0,2,0,557,1
0,2,0,557,1
2,6,0,1303,0
0,2,0,587,1
0,2,0,561,1
0,0,0,229,1
1,1,0,1872,0
0,0,0,58,1
0,0,0,60,1
0,2,0,578,1
0,2,0,554,1
1,0,0,1023,0
1,0,0,105,1
3,1,0,357,0
0,2,0,560,1
1,0,0,6193,0
1,0,0,4665,0
0,0,0,746,0
2,2,0,596,1
0,0,0,66,1
0,0,0,4564,0
0,0,0,137,1
1,0,0,54,1
1,0,0,1048,0
0,0,0,138,1
0,0,0,1445,0
3,1,0,354,0
1,0,0,330,0
0,2,0,591,1
2,0,0,1735,0
3,0,0,3144,0
0,1,0,1726,0
0,0,0,61,1
0,0,0,135,1
0,2,0,562,1
0,0,0,421,1
1,0,0,545,0
0,1,0,115,1
0,2,0,578,1
1,0,0,77,1
3,1,0,361,0
0,2,0,566,1
1,22,1,5861,0
0,2,0,563,1
6,0,0,5621,0
1,3,0,1442,0
5,0,0,3072,0
0,2,0,562,1
0,2,0,562,1
3,1,0,363,0
0,2,0,565,1
0,2,0,585,1
0,2,0,569,1
0,2,0,577,1
0,1,0,1743,0
1,0,0,89,1
0,2,0,567,1
0,0,0,2117,0
0,2,0,589,1
1,0,0,93,1
2,0,0,1962,0
0,0,0,941,0
3,1,0,351,0
0,0,0,3390,0
3,1,0,355,0
5,0,0,1297,0
3,1,0,352,0
3,1,0,356,0
0,3,0,595,1
12,6,0,11444,0
0,0,0,109,1
0,2,0,595,1
1,0,0,104,1
5,3,0,3449,0
1,0,0,96,1
2,0,0,745,0
3,1,0,355,0
0,0,0,3859,0
0,4,0,2177,0
2,0,0,798,0
0,0,0,316,0
0,2,0,596,1
0,2,0,560,1
3,1,0,361,0
0,2,0,569,1
5,0,0,852,0
0,2,0,560,1
2,1,0,4610,0
1,0,0,109,1
0,2,0,561,1
0,2,0,601,1
1,1,0,3846,0
0,2,0,564,1
0,2,0,562,1
5,2,0,4279,0
1,0,0,76,1
0,0,0,717,0
1,3,0,3024,0
2,0,0,2402,0
0,7,0,3925,0
1,0,0,609,0
0,2,0,561,1
0,2,0,556,1
0,2,0,569,1
0,2,0,560,1
1,0,0,110,1
0,2,0,571,1
6,0,0,5172,0
1,0,0,80,1
0,2,0,559,1
5,0,0,5926,0
0,2,0,570,1
0,2,0,559,1
0,0,0,109,1
3,1,0,2276,0
0,2,0,561,1
0,0,0,818,1
0,2,0,568,1
0,2,0,561,1
0,0,0,108,1
0,0,0,135,1
3,1,0,361,0
1,0,0,1731,0
0,2,0,548,1
0,2,0,563,1
0,0,0,481,0
3,1,0,363,0
0,0,0,429,0
0,2,0,562,1
0,2,0,561,1
3,1,0,363,0
1,0,0,230,1
0,4,0,768,0
1,0,0,372,1
0,0,0,281,1
3,1,0,365,0
1,0,0,77,1
0,2,0,584,1
0,0,0,273,1
0,2,0,556,1
0,3,0,578,1
3,1,0,356,0
0,2,0,560,1
0,2,0,560,1
0,0,0,65,1
0,0,0,390,1
1,0,0,58,1
3,1,0,356,0
1,0,0,79,1
3,0,0,1246,0
0,1,0,249,1
0,2,0,567,1
0,0,0,2366,0
0,2,0,587,1
0,2,0,563,1
3,1,0,356,0
0,2,0,583,1
0,2,0,553,1
3,1,0,366,0
0,2,0,561,1
0,2,0,583,1
1,0,0,638,0
2,0,0,734,0
0,0,0,652,0
0,2,0,560,1
0,2,0,602,1
0,2,0,594,1
3,1,0,361,0
3,1,0,363,0
0,2,0,570,1
0,0,0,183,0
3,0,0,1457,0
0,2,0,566,1
0,2,0,587,1
0,0,0,390,1
0,2,0,561,1
0,1,0,110,1
0,0,0,469,0
1,0,0,533,0
0,2,0,560,1
1,0,0,1700,0
0,0,0,1186,0
0,2,0,586,1
1,0,0,2833,0
0,2,0,586,1
0,0,0,416,0
0,0,0,748,0
0,2,0,607,1
0,2,0,558,1
1,0,0,91,1
1,0,0,83,1
0,0,0,6597,0
0,0,0,112,1
1,0,0,564,1
1,0,0,86,1
3,1,0,356,0
1,0,0,292,1
1,0,0,317,1
1,0,0,76,1
2,0,0,2304,0
1,0,0,315,1
0,2,0,584,1
1,0,0,53,1
0,2,0,594,1
0,2,0,570,1
25,1,0,7409,0
1,0,0,179,1
0,2,0,570,1
1,0,0,548,0
0,2,0,571,1
0,2,0,569,1
0,0,0,120,0
2,0,0,910,0
0,2,0,569,1
2,10,0,13082,0
0,2,0,584,1
0,2,0,583,1
1,2,0,673,0
30,5,0,10675,0
0,0,0,112,1
1,0,0,113,1
0,2,0,569,1
0,2,0,560,1
34,3,0,9069,0
1,0,0,81,1
1,0,0,109,1
6,2,0,2211,0
1,0,0,55,1
1,0,0,261,1
1,0,0,74,1
2,0,0,2406,0
4,0,0,1562,0
1,0,0,76,1
0,2,0,564,1
0,2,0,557,1
4,0,0,405,0
8,4,0,4351,0
0,2,0,640,0
2,0,0,156,1
0,2,0,584,1
1,0,0,85,1
1,0,0,98,1
0,0,0,706,0
0,4,0,600,1
1,0,0,476,1
0,2,0,587,1
1,0,0,75,1
1,0,0,75,1
0,2,0,555,1
5,2,0,1665,0
1,0,0,52,1
1,0,0,500,1
1,0,0,539,1
3,1,0,1680,0
0,2,0,582,1
10,1,0,4358,0
0,3,0,590,1
0,2,0,577,1
11,0,0,3338,0
1,0,0,297,0
0,2,0,583,1
0,2,0,586,1
0,2,0,566,1
0,2,0,570,1
3,1,0,366,0
3,1,0,366,0
1,0,0,75,1
1,0,0,76,1
1,0,0,785,0
1,0,0,77,1
1,0,0,86,1
0,2,0,558,1
0,0,0,484,0
1,0,0,62,1
1,0,0,75,1
25,3,0,10285,0
1,0,0,82,1
5,0,0,730,0
0,2,0,565,1
1,0,0,115,1
0,2,0,573,1
0,2,0,570,1
1,0,0,106,1
0,2,0,584,1
2,0,0,143,1
1,0,0,69,1
0,0,0,1637,0
1,0,0,131,1
3,0,0,6023,0
1,0,0,89,1
1,2,0,331,0
0,2,0,564,1
3,0,0,864,0
0,2,0,548,1
0,2,0,560,1
0,2,0,594,1
2,1,0,1374,0
0,0,0,1358,0
3,11,0,9639,0
0,2,0,561,1
0,2,0,584,1
0,2,0,566,1
3,6,0,2398,1
0,2,0,559,1
1,0,0,60,1
0,2,0,606,1
0,0,0,842,1
1,3,0,1217,0
0,2,0,570,1
0,0,0,134,1
3,1,0,372,0
1,0,0,303,1
1,6,0,2597,0
0,3,0,599,1
0,2,0,584,1
0,2,0,561,1
3,1,0,384,0
1,1,0,9860,0
0,2,0,570,1
1,1,0,522,1
1,2,0,1410,0
3,3,0,1398,0
0,2,0,572,1
1,2,0,1592,0
0,2,0,582,1
3,0,0,881,0
0,2,0,593,1
0,2,0,565,1
1,0,0,1238,0
0,2,0,561,1
3,1,0,373,0
0,0,0,96,1
3,0,0,785,0
0,2,0,565,1
0,2,0,586,1
0,2,0,584,1
2,0,0,380,1
0,1,0,468,0
0,2,0,565,1
0,0,0,256,1
0,0,0,897,0
1,0,0,180,1
0,2,0,560,1
0,2,0,586,1
0,2,0,984,0
0,2,0,584,1
0,2,0,562,1
0,2,0,568,1
0,0,0,2202,0
0,2,0,587,1
0,2,0,563,1
3,1,0,385,0
3,1,0,355,0
0,0,0,81,1
1,1,0,522,1
0,0,0,223,1
1,0,0,87,1
0,2,0,4770,0
0,2,0,566,1
2,0,0,1222,0
0,2,0,600,1
1,0,0,96,1
0,3,0,591,1
0,0,0,1147,0
1,0,0,257,1
1,0,0,924,0
0,0,0,242,1
0,0,0,229,1
0,0,0,273,1
0,2,0,594,1
0,0,0,892,0
0,0,0,229,1
0,0,0,1838,0
0,0,0,243,1
0,0,0,205,1
0,0,0,259,1
0,2,0,562,1
0,2,0,584,1
0,2,0,591,1
2,0,0,1217,0
0,0,0,330,1
0,0,0,261,1
0,0,0,701,0
3,0,0,3519,0
1,1,0,781,0
0,0,0,1420,0
0,2,0,560,1
0,0,0,254,1
0,0,0,232,1
1,0,0,216,0
0,0,0,202,1
0,0,0,223,1
0,0,0,1515,0
0,1,0,1163,0
0,0,0,231,1
1,0,0,137,1
5,1,0,3206,0
0,0,0,265,1
0,2,0,564,1
0,0,0,273,1
0,0,0,1359,0
0,2,0,589,1
0,0,0,220,1
0,2,0,580,1
3,0,0,1659,0
0,1,0,336,1
0,0,0,237,1
2,0,0,2914,0
0,0,0,323,1
0,0,0,323,1
7,2,0,4630,0
0,1,0,4057,0
0,0,0,133,1
0,0,0,1218,0
0,2,0,563,1
0,0,0,335,0
1,3,0,5743,0
0,2,0,592,1
2,0,0,1124,0
5,0,0,6428,0
0,2,0,581,1
0,2,0,568,1
0,0,0,24,1
0,2,0,573,1
0,0,0,73,1
0,2,0,1253,0
0,0,0,1163,0
1,0,0,1002,0
1,0,0,53,1
0,2,0,587,1
0,2,0,584,1
0,2,0,569,1
1,0,0,108,1
0,0,0,312,1
0,0,0,1041,0
0,2,0,562,1
0,2,0,918,0
0,2,0,583,1
0,0,0,318,1
28,3,0,11179,0
0,2,0,560,1
2,0,0,1119,0
3,1,0,666,0
0,0,0,742,0
4,1,0,1848,0
0,2,0,555,1
0,0,0,90,1
1,2,0,401,0
0,0,0,22,1
3,1,0,359,0
1,16,0,780,1
0,0,0,1114,0
0,0,0,1208,0
0,0,0,266,0
0,2,0,593,1
0,2,0,553,1
3,0,0,1247,0
0,2,0,589,1
0,2,0,548,1
0,0,0,92,1
0,2,0,1717,0
0,2,0,563,1
0,2,0,593,1
1,1,0,49,1
2,1,0,10202,0
0,2,0,562,1
1,0,0,131,1
1,0,0,1908,0
1,1,0,625,0
0,2,0,565,1
0,2,0,568,1
3,0,0,1252,0
2,0,0,2129,0
3,0,0,1265,0
1,3,0,1000,0
0,0,0,465,1
0,0,0,42,1
1,0,0,866,0
0,2,0,562,1
0,2,0,562,1
0,0,0,692,0
0,3,0,440,1
0,0,0,222,1
1,4,0,1264,0
0,2,0,574,1
0,2,0,586,1
5,0,0,5416,0
2,0,0,1825,0
1,0,0,862,0
0,2,0,569,1
2,0,0,637,0
1,0,0,934,0
0,0,0,620,0
0,3,0,590,1
0,2,0,588,1
3,0,0,1433,0
0,2,0,584,1
0,2,0,570,1
2,0,0,632,0
0,0,0,92,1
1,0,0,318,1
3,0,0,758,0
1,0,0,1638,0
1,1,0,3733,0
0,2,0,579,1
0,2,0,584,1
0,2,0,560,1
3,0,0,1139,0
0,0,0,76,1
0,0,0,77,1
0,2,0,570,1
0,2,0,560,1
6,0,0,2873,0
3,0,0,1287,0
1,0,0,78,1
0,2,0,557,1
1,0,0,105,1
0,2,0,575,1
0,0,0,979,0
0,2,0,571,1
1,0,0,74,1
0,2,0,596,1
22,4,0,12244,0
0,2,0,588,1
0,0,0,690,0
0,1,0,347,1
3,11,0,9662,0
0,0,0,944,0
0,2,0,560,1
0,0,0,197,0
0,2,0,602,1
0,2,0,567,1
0,2,0,563,1
3,1,0,366,0
3,1,0,4247,0
0,0,0,72,1
0,0,0,684,0
0,2,0,590,1
1,0,0,79,1
0,2,0,564,1
1,0,0,517,0
0,2,0,584,1
0,2,0,561,1
0,2,0,571,1
0,2,0,581,1
1,0,0,73,1
3,0,0,818,0
0,0,0,231,1
2,0,0,1007,1
0,0,0,767,0
13,0,0,5832,0
0,2,0,571,1
0,2,0,561,1
0,2,0,566,1
0,2,0,586,1
0,0,0,1319,0
3,1,0,366,0
0,3,0,764,0
0,2,0,561,1
0,2,0,562,1
1,0,0,115,1
5,0,0,1434,0
1,1,0,585,0
1,0,0,83,1
3,0,0,1852,0
0,0,0,222,1
1,1,0,1120,0
0,0,0,316,0
3,1,0,1800,0
2,0,0,1913,0
0,2,0,565,1
0,2,0,591,1
0,2,0,553,1
2,0,0,1918,0
3,0,0,1355,0
9,5,0,3280,0
2,0,0,144,1
1,0,0,132,1
1,0,0,1590,0
0,2,0,414,1
1,0,0,74,1
0,2,0,562,1
0,2,0,561,1
3,1,0,2015,0
0,2,0,576,1
0,2,0,589,1
0,2,0,602,1
0,0,0,798,0
0,2,0,584,1
1,0,0,1010,0
1,0,0,478,0
1,4,0,4148,0
0,2,0,565,1
0,2,0,574,1
0,2,0,558,1
1,0,0,2183,0
6,0,0,2389,0
2,0,0,829,0
0,2,0,561,1
0,2,0,603,1
1,0,0,77,1
0,0,0,3168,0
1,8,0,843,0
0,2,0,563,1
0,0,0,1778,0
2,0,0,824,0
0,0,0,527,0
1,0,0,136,1
0,0,0,34,1
1,0,0,2494,0
0,2,0,570,1
5,0,0,3789,0
29,18,0,7178,0
0,0,0,237,0
0,2,0,570,1
1,0,0,77,1
1,4,0,1367,0
3,0,0,1563,0
4,0,0,1447,0
1,0,0,81,1
0,0,0,1753,0
0,2,0,561,1
0,2,0,583,1
0,0,0,41,1
0,0,0,106,0
0,2,0,590,1
0,1,0,256,1
1,0,0,104,1
1,1,0,522,1
0,2,0,564,1
1,4,0,1367,0
2,6,0,939,0
0,1,0,1463,0
0,2,0,569,1
0,3,0,577,1
2,10,0,689,0
2,10,0,1222,0
1,0,0,642,0
1,0,0,94,1
0,2,0,569,1
1,0,0,82,1
8,0,0,2025,0
0,2,0,590,1
1,0,0,81,1
0,2,0,562,1
4,0,0,2379,0
1,0,0,73,1
1,0,0,79,1
4,0,0,10112,0
0,0,0,1939,0
0,2,0,570,1
0,2,0,588,1
18,0,0,3244,0
3,1,0,359,0
3,0,0,3193,0
0,2,0,554,1
10,0,0,2138,0
1,0,0,131,1
19,0,0,5659,0
0,2,0,576,1
0,2,0,571,1
0,0,0,760,0
3,1,0,359,0
4,1,0,12971,0
2,0,0,1906,0
0,2,0,571,1
0,0,0,90,1
0,0,0,92,1
1,0,0,53,1
12,4,0,3636,0
0,0,0,868,1
3,0,0,895,0
0,3,0,577,1
1,0,0,164,1
0,0,0,479,0
0,2,0,560,1
0,2,0,596,1
5,0,0,1412,0
0,0,0,1295,0
1,0,0,89,1
0,2,0,560,1
2,0,0,4010,0
0,2,0,563,1
0,2,0,561,1
0,2,0,565,1
6,0,0,1417,1
0,2,0,559,1
6,0,0,1671,0
1,0,0,243,1
0,0,0,1239,0
1,0,0,222,1
0,0,0,75,1
3,0,0,2583,0
0,2,0,573,1
0,2,0,569,1
0,2,0,558,1
3,1,0,3849,0
1,0,0,45,1
12,1,0,13401,0
0,2,0,4808,0
3,0,0,1082,0
1,0,0,1808,0
0,2,0,560,1
1,0,0,65,1
0,2,0,3621,0
0,0,0,415,0
0,0,0,75,1
0,2,0,577,1
0,2,0,572,1
3,6,0,9537,0
0,2,0,606,1
0,2,0,606,1
0,0,0,838,1
3,0,0,1077,0
1,0,0,137,1
0,0,0,88,1
0,0,0,337,0
3,0,0,963,0
0,0,0,233,0
0,0,0,65,0
0,2,0,587,1
5,3,0,3369,0
0,0,0,115,0
0,3,0,577,1
0,0,0,83,1
0,2,0,561,1
3,0,0,968,0
1,1,0,181,1
1,0,0,387,1
1,0,0,135,1
62,0,0,12294,0
1,0,0,310,1
0,0,0,2474,0
1,8,0,18222,0
0,2,0,569,1
0,2,0,579,1
19,2,0,48785,0
0,2,0,571,1
0,2,0,589,1
0,2,0,581,1
0,0,0,7329,0
1,0,0,812,0
1,0,0,114,1
0,0,0,531,0
2,0,0,142,1
2,0,0,692,0
0,2,0,561,1
0,2,0,548,1
1,1,0,1601,0
1,0,0,102,1
1,0,0,81,1
2,11,0,891,0
2,0,0,920,0
0,2,0,553,1
0,2,0,560,1
0,2,0,594,1
1,2,0,1277,0
2,0,0,898,0
1,0,0,132,1
0,1,0,43,1
7,5,0,2434,0
0,0,0,3179,0
7,5,0,2434,0
0,2,0,566,1
2,0,0,687,0
0,2,0,591,1
2,0,0,1662,0
1,0,0,207,1
0,0,0,130,1
0,0,0,37,1
0,2,0,584,1
0,0,0,31,1
2,0,0,458,0
0,2,0,564,1
0,0,0,80,1
0,2,0,587,1
0,1,0,2639,1
0,2,0,563,1
3,7,0,9797,0
2,0,0,995,1
1,0,0,131,1
3,0,0,1412,0
0,2,0,3103,0
0,0,0,1304,0
2,0,0,1548,0
4,0,0,2938,0
1,0,0,107,1
3,1,0,748,0
1,0,0,463,1
1,0,0,79,1
6,0,0,5165,0
0,2,0,586,1
3,1,0,753,0
4,5,0,1605,0
0,2,0,564,1
0,2,0,563,1
0,2,0,2332,0
0,2,0,590,1
3,2,0,2763,0
3,0,0,1135,0
2,0,0,145,1
1,0,0,356,1
0,2,0,558,1
1,0,0,495,0
1,0,0,174,1
1,0,0,307,1
1,0,0,1602,0
1,0,0,167,1
1,0,0,319,1
1,0,0,169,1
0,0,0,853,1
0,0,0,511,0
0,0,0,308,1
0,2,0,570,1
1,0,0,184,1
0,1,0,760,0
7,1,0,981,0
0,0,0,554,0
2,3,0,5203,0
0,2,0,563,1
3,0,0,889,0
0,2,0,566,1
1,0,0,283,1
1,0,0,226,1
0,0,0,929,0
1,1,0,50,1
1,0,0,1380,0
0,2,0,565,1
0,2,0,591,1
0,0,0,360,0
0,0,0,934,0
0,3,0,3764,0
0,2,0,571,1
1,0,0,1499,0
0,2,0,587,1
4,2,0,947,0
1,4,0,1168,0
0,0,0,410,0
2,0,0,156,1
0,0,0,24,1
1,0,0,1592,0
1,0,0,293,1
0,2,0,562,1
1,0,0,351,1
0,0,0,318,0
1,0,0,106,1
1,0,0,514,0
3,0,0,932,0
0,2,0,569,1
5,0,0,2152,0
0,1,0,853,0
7,1,0,1576,0
0,0,0,767,0
2,2,0,4654,1
0,1,0,1025,0
0,0,0,59,1
0,2,0,1389,0
0,2,0,576,1
0,2,0,834,0
0,0,0,95,1
1,0,0,106,1
26,1,0,3960,0
0,2,0,584,1
5,0,0,951,0
2,0,0,1433,0
0,0,0,866,0
0,2,0,561,1
2,0,0,513,0
1,0,0,713,1
5,1,0,1733,0
1,0,0,160,1
1,0,0,113,1
2,0,0,1309,0
1,0,0,718,1
4,0,0,1112,0
0,2,0,607,1
0,0,0,802,0
1,0,0,84,1
0,0,0,643,0
2,0,0,323,0
0,1,0,3321,0
0,2,0,594,1
0,2,0,584,1
2,1,0,452,0
0,0,0,464,0
3,0,0,522,0
1,0,0,78,1
0,2,0,588,1
0,2,0,560,1
0,2,0,584,1
2,0,0,940,0
0,2,0,562,1
1,0,0,86,1
1,0,0,312,1
3,0,0,2297,0
0,0,0,664,0
0,2,0,607,1
1,0,0,363,1
0,0,0,55,1
0,0,0,720,1
1,0,0,403,1
0,0,0,171,0
0,2,0,585,1
0,1,0,929,0
1,6,0,1931,0
2,0,0,513,0
0,2,0,561,1
7,6,0,2727,0
3,0,0,1042,0
1,0,0,199,1
1,0,0,177,1
0,2,0,577,1
5,0,0,2553,0
0,0,0,54,1
1,0,0,360,0
0,0,0,52,1
2,0,0,591,0
0,0,0,57,1
1,0,0,137,1
0,0,0,384,0
2,0,0,726,0
0,0,0,878,0
0,0,0,971,0
0,1,0,1180,0
2,0,0,1754,0
1,0,0,121,1
0,0,0,622,0
1,0,0,94,1
0,0,0,201,1
1,0,0,2168,0
3,1,0,353,0
1,0,0,1210,0
1,0,0,76,1
2,0,0,845,0
1,0,0,1034,0
3,1,0,361,0
0,2,0,562,1
0,0,0,1570,0
3,1,0,354,0
6,1,0,4066,0
2,0,0,616,0
1,0,0,131,1
1,0,0,112,1
0,2,0,114,1
5,0,0,5031,0
0,2,0,573,1
2,0,0,2933,0
1,0,0,155,1
1,0,0,584,0
0,2,0,554,1
3,1,0,351,0
3,1,0,367,0
0,1,0,978,0
3,1,0,361,0
1,4,0,3796,0
1,1,0,1977,0
25,2,0,4425,0
1,1,0,2510,0
0,2,0,2714,0
3,1,0,352,0
0,2,0,579,1
0,0,0,75,1
3,0,0,826,1
0,2,0,568,1
0,2,0,584,1
0,2,0,559,1
0,0,0,24,1
0,2,0,563,1
0,0,0,180,1
1,0,0,562,0
0,0,0,24,1
0,2,0,564,1
2,0,0,1076,0
0,0,0,53,1
3,1,0,358,0
1,0,0,109,1
1,0,0,623,0
0,2,0,562,1
0,2,0,562,1
0,2,0,567,1
3,1,0,362,0
3,1,0,361,0
1,0,0,377,0
1,0,0,810,0
0,2,0,561,1
0,2,0,588,1
11,3,0,4223,0
0,2,0,603,1
0,2,0,594,1
0,2,0,571,1
1,0,0,223,1
0,2,0,587,1
8,6,0,2889,0
0,2,0,562,1
0,2,0,570,1
0,2,0,585,1
0,2,0,587,1
1,0,0,93,1
2,0,0,505,0
1,11,0,33435,0
1,0,0,268,1
1,0,0,92,1
0,0,0,269,1
0,2,0,583,1
1,1,0,777,0
0,2,0,562,1
0,2,0,562,1
0,2,0,574,1
0,2,0,586,1
3,1,0,364,0
1,1,0,1912,0
2,0,0,1176,0
0,2,0,576,1
0,2,0,587,1
0,2,0,583,1
3,3,0,748,0
0,0,0,3524,0
0,1,0,832,1
3,1,0,361,0
1,0,0,79,1
0,2,0,562,1
1,0,0,426,0
0,2,0,593,1
0,2,0,567,1
0,2,0,584,1
0,2,0,570,1
2,2,0,341,0
0,2,0,594,1
1,0,0,88,1
1,0,0,84,1
2,2,0,341,0
0,2,0,559,1
0,0,0,283,0
4,3,0,2237,0
0,2,0,571,1
1,1,0,1588,0
7,0,0,2408,0
0,0,0,259,0
0,2,0,587,1
0,2,0,589,1
0,2,0,561,1
0,1,0,115,1
1,5,0,1720,0
0,3,0,103,0
2,0,0,734,1
0,2,0,583,1
0,2,0,591,1
1,0,0,67,1
1,0,0,392,1
1,0,0,260,1
1,0,0,78,1
0,2,0,592,1
2,0,0,1075,0
0,1,0,203,1
0,2,0,566,1
0,2,0,573,1
0,0,0,289,0
0,1,0,646,0
3,1,0,2952,0
